[13-Jul-2025 16:56:17 UTC] PHP Notice:  Function _load_textdomain_just_in_time was called <strong>incorrectly</strong>. Translation loading for the <code>happyforms</code> domain was triggered too early. This is usually an indicator for some code in the plugin or theme running too early. Translations should be loaded at the <code>init</code> action or later. Please see <a href="https://developer.wordpress.org/advanced-administration/debug/debug-wordpress/">Debugging in WordPress</a> for more information. (This message was added in version 6.7.0.) in /var/www/html/wp-includes/functions.php on line 6121
[13-Jul-2025 16:56:34 UTC] PHP Notice:  Function _load_textdomain_just_in_time was called <strong>incorrectly</strong>. Translation loading for the <code>happyforms</code> domain was triggered too early. This is usually an indicator for some code in the plugin or theme running too early. Translations should be loaded at the <code>init</code> action or later. Please see <a href="https://developer.wordpress.org/advanced-administration/debug/debug-wordpress/">Debugging in WordPress</a> for more information. (This message was added in version 6.7.0.) in /var/www/html/wp-includes/functions.php on line 6121
[14-Jul-2025 11:17:36 UTC] PHP Notice:  Function _load_textdomain_just_in_time was called <strong>incorrectly</strong>. Translation loading for the <code>happyforms</code> domain was triggered too early. This is usually an indicator for some code in the plugin or theme running too early. Translations should be loaded at the <code>init</code> action or later. Please see <a href="https://developer.wordpress.org/advanced-administration/debug/debug-wordpress/">Debugging in WordPress</a> for more information. (This message was added in version 6.7.0.) in /var/www/html/wp-includes/functions.php on line 6121
[14-Jul-2025 11:17:36 UTC] PHP Notice:  Function _load_textdomain_just_in_time was called <strong>incorrectly</strong>. Translation loading for the <code>happyforms</code> domain was triggered too early. This is usually an indicator for some code in the plugin or theme running too early. Translations should be loaded at the <code>init</code> action or later. Please see <a href="https://developer.wordpress.org/advanced-administration/debug/debug-wordpress/">Debugging in WordPress</a> for more information. (This message was added in version 6.7.0.) in /var/www/html/wp-includes/functions.php on line 6121
[14-Jul-2025 11:17:37 UTC] [DEBUG] handle_course_key_activation called
[14-Jul-2025 11:17:37 UTC] [DEBUG] Looking for key: KEY_ABC123
[14-Jul-2025 11:17:37 UTC] PHP Deprecated:  Function get_page_by_title is <strong>deprecated</strong> since version 6.2.0! Use WP_Query instead. in /var/www/html/wp-includes/functions.php on line 6121
[14-Jul-2025 11:17:37 UTC] [DEBUG] Key found, ID: 166
[14-Jul-2025 11:17:37 UTC] [ERROR] tutor_enroll_a_student does not exist!
[14-Jul-2025 11:17:37 UTC] [DEBUG] Available functions: Array
(
    [0] => _wp_can_use_pcre_u
    [1] => _is_utf8_charset
    [2] => _mb_substr
    [3] => _mb_strlen
    [4] => _
    [5] => array_find
    [6] => array_find_key
    [7] => array_any
    [8] => array_all
    [9] => wp_get_server_protocol
    [10] => wp_fix_server_vars
    [11] => wp_populate_basic_auth_from_authorization_header
    [12] => wp_check_php_mysql_versions
    [13] => wp_get_environment_type
    [14] => wp_get_development_mode
    [15] => wp_is_development_mode
    [16] => wp_favicon_request
    [17] => wp_maintenance
    [18] => wp_is_maintenance_mode
    [19] => timer_float
    [20] => timer_start
    [21] => timer_stop
    [22] => wp_debug_mode
    [23] => wp_set_lang_dir
    [24] => require_wp_db
    [25] => wp_set_wpdb_vars
    [26] => wp_using_ext_object_cache
    [27] => wp_start_object_cache
    [28] => wp_not_installed
    [29] => wp_get_mu_plugins
    [30] => wp_get_active_and_valid_plugins
    [31] => wp_skip_paused_plugins
    [32] => wp_get_active_and_valid_themes
    [33] => wp_skip_paused_themes
    [34] => wp_is_recovery_mode
    [35] => is_protected_endpoint
    [36] => is_protected_ajax_action
    [37] => wp_set_internal_encoding
    [38] => wp_magic_quotes
    [39] => shutdown_action_hook
    [40] => wp_clone
    [41] => is_login
    [42] => is_admin
    [43] => is_blog_admin
    [44] => is_network_admin
    [45] => is_user_admin
    [46] => is_multisite
    [47] => absint
    [48] => get_current_blog_id
    [49] => get_current_network_id
    [50] => wp_load_translations_early
    [51] => wp_installing
    [52] => is_ssl
    [53] => wp_convert_hr_to_bytes
    [54] => wp_is_ini_value_changeable
    [55] => wp_doing_ajax
    [56] => wp_using_themes
    [57] => wp_doing_cron
    [58] => is_wp_error
    [59] => wp_is_file_mod_allowed
    [60] => wp_start_scraping_edited_file_errors
    [61] => wp_finalize_scraping_edited_file_errors
    [62] => wp_is_json_request
    [63] => wp_is_jsonp_request
    [64] => wp_is_json_media_type
    [65] => wp_is_xml_request
    [66] => wp_is_site_protected_by_basic_auth
    [67] => wp_paused_plugins
    [68] => wp_paused_themes
    [69] => wp_get_extension_error_description
    [70] => wp_register_fatal_error_handler
    [71] => wp_is_fatal_error_handler_enabled
    [72] => wp_recovery_mode
    [73] => wp_initial_constants
    [74] => wp_plugin_directory_constants
    [75] => wp_cookie_constants
    [76] => wp_ssl_constants
    [77] => wp_functionality_constants
    [78] => wp_templating_constants
    [79] => add_filter
    [80] => apply_filters
    [81] => apply_filters_ref_array
    [82] => has_filter
    [83] => remove_filter
    [84] => remove_all_filters
    [85] => current_filter
    [86] => doing_filter
    [87] => did_filter
    [88] => add_action
    [89] => do_action
    [90] => do_action_ref_array
    [91] => has_action
    [92] => remove_action
    [93] => remove_all_actions
    [94] => current_action
    [95] => doing_action
    [96] => did_action
    [97] => apply_filters_deprecated
    [98] => do_action_deprecated
    [99] => plugin_basename
    [100] => wp_register_plugin_realpath
    [101] => plugin_dir_path
    [102] => plugin_dir_url
    [103] => register_activation_hook
    [104] => register_deactivation_hook
    [105] => register_uninstall_hook
    [106] => _wp_call_all_hook
    [107] => _wp_filter_build_unique_id
    [108] => wptexturize
    [109] => wptexturize_primes
    [110] => _wptexturize_pushpop_element
    [111] => wpautop
    [112] => wp_html_split
    [113] => get_html_split_regex
    [114] => _get_wptexturize_split_regex
    [115] => _get_wptexturize_shortcode_regex
    [116] => wp_replace_in_html_tags
    [117] => _autop_newline_preservation_helper
    [118] => shortcode_unautop
    [119] => seems_utf8
    [120] => _wp_specialchars
    [121] => wp_specialchars_decode
    [122] => wp_check_invalid_utf8
    [123] => utf8_uri_encode
    [124] => remove_accents
    [125] => sanitize_file_name
    [126] => sanitize_user
    [127] => sanitize_key
    [128] => sanitize_title
    [129] => sanitize_title_for_query
    [130] => sanitize_title_with_dashes
    [131] => sanitize_sql_orderby
    [132] => sanitize_html_class
    [133] => sanitize_locale_name
    [134] => convert_chars
    [135] => convert_invalid_entities
    [136] => balancetags
    [137] => force_balance_tags
    [138] => format_to_edit
    [139] => zeroise
    [140] => backslashit
    [141] => trailingslashit
    [142] => untrailingslashit
    [143] => addslashes_gpc
    [144] => stripslashes_deep
    [145] => stripslashes_from_strings_only
    [146] => urlencode_deep
    [147] => rawurlencode_deep
    [148] => urldecode_deep
    [149] => antispambot
    [150] => _make_url_clickable_cb
    [151] => _make_web_ftp_clickable_cb
    [152] => _make_email_clickable_cb
    [153] => _make_clickable_rel_attr
    [154] => make_clickable
    [155] => _split_str_by_whitespace
    [156] => wp_rel_callback
    [157] => wp_rel_nofollow
    [158] => wp_rel_nofollow_callback
    [159] => wp_rel_ugc
    [160] => wp_targeted_link_rel
    [161] => wp_targeted_link_rel_callback
    [162] => wp_init_targeted_link_rel_filters
    [163] => wp_remove_targeted_link_rel_filters
    [164] => translate_smiley
    [165] => convert_smilies
    [166] => is_email
    [167] => wp_iso_descrambler
    [168] => _wp_iso_convert
    [169] => get_gmt_from_date
    [170] => get_date_from_gmt
    [171] => iso8601_timezone_to_offset
    [172] => iso8601_to_datetime
    [173] => sanitize_email
    [174] => human_time_diff
    [175] => wp_trim_excerpt
    [176] => wp_trim_words
    [177] => ent2ncr
    [178] => format_for_editor
    [179] => _deep_replace
    [180] => esc_sql
    [181] => esc_url
    [182] => esc_url_raw
    [183] => sanitize_url
    [184] => htmlentities2
    [185] => esc_js
    [186] => esc_html
    [187] => esc_attr
    [188] => esc_textarea
    [189] => esc_xml
    [190] => tag_escape
    [191] => wp_make_link_relative
    [192] => sanitize_option
    [193] => map_deep
    [194] => wp_parse_str
    [195] => wp_pre_kses_less_than
    [196] => wp_pre_kses_less_than_callback
    [197] => wp_pre_kses_block_attributes
    [198] => wp_sprintf
    [199] => wp_sprintf_l
    [200] => wp_html_excerpt
    [201] => links_add_base_url
    [202] => _links_add_base
    [203] => links_add_target
    [204] => _links_add_target
    [205] => normalize_whitespace
    [206] => wp_strip_all_tags
    [207] => sanitize_text_field
    [208] => sanitize_textarea_field
    [209] => _sanitize_text_fields
    [210] => wp_basename
    [211] => capital_p_dangit
    [212] => sanitize_mime_type
    [213] => sanitize_trackback_urls
    [214] => wp_slash
    [215] => wp_unslash
    [216] => get_url_in_content
    [217] => wp_spaces_regexp
    [218] => wp_enqueue_emoji_styles
    [219] => print_emoji_detection_script
    [220] => _print_emoji_detection_script
    [221] => wp_encode_emoji
    [222] => wp_staticize_emoji
    [223] => wp_staticize_emoji_for_email
    [224] => _wp_emoji_list
    [225] => url_shorten
    [226] => sanitize_hex_color
    [227] => sanitize_hex_color_no_hash
    [228] => maybe_hash_hex_color
    [229] => add_metadata
    [230] => update_metadata
    [231] => delete_metadata
    [232] => get_metadata
    [233] => get_metadata_raw
    [234] => get_metadata_default
    [235] => metadata_exists
    [236] => get_metadata_by_mid
    [237] => update_metadata_by_mid
    [238] => delete_metadata_by_mid
    [239] => update_meta_cache
    [240] => wp_metadata_lazyloader
    [241] => get_meta_sql
    [242] => _get_meta_table
    [243] => is_protected_meta
    [244] => sanitize_meta
    [245] => register_meta
    [246] => filter_default_metadata
    [247] => registered_meta_key_exists
    [248] => unregister_meta_key
    [249] => get_registered_meta_keys
    [250] => get_registered_metadata
    [251] => _wp_register_meta_args_allowed_list
    [252] => get_object_subtype
    [253] => mysql2date
    [254] => current_time
    [255] => current_datetime
    [256] => wp_timezone_string
    [257] => wp_timezone
    [258] => date_i18n
    [259] => wp_date
    [260] => wp_maybe_decline_date
    [261] => number_format_i18n
    [262] => size_format
    [263] => human_readable_duration
    [264] => get_weekstartend
    [265] => maybe_serialize
    [266] => maybe_unserialize
    [267] => is_serialized
    [268] => is_serialized_string
    [269] => xmlrpc_getposttitle
    [270] => xmlrpc_getpostcategory
    [271] => xmlrpc_removepostdata
    [272] => wp_extract_urls
    [273] => do_enclose
    [274] => wp_get_http_headers
    [275] => is_new_day
    [276] => build_query
    [277] => _http_build_query
    [278] => add_query_arg
    [279] => remove_query_arg
    [280] => wp_removable_query_args
    [281] => add_magic_quotes
    [282] => wp_remote_fopen
    [283] => wp
    [284] => get_status_header_desc
    [285] => status_header
    [286] => wp_get_nocache_headers
    [287] => nocache_headers
    [288] => cache_javascript_headers
    [289] => get_num_queries
    [290] => bool_from_yn
    [291] => do_feed
    [292] => do_feed_rdf
    [293] => do_feed_rss
    [294] => do_feed_rss2
    [295] => do_feed_atom
    [296] => do_robots
    [297] => do_favicon
    [298] => is_blog_installed
    [299] => wp_nonce_url
    [300] => wp_nonce_field
    [301] => wp_referer_field
    [302] => wp_original_referer_field
    [303] => wp_get_referer
    [304] => wp_get_raw_referer
    [305] => wp_get_original_referer
    [306] => wp_mkdir_p
    [307] => path_is_absolute
    [308] => path_join
    [309] => wp_normalize_path
    [310] => get_temp_dir
    [311] => wp_is_writable
    [312] => win_is_writable
    [313] => wp_get_upload_dir
    [314] => wp_upload_dir
    [315] => _wp_upload_dir
    [316] => wp_unique_filename
    [317] => _wp_check_alternate_file_names
    [318] => _wp_check_existing_file_names
    [319] => wp_upload_bits
    [320] => wp_ext2type
    [321] => wp_get_default_extension_for_mime_type
    [322] => wp_check_filetype
    [323] => wp_check_filetype_and_ext
    [324] => wp_get_image_mime
    [325] => wp_get_mime_types
    [326] => wp_get_ext_types
    [327] => wp_filesize
    [328] => get_allowed_mime_types
    [329] => wp_nonce_ays
    [330] => wp_die
    [331] => _default_wp_die_handler
    [332] => _ajax_wp_die_handler
    [333] => _json_wp_die_handler
    [334] => _jsonp_wp_die_handler
    [335] => _xmlrpc_wp_die_handler
    [336] => _xml_wp_die_handler
    [337] => _scalar_wp_die_handler
    [338] => _wp_die_process_input
    [339] => wp_json_encode
    [340] => _wp_json_sanity_check
    [341] => _wp_json_convert_string
    [342] => _wp_json_prepare_data
    [343] => wp_send_json
    [344] => wp_send_json_success
    [345] => wp_send_json_error
    [346] => wp_check_jsonp_callback
    [347] => wp_json_file_decode
    [348] => _config_wp_home
    [349] => _config_wp_siteurl
    [350] => _delete_option_fresh_site
    [351] => _mce_set_direction
    [352] => wp_is_serving_rest_request
    [353] => smilies_init
    [354] => wp_parse_args
    [355] => wp_parse_list
    [356] => wp_parse_id_list
    [357] => wp_parse_slug_list
    [358] => wp_array_slice_assoc
    [359] => wp_recursive_ksort
    [360] => _wp_array_get
    [361] => _wp_array_set
    [362] => _wp_to_kebab_case
    [363] => wp_is_numeric_array
    [364] => wp_filter_object_list
    [365] => wp_list_filter
    [366] => wp_list_pluck
    [367] => wp_list_sort
    [368] => wp_maybe_load_widgets
    [369] => wp_widgets_add_menu
    [370] => wp_ob_end_flush_all
    [371] => dead_db
    [372] => _deprecated_function
    [373] => _deprecated_constructor
    [374] => _deprecated_class
    [375] => _deprecated_file
    [376] => _deprecated_argument
    [377] => _deprecated_hook
    [378] => _doing_it_wrong
    [379] => wp_trigger_error
    [380] => is_lighttpd_before_150
    [381] => apache_mod_loaded
    [382] => iis7_supports_permalinks
    [383] => validate_file
    [384] => force_ssl_admin
    [385] => wp_guess_url
    [386] => wp_suspend_cache_addition
    [387] => wp_suspend_cache_invalidation
    [388] => is_main_site
    [389] => get_main_site_id
    [390] => is_main_network
    [391] => get_main_network_id
    [392] => is_site_meta_supported
    [393] => wp_timezone_override_offset
    [394] => _wp_timezone_choice_usort_callback
    [395] => wp_timezone_choice
    [396] => _cleanup_header_comment
    [397] => wp_scheduled_delete
    [398] => get_file_data
    [399] => __return_true
    [400] => __return_false
    [401] => __return_zero
    [402] => __return_empty_array
    [403] => __return_null
    [404] => __return_empty_string
    [405] => send_nosniff_header
    [406] => _wp_mysql_week
    [407] => wp_find_hierarchy_loop
    [408] => wp_find_hierarchy_loop_tortoise_hare
    [409] => send_frame_options_header
    [410] => wp_admin_headers
    [411] => wp_allowed_protocols
    [412] => wp_debug_backtrace_summary
    [413] => _get_non_cached_ids
    [414] => _validate_cache_id
    [415] => _device_can_upload
    [416] => wp_is_stream
    [417] => wp_checkdate
    [418] => wp_auth_check_load
    [419] => wp_auth_check_html
    [420] => wp_auth_check
    [421] => get_tag_regex
    [422] => is_utf8_charset
    [423] => _canonical_charset
    [424] => mbstring_binary_safe_encoding
    [425] => reset_mbstring_encoding
    [426] => wp_validate_boolean
    [427] => wp_delete_file
    [428] => wp_delete_file_from_directory
    [429] => wp_post_preview_js
    [430] => mysql_to_rfc3339
    [431] => wp_raise_memory_limit
    [432] => wp_generate_uuid4
    [433] => wp_is_uuid
    [434] => wp_unique_id
    [435] => wp_unique_prefixed_id
    [436] => wp_cache_get_last_changed
    [437] => wp_cache_set_last_changed
    [438] => wp_site_admin_email_change_notification
    [439] => wp_privacy_anonymize_ip
    [440] => wp_privacy_anonymize_data
    [441] => wp_privacy_exports_dir
    [442] => wp_privacy_exports_url
    [443] => wp_schedule_delete_old_privacy_export_files
    [444] => wp_privacy_delete_old_export_files
    [445] => wp_get_update_php_url
    [446] => wp_get_default_update_php_url
    [447] => wp_update_php_annotation
    [448] => wp_get_update_php_annotation
    [449] => wp_get_direct_php_update_url
    [450] => wp_direct_php_update_button
    [451] => wp_get_update_https_url
    [452] => wp_get_default_update_https_url
    [453] => wp_get_direct_update_https_url
    [454] => get_dirsize
    [455] => recurse_dirsize
    [456] => clean_dirsize_cache
    [457] => wp_get_wp_version
    [458] => is_wp_version_compatible
    [459] => is_php_version_compatible
    [460] => wp_fuzzy_number_match
    [461] => wp_get_admin_notice
    [462] => wp_admin_notice
    [463] => wp_is_heic_image_mime_type
    [464] => wp_fast_hash
    [465] => wp_verify_fast_hash
    [466] => wp_unique_id_from_values
    [467] => get_option
    [468] => wp_prime_option_caches
    [469] => wp_prime_option_caches_by_group
    [470] => get_options
    [471] => wp_set_option_autoload_values
    [472] => wp_set_options_autoload
    [473] => wp_set_option_autoload
    [474] => wp_protect_special_option
    [475] => form_option
    [476] => wp_load_alloptions
    [477] => wp_prime_site_option_caches
    [478] => wp_prime_network_option_caches
    [479] => wp_load_core_site_options
    [480] => update_option
    [481] => add_option
    [482] => delete_option
    [483] => wp_determine_option_autoload_value
    [484] => wp_filter_default_autoload_value_via_option_size
    [485] => delete_transient
    [486] => get_transient
    [487] => set_transient
    [488] => delete_expired_transients
    [489] => wp_user_settings
    [490] => get_user_setting
    [491] => set_user_setting
    [492] => delete_user_setting
    [493] => get_all_user_settings
    [494] => wp_set_all_user_settings
    [495] => delete_all_user_settings
    [496] => get_site_option
    [497] => add_site_option
    [498] => delete_site_option
    [499] => update_site_option
    [500] => get_network_option
    [501] => add_network_option
    [502] => delete_network_option
    [503] => update_network_option
    [504] => delete_site_transient
    [505] => get_site_transient
    [506] => set_site_transient
    [507] => register_initial_settings
    [508] => register_setting
    [509] => unregister_setting
    [510] => get_registered_settings
    [511] => filter_default_option
    [512] => wp_autoload_values_to_autoload
    [513] => wp_cache_init
    [514] => wp_cache_add
    [515] => wp_cache_add_multiple
    [516] => wp_cache_replace
    [517] => wp_cache_set
    [518] => wp_cache_set_multiple
    [519] => wp_cache_get
    [520] => wp_cache_get_multiple
    [521] => wp_cache_delete
    [522] => wp_cache_delete_multiple
    [523] => wp_cache_incr
    [524] => wp_cache_decr
    [525] => wp_cache_flush
    [526] => wp_cache_flush_runtime
    [527] => wp_cache_flush_group
    [528] => wp_cache_supports
    [529] => wp_cache_close
    [530] => wp_cache_add_global_groups
    [531] => wp_cache_add_non_persistent_groups
    [532] => wp_cache_switch_to_blog
    [533] => wp_cache_reset
    [534] => get_locale
    [535] => get_user_locale
    [536] => determine_locale
    [537] => translate
    [538] => before_last_bar
    [539] => translate_with_gettext_context
    [540] => __
    [541] => esc_attr__
    [542] => esc_html__
    [543] => _e
    [544] => esc_attr_e
    [545] => esc_html_e
    [546] => _x
    [547] => _ex
    [548] => esc_attr_x
    [549] => esc_html_x
    [550] => _n
    [551] => _nx
    [552] => _n_noop
    [553] => _nx_noop
    [554] => translate_nooped_plural
    [555] => load_textdomain
    [556] => unload_textdomain
    [557] => load_default_textdomain
    [558] => load_plugin_textdomain
    [559] => load_muplugin_textdomain
    [560] => load_theme_textdomain
    [561] => load_child_theme_textdomain
    [562] => load_script_textdomain
    [563] => load_script_translations
    [564] => _load_textdomain_just_in_time
    [565] => get_translations_for_domain
    [566] => is_textdomain_loaded
    [567] => translate_user_role
    [568] => get_available_languages
    [569] => wp_get_installed_translations
    [570] => wp_get_pomo_file_data
    [571] => wp_get_l10n_php_file_data
    [572] => wp_dropdown_languages
    [573] => is_rtl
    [574] => switch_to_locale
    [575] => switch_to_user_locale
    [576] => restore_previous_locale
    [577] => restore_current_locale
    [578] => is_locale_switched
    [579] => translate_settings_using_i18n_schema
    [580] => wp_get_list_item_separator
    [581] => wp_get_word_count_type
    [582] => has_translation
    [583] => map_meta_cap
    [584] => current_user_can
    [585] => current_user_can_for_site
    [586] => author_can
    [587] => user_can
    [588] => user_can_for_site
    [589] => wp_roles
    [590] => get_role
    [591] => add_role
    [592] => remove_role
    [593] => get_super_admins
    [594] => is_super_admin
    [595] => grant_super_admin
    [596] => revoke_super_admin
    [597] => wp_maybe_grant_install_languages_cap
    [598] => wp_maybe_grant_resume_extensions_caps
    [599] => wp_maybe_grant_site_health_caps
    [600] => get_query_var
    [601] => get_queried_object
    [602] => get_queried_object_id
    [603] => set_query_var
    [604] => query_posts
    [605] => wp_reset_query
    [606] => wp_reset_postdata
    [607] => is_archive
    [608] => is_post_type_archive
    [609] => is_attachment
    [610] => is_author
    [611] => is_category
    [612] => is_tag
    [613] => is_tax
    [614] => is_date
    [615] => is_day
    [616] => is_feed
    [617] => is_comment_feed
    [618] => is_front_page
    [619] => is_home
    [620] => is_privacy_policy
    [621] => is_month
    [622] => is_page
    [623] => is_paged
    [624] => is_preview
    [625] => is_robots
    [626] => is_favicon
    [627] => is_search
    [628] => is_single
    [629] => is_singular
    [630] => is_time
    [631] => is_trackback
    [632] => is_year
    [633] => is_404
    [634] => is_embed
    [635] => is_main_query
    [636] => have_posts
    [637] => in_the_loop
    [638] => rewind_posts
    [639] => the_post
    [640] => have_comments
    [641] => the_comment
    [642] => wp_old_slug_redirect
    [643] => _find_post_by_old_slug
    [644] => _find_post_by_old_date
    [645] => setup_postdata
    [646] => generate_postdata
    [647] => wp_get_themes
    [648] => wp_get_theme
    [649] => wp_clean_themes_cache
    [650] => is_child_theme
    [651] => get_stylesheet
    [652] => get_stylesheet_directory
    [653] => get_stylesheet_directory_uri
    [654] => get_stylesheet_uri
    [655] => get_locale_stylesheet_uri
    [656] => get_template
    [657] => get_template_directory
    [658] => get_template_directory_uri
    [659] => get_theme_roots
    [660] => register_theme_directory
    [661] => search_theme_directories
    [662] => get_theme_root
    [663] => get_theme_root_uri
    [664] => get_raw_theme_root
    [665] => locale_stylesheet
    [666] => switch_theme
    [667] => validate_current_theme
    [668] => validate_theme_requirements
    [669] => get_theme_mods
    [670] => get_theme_mod
    [671] => set_theme_mod
    [672] => remove_theme_mod
    [673] => remove_theme_mods
    [674] => get_header_textcolor
    [675] => header_textcolor
    [676] => display_header_text
    [677] => has_header_image
    [678] => get_header_image
    [679] => get_header_image_tag
    [680] => the_header_image_tag
    [681] => _get_random_header_data
    [682] => get_random_header_image
    [683] => is_random_header_image
    [684] => header_image
    [685] => get_uploaded_header_images
    [686] => get_custom_header
    [687] => register_default_headers
    [688] => unregister_default_headers
    [689] => has_header_video
    [690] => get_header_video_url
    [691] => the_header_video_url
    [692] => get_header_video_settings
    [693] => has_custom_header
    [694] => is_header_video_active
    [695] => get_custom_header_markup
    [696] => the_custom_header_markup
    [697] => get_background_image
    [698] => background_image
    [699] => get_background_color
    [700] => background_color
    [701] => _custom_background_cb
    [702] => wp_custom_css_cb
    [703] => wp_get_custom_css_post
    [704] => wp_get_custom_css
    [705] => wp_update_custom_css_post
    [706] => add_editor_style
    [707] => remove_editor_styles
    [708] => get_editor_stylesheets
    [709] => get_theme_starter_content
    [710] => add_theme_support
    [711] => _custom_header_background_just_in_time
    [712] => _custom_logo_header_styles
    [713] => get_theme_support
    [714] => remove_theme_support
    [715] => _remove_theme_support
    [716] => current_theme_supports
    [717] => require_if_theme_supports
    [718] => register_theme_feature
    [719] => get_registered_theme_features
    [720] => get_registered_theme_feature
    [721] => _delete_attachment_theme_mod
    [722] => check_theme_switched
    [723] => _wp_customize_include
    [724] => _wp_customize_publish_changeset
    [725] => _wp_customize_changeset_filter_insert_post_data
    [726] => _wp_customize_loader_settings
    [727] => wp_customize_url
    [728] => wp_customize_support_script
    [729] => is_customize_preview
    [730] => _wp_keep_alive_customize_changeset_dependent_auto_drafts
    [731] => create_initial_theme_features
    [732] => wp_is_block_theme
    [733] => wp_theme_get_element_class_name
    [734] => _add_default_theme_supports
    [735] => wp_get_global_settings
    [736] => wp_get_global_styles
    [737] => wp_get_global_stylesheet
    [738] => wp_add_global_styles_for_blocks
    [739] => wp_get_block_name_from_theme_json_path
    [740] => wp_theme_has_theme_json
    [741] => wp_clean_theme_json_cache
    [742] => wp_get_theme_directory_pattern_slugs
    [743] => wp_get_theme_data_custom_templates
    [744] => wp_get_theme_data_template_parts
    [745] => wp_get_block_css_selector
    [746] => get_block_theme_folders
    [747] => get_allowed_block_template_part_areas
    [748] => get_default_block_template_types
    [749] => _filter_block_template_part_area
    [750] => _get_block_templates_paths
    [751] => _get_block_template_file
    [752] => _get_block_templates_files
    [753] => _add_block_template_info
    [754] => _add_block_template_part_area_info
    [755] => _flatten_blocks
    [756] => _inject_theme_attribute_in_template_part_block
    [757] => _remove_theme_attribute_from_template_part_block
    [758] => _build_block_template_result_from_file
    [759] => _wp_build_title_and_description_for_single_post_type_block_template
    [760] => _wp_build_title_and_description_for_taxonomy_block_template
    [761] => _build_block_template_object_from_post_object
    [762] => _build_block_template_result_from_post
    [763] => get_block_templates
    [764] => get_block_template
    [765] => get_block_file_template
    [766] => block_template_part
    [767] => block_header_area
    [768] => block_footer_area
    [769] => wp_is_theme_directory_ignored
    [770] => wp_generate_block_templates_export_file
    [771] => get_template_hierarchy
    [772] => inject_ignored_hooked_blocks_metadata_attributes
    [773] => _add_template_loader_filters
    [774] => wp_render_empty_block_template_warning
    [775] => locate_block_template
    [776] => resolve_block_template
    [777] => _block_template_render_title_tag
    [778] => get_the_block_template_html
    [779] => _block_template_viewport_meta_tag
    [780] => _strip_template_file_suffix
    [781] => _block_template_render_without_post_block_context
    [782] => _resolve_template_for_new_post
    [783] => register_block_template
    [784] => unregister_block_template
    [785] => wp_set_unique_slug_on_create_template_part
    [786] => wp_filter_wp_template_unique_post_slug
    [787] => wp_enqueue_block_template_skip_link
    [788] => wp_enable_block_templates
    [789] => wp_get_theme_preview_path
    [790] => wp_attach_theme_preview_middleware
    [791] => wp_block_theme_activate_nonce
    [792] => wp_initialize_theme_preview_hooks
    [793] => get_query_template
    [794] => get_index_template
    [795] => get_404_template
    [796] => get_archive_template
    [797] => get_post_type_archive_template
    [798] => get_author_template
    [799] => get_category_template
    [800] => get_tag_template
    [801] => get_taxonomy_template
    [802] => get_date_template
    [803] => get_home_template
    [804] => get_front_page_template
    [805] => get_privacy_policy_template
    [806] => get_page_template
    [807] => get_search_template
    [808] => get_single_template
    [809] => get_embed_template
    [810] => get_singular_template
    [811] => get_attachment_template
    [812] => wp_set_template_globals
    [813] => locate_template
    [814] => load_template
    [815] => wp_is_using_https
    [816] => wp_is_home_url_using_https
    [817] => wp_is_site_url_using_https
    [818] => wp_is_https_supported
    [819] => wp_get_https_detection_errors
    [820] => wp_is_local_html_output
    [821] => wp_should_replace_insecure_home_url
    [822] => wp_replace_insecure_home_url
    [823] => wp_update_urls_to_https
    [824] => wp_update_https_migration_required
    [825] => wp_signon
    [826] => wp_authenticate_username_password
    [827] => wp_authenticate_email_password
    [828] => wp_authenticate_cookie
    [829] => wp_authenticate_application_password
    [830] => wp_validate_application_password
    [831] => wp_authenticate_spam_check
    [832] => wp_validate_logged_in_cookie
    [833] => count_user_posts
    [834] => count_many_users_posts
    [835] => get_current_user_id
    [836] => get_user_option
    [837] => update_user_option
    [838] => delete_user_option
    [839] => get_user
    [840] => get_users
    [841] => wp_list_users
    [842] => get_blogs_of_user
    [843] => is_user_member_of_blog
    [844] => add_user_meta
    [845] => delete_user_meta
    [846] => get_user_meta
    [847] => update_user_meta
    [848] => count_users
    [849] => get_user_count
    [850] => wp_maybe_update_user_counts
    [851] => wp_update_user_counts
    [852] => wp_schedule_update_user_counts
    [853] => wp_is_large_user_count
    [854] => setup_userdata
    [855] => wp_dropdown_users
    [856] => sanitize_user_field
    [857] => update_user_caches
    [858] => clean_user_cache
    [859] => username_exists
    [860] => email_exists
    [861] => validate_username
    [862] => wp_insert_user
    [863] => wp_update_user
    [864] => wp_create_user
    [865] => _get_additional_user_keys
    [866] => wp_get_user_contact_methods
    [867] => _wp_get_user_contactmethods
    [868] => wp_get_password_hint
    [869] => get_password_reset_key
    [870] => check_password_reset_key
    [871] => retrieve_password
    [872] => reset_password
    [873] => register_new_user
    [874] => wp_send_new_user_notifications
    [875] => wp_get_session_token
    [876] => wp_get_all_sessions
    [877] => wp_destroy_current_session
    [878] => wp_destroy_other_sessions
    [879] => wp_destroy_all_sessions
    [880] => wp_get_users_with_no_role
    [881] => _wp_get_current_user
    [882] => send_confirmation_on_profile_email
    [883] => new_user_email_admin_notice
    [884] => _wp_privacy_action_request_types
    [885] => wp_register_user_personal_data_exporter
    [886] => wp_user_personal_data_exporter
    [887] => _wp_privacy_account_request_confirmed
    [888] => _wp_privacy_send_request_confirmation_notification
    [889] => _wp_privacy_send_erasure_fulfillment_notification
    [890] => _wp_privacy_account_request_confirmed_message
    [891] => wp_create_user_request
    [892] => wp_user_request_action_description
    [893] => wp_send_user_request
    [894] => wp_generate_user_request_key
    [895] => wp_validate_user_request_key
    [896] => wp_get_user_request
    [897] => wp_is_application_passwords_supported
    [898] => wp_is_application_passwords_available
    [899] => wp_is_application_passwords_available_for_user
    [900] => wp_register_persisted_preferences_meta
    [901] => wp_cache_set_users_last_changed
    [902] => wp_is_password_reset_allowed_for_user
    [903] => get_header
    [904] => get_footer
    [905] => get_sidebar
    [906] => get_template_part
    [907] => get_search_form
    [908] => wp_loginout
    [909] => wp_logout_url
    [910] => wp_login_url
    [911] => wp_registration_url
    [912] => wp_login_form
    [913] => wp_lostpassword_url
    [914] => wp_register
    [915] => wp_meta
    [916] => bloginfo
    [917] => get_bloginfo
    [918] => get_site_icon_url
    [919] => site_icon_url
    [920] => has_site_icon
    [921] => has_custom_logo
    [922] => get_custom_logo
    [923] => the_custom_logo
    [924] => wp_get_document_title
    [925] => _wp_render_title_tag
    [926] => wp_title
    [927] => single_post_title
    [928] => post_type_archive_title
    [929] => single_cat_title
    [930] => single_tag_title
    [931] => single_term_title
    [932] => single_month_title
    [933] => the_archive_title
    [934] => get_the_archive_title
    [935] => the_archive_description
    [936] => get_the_archive_description
    [937] => get_the_post_type_description
    [938] => get_archives_link
    [939] => wp_get_archives
    [940] => calendar_week_mod
    [941] => get_calendar
    [942] => delete_get_calendar_cache
    [943] => allowed_tags
    [944] => the_date_xml
    [945] => the_date
    [946] => get_the_date
    [947] => the_modified_date
    [948] => get_the_modified_date
    [949] => the_time
    [950] => get_the_time
    [951] => get_post_time
    [952] => get_post_datetime
    [953] => get_post_timestamp
    [954] => the_modified_time
    [955] => get_the_modified_time
    [956] => get_post_modified_time
    [957] => the_weekday
    [958] => the_weekday_date
    [959] => wp_head
    [960] => wp_footer
    [961] => wp_body_open
    [962] => feed_links
    [963] => feed_links_extra
    [964] => rsd_link
    [965] => wp_strict_cross_origin_referrer
    [966] => wp_site_icon
    [967] => wp_resource_hints
    [968] => wp_preload_resources
    [969] => wp_dependencies_unique_hosts
    [970] => user_can_richedit
    [971] => wp_default_editor
    [972] => wp_editor
    [973] => wp_enqueue_editor
    [974] => wp_enqueue_code_editor
    [975] => wp_get_code_editor_settings
    [976] => get_search_query
    [977] => the_search_query
    [978] => get_language_attributes
    [979] => language_attributes
    [980] => paginate_links
    [981] => wp_admin_css_color
    [982] => register_admin_color_schemes
    [983] => wp_admin_css_uri
    [984] => wp_admin_css
    [985] => add_thickbox
    [986] => wp_generator
    [987] => the_generator
    [988] => get_the_generator
    [989] => checked
    [990] => selected
    [991] => disabled
    [992] => wp_readonly
    [993] => __checked_selected_helper
    [994] => wp_required_field_indicator
    [995] => wp_required_field_message
    [996] => wp_heartbeat_settings
    [997] => the_permalink
    [998] => user_trailingslashit
    [999] => permalink_anchor
    [1000] => wp_force_plain_post_permalink
    [1001] => get_the_permalink
    [1002] => get_permalink
    [1003] => get_post_permalink
    [1004] => get_page_link
    [1005] => _get_page_link
    [1006] => get_attachment_link
    [1007] => get_year_link
    [1008] => get_month_link
    [1009] => get_day_link
    [1010] => the_feed_link
    [1011] => get_feed_link
    [1012] => get_post_comments_feed_link
    [1013] => post_comments_feed_link
    [1014] => get_author_feed_link
    [1015] => get_category_feed_link
    [1016] => get_term_feed_link
    [1017] => get_tag_feed_link
    [1018] => get_edit_tag_link
    [1019] => edit_tag_link
    [1020] => get_edit_term_link
    [1021] => edit_term_link
    [1022] => get_search_link
    [1023] => get_search_feed_link
    [1024] => get_search_comments_feed_link
    [1025] => get_post_type_archive_link
    [1026] => get_post_type_archive_feed_link
    [1027] => get_preview_post_link
    [1028] => get_edit_post_link
    [1029] => edit_post_link
    [1030] => get_delete_post_link
    [1031] => get_edit_comment_link
    [1032] => edit_comment_link
    [1033] => get_edit_bookmark_link
    [1034] => edit_bookmark_link
    [1035] => get_edit_user_link
    [1036] => get_previous_post
    [1037] => get_next_post
    [1038] => get_adjacent_post
    [1039] => get_adjacent_post_rel_link
    [1040] => adjacent_posts_rel_link
    [1041] => adjacent_posts_rel_link_wp_head
    [1042] => next_post_rel_link
    [1043] => prev_post_rel_link
    [1044] => get_boundary_post
    [1045] => get_previous_post_link
    [1046] => previous_post_link
    [1047] => get_next_post_link
    [1048] => next_post_link
    [1049] => get_adjacent_post_link
    [1050] => adjacent_post_link
    [1051] => get_pagenum_link
    [1052] => get_next_posts_page_link
    [1053] => next_posts
    [1054] => get_next_posts_link
    [1055] => next_posts_link
    [1056] => get_previous_posts_page_link
    [1057] => previous_posts
    [1058] => get_previous_posts_link
    [1059] => previous_posts_link
    [1060] => get_posts_nav_link
    [1061] => posts_nav_link
    [1062] => get_the_post_navigation
    [1063] => the_post_navigation
    [1064] => get_the_posts_navigation
    [1065] => the_posts_navigation
    [1066] => get_the_posts_pagination
    [1067] => the_posts_pagination
    [1068] => _navigation_markup
    [1069] => get_comments_pagenum_link
    [1070] => get_next_comments_link
    [1071] => next_comments_link
    [1072] => get_previous_comments_link
    [1073] => previous_comments_link
    [1074] => paginate_comments_links
    [1075] => get_the_comments_navigation
    [1076] => the_comments_navigation
    [1077] => get_the_comments_pagination
    [1078] => the_comments_pagination
    [1079] => home_url
    [1080] => get_home_url
    [1081] => site_url
    [1082] => get_site_url
    [1083] => admin_url
    [1084] => get_admin_url
    [1085] => includes_url
    [1086] => content_url
    [1087] => plugins_url
    [1088] => network_site_url
    [1089] => network_home_url
    [1090] => network_admin_url
    [1091] => user_admin_url
    [1092] => self_admin_url
    [1093] => set_url_scheme
    [1094] => get_dashboard_url
    [1095] => get_edit_profile_url
    [1096] => wp_get_canonical_url
    [1097] => rel_canonical
    [1098] => wp_get_shortlink
    [1099] => wp_shortlink_wp_head
    [1100] => wp_shortlink_header
    [1101] => the_shortlink
    [1102] => get_avatar_url
    [1103] => is_avatar_comment_type
    [1104] => get_avatar_data
    [1105] => get_theme_file_uri
    [1106] => get_parent_theme_file_uri
    [1107] => get_theme_file_path
    [1108] => get_parent_theme_file_path
    [1109] => get_privacy_policy_url
    [1110] => the_privacy_policy_link
    [1111] => get_the_privacy_policy_link
    [1112] => wp_internal_hosts
    [1113] => wp_is_internal_link
    [1114] => get_the_author
    [1115] => the_author
    [1116] => get_the_modified_author
    [1117] => the_modified_author
    [1118] => get_the_author_meta
    [1119] => the_author_meta
    [1120] => get_the_author_link
    [1121] => the_author_link
    [1122] => get_the_author_posts
    [1123] => the_author_posts
    [1124] => get_the_author_posts_link
    [1125] => the_author_posts_link
    [1126] => get_author_posts_url
    [1127] => wp_list_authors
    [1128] => is_multi_author
    [1129] => __clear_multi_author_cache
    [1130] => wp_robots
    [1131] => wp_robots_noindex
    [1132] => wp_robots_noindex_embeds
    [1133] => wp_robots_noindex_search
    [1134] => wp_robots_no_robots
    [1135] => wp_robots_sensitive_page
    [1136] => wp_robots_max_image_preview_large
    [1137] => create_initial_post_types
    [1138] => get_attached_file
    [1139] => update_attached_file
    [1140] => _wp_relative_upload_path
    [1141] => get_children
    [1142] => get_extended
    [1143] => get_post
    [1144] => get_post_ancestors
    [1145] => get_post_field
    [1146] => get_post_mime_type
    [1147] => get_post_status
    [1148] => get_post_statuses
    [1149] => get_page_statuses
    [1150] => _wp_privacy_statuses
    [1151] => register_post_status
    [1152] => get_post_status_object
    [1153] => get_post_stati
    [1154] => is_post_type_hierarchical
    [1155] => post_type_exists
    [1156] => get_post_type
    [1157] => get_post_type_object
    [1158] => get_post_types
    [1159] => register_post_type
    [1160] => unregister_post_type
    [1161] => get_post_type_capabilities
    [1162] => _post_type_meta_capabilities
    [1163] => get_post_type_labels
    [1164] => _get_custom_object_labels
    [1165] => _add_post_type_submenus
    [1166] => add_post_type_support
    [1167] => remove_post_type_support
    [1168] => get_all_post_type_supports
    [1169] => post_type_supports
    [1170] => get_post_types_by_support
    [1171] => set_post_type
    [1172] => is_post_type_viewable
    [1173] => is_post_status_viewable
    [1174] => is_post_publicly_viewable
    [1175] => is_post_embeddable
    [1176] => get_posts
    [1177] => add_post_meta
    [1178] => delete_post_meta
    [1179] => get_post_meta
    [1180] => update_post_meta
    [1181] => delete_post_meta_by_key
    [1182] => register_post_meta
    [1183] => unregister_post_meta
    [1184] => get_post_custom
    [1185] => get_post_custom_keys
    [1186] => get_post_custom_values
    [1187] => is_sticky
    [1188] => sanitize_post
    [1189] => sanitize_post_field
    [1190] => stick_post
    [1191] => unstick_post
    [1192] => _count_posts_cache_key
    [1193] => wp_count_posts
    [1194] => wp_count_attachments
    [1195] => get_post_mime_types
    [1196] => wp_match_mime_types
    [1197] => wp_post_mime_type_where
    [1198] => wp_delete_post
    [1199] => _reset_front_page_settings_for_post
    [1200] => wp_trash_post
    [1201] => wp_untrash_post
    [1202] => wp_trash_post_comments
    [1203] => wp_untrash_post_comments
    [1204] => wp_get_post_categories
    [1205] => wp_get_post_tags
    [1206] => wp_get_post_terms
    [1207] => wp_get_recent_posts
    [1208] => wp_insert_post
    [1209] => wp_update_post
    [1210] => wp_publish_post
    [1211] => check_and_publish_future_post
    [1212] => wp_resolve_post_date
    [1213] => wp_unique_post_slug
    [1214] => _truncate_post_slug
    [1215] => wp_add_post_tags
    [1216] => wp_set_post_tags
    [1217] => wp_set_post_terms
    [1218] => wp_set_post_categories
    [1219] => wp_transition_post_status
    [1220] => wp_after_insert_post
    [1221] => add_ping
    [1222] => get_enclosed
    [1223] => get_pung
    [1224] => get_to_ping
    [1225] => trackback_url_list
    [1226] => get_all_page_ids
    [1227] => get_page
    [1228] => get_page_by_path
    [1229] => get_page_children
    [1230] => get_page_hierarchy
    [1231] => _page_traverse_name
    [1232] => get_page_uri
    [1233] => get_pages
    [1234] => is_local_attachment
    [1235] => wp_insert_attachment
    [1236] => wp_delete_attachment
    [1237] => wp_delete_attachment_files
    [1238] => wp_get_attachment_metadata
    [1239] => wp_update_attachment_metadata
    [1240] => wp_get_attachment_url
    [1241] => wp_get_attachment_caption
    [1242] => wp_get_attachment_thumb_url
    [1243] => wp_attachment_is
    [1244] => wp_attachment_is_image
    [1245] => wp_mime_type_icon
    [1246] => wp_check_for_changed_slugs
    [1247] => wp_check_for_changed_dates
    [1248] => get_private_posts_cap_sql
    [1249] => get_posts_by_author_sql
    [1250] => get_lastpostdate
    [1251] => get_lastpostmodified
    [1252] => _get_last_post_time
    [1253] => update_post_cache
    [1254] => clean_post_cache
    [1255] => update_post_caches
    [1256] => update_post_author_caches
    [1257] => update_post_parent_caches
    [1258] => update_postmeta_cache
    [1259] => clean_attachment_cache
    [1260] => _transition_post_status
    [1261] => _future_post_hook
    [1262] => _publish_post_hook
    [1263] => wp_get_post_parent_id
    [1264] => wp_check_post_hierarchy_for_loops
    [1265] => set_post_thumbnail
    [1266] => delete_post_thumbnail
    [1267] => wp_delete_auto_drafts
    [1268] => wp_queue_posts_for_term_meta_lazyload
    [1269] => _update_term_count_on_transition_post_status
    [1270] => _prime_post_caches
    [1271] => _prime_post_parent_id_caches
    [1272] => wp_add_trashed_suffix_to_post_name_for_trashed_posts
    [1273] => wp_add_trashed_suffix_to_post_name_for_post
    [1274] => wp_cache_set_posts_last_changed
    [1275] => get_available_post_mime_types
    [1276] => wp_get_original_image_path
    [1277] => wp_get_original_image_url
    [1278] => wp_untrash_post_set_previous_status
    [1279] => use_block_editor_for_post
    [1280] => use_block_editor_for_post_type
    [1281] => wp_create_initial_post_meta
    [1282] => the_id
    [1283] => get_the_id
    [1284] => the_title
    [1285] => the_title_attribute
    [1286] => get_the_title
    [1287] => the_guid
    [1288] => get_the_guid
    [1289] => the_content
    [1290] => get_the_content
    [1291] => the_excerpt
    [1292] => get_the_excerpt
    [1293] => has_excerpt
    [1294] => post_class
    [1295] => get_post_class
    [1296] => body_class
    [1297] => get_body_class
    [1298] => post_password_required
    [1299] => wp_link_pages
    [1300] => _wp_link_page
    [1301] => post_custom
    [1302] => the_meta
    [1303] => wp_dropdown_pages
    [1304] => wp_list_pages
    [1305] => wp_page_menu
    [1306] => walk_page_tree
    [1307] => walk_page_dropdown_tree
    [1308] => the_attachment_link
    [1309] => wp_get_attachment_link
    [1310] => prepend_attachment
    [1311] => get_the_password_form
    [1312] => is_page_template
    [1313] => get_page_template_slug
    [1314] => wp_post_revision_title
    [1315] => wp_post_revision_title_expanded
    [1316] => wp_list_post_revisions
    [1317] => get_post_parent
    [1318] => has_post_parent
    [1319] => _wp_post_revision_fields
    [1320] => _wp_post_revision_data
    [1321] => wp_save_post_revision_on_insert
    [1322] => wp_save_post_revision
    [1323] => wp_get_post_autosave
    [1324] => wp_is_post_revision
    [1325] => wp_is_post_autosave
    [1326] => _wp_put_post_revision
    [1327] => wp_save_revisioned_meta_fields
    [1328] => wp_get_post_revision
    [1329] => wp_restore_post_revision
    [1330] => wp_restore_post_revision_meta
    [1331] => _wp_copy_post_meta
    [1332] => wp_post_revision_meta_keys
    [1333] => wp_check_revisioned_meta_fields_have_changed
    [1334] => wp_delete_post_revision
    [1335] => wp_get_post_revisions
    [1336] => wp_get_latest_revision_id_and_total_count
    [1337] => wp_get_post_revisions_url
    [1338] => wp_revisions_enabled
    [1339] => wp_revisions_to_keep
    [1340] => _set_preview
    [1341] => _show_post_preview
    [1342] => _wp_preview_terms_filter
    [1343] => _wp_preview_post_thumbnail_filter
    [1344] => _wp_get_post_revision_version
    [1345] => _wp_upgrade_revisions_of_post
    [1346] => _wp_preview_meta_filter
    [1347] => get_post_format
    [1348] => has_post_format
    [1349] => set_post_format
    [1350] => get_post_format_strings
    [1351] => get_post_format_slugs
    [1352] => get_post_format_string
    [1353] => get_post_format_link
    [1354] => _post_format_request
    [1355] => _post_format_link
    [1356] => _post_format_get_term
    [1357] => _post_format_get_terms
    [1358] => _post_format_wp_get_object_terms
    [1359] => has_post_thumbnail
    [1360] => get_post_thumbnail_id
    [1361] => the_post_thumbnail
    [1362] => update_post_thumbnail_cache
    [1363] => get_the_post_thumbnail
    [1364] => get_the_post_thumbnail_url
    [1365] => the_post_thumbnail_url
    [1366] => get_the_post_thumbnail_caption
    [1367] => the_post_thumbnail_caption
    [1368] => get_categories
    [1369] => get_category
    [1370] => get_category_by_path
    [1371] => get_category_by_slug
    [1372] => get_cat_id
    [1373] => get_cat_name
    [1374] => cat_is_ancestor_of
    [1375] => sanitize_category
    [1376] => sanitize_category_field
    [1377] => get_tags
    [1378] => get_tag
    [1379] => clean_category_cache
    [1380] => _make_cat_compat
    [1381] => get_category_link
    [1382] => get_category_parents
    [1383] => get_the_category
    [1384] => get_the_category_by_id
    [1385] => get_the_category_list
    [1386] => in_category
    [1387] => the_category
    [1388] => category_description
    [1389] => wp_dropdown_categories
    [1390] => wp_list_categories
    [1391] => wp_tag_cloud
    [1392] => default_topic_count_scale
    [1393] => wp_generate_tag_cloud
    [1394] => _wp_object_name_sort_cb
    [1395] => _wp_object_count_sort_cb
    [1396] => walk_category_tree
    [1397] => walk_category_dropdown_tree
    [1398] => get_tag_link
    [1399] => get_the_tags
    [1400] => get_the_tag_list
    [1401] => the_tags
    [1402] => tag_description
    [1403] => term_description
    [1404] => get_the_terms
    [1405] => get_the_term_list
    [1406] => get_term_parents_list
    [1407] => the_terms
    [1408] => has_category
    [1409] => has_tag
    [1410] => has_term
    [1411] => check_comment
    [1412] => get_approved_comments
    [1413] => get_comment
    [1414] => get_comments
    [1415] => get_comment_statuses
    [1416] => get_default_comment_status
    [1417] => get_lastcommentmodified
    [1418] => get_comment_count
    [1419] => add_comment_meta
    [1420] => delete_comment_meta
    [1421] => get_comment_meta
    [1422] => wp_lazyload_comment_meta
    [1423] => update_comment_meta
    [1424] => wp_set_comment_cookies
    [1425] => sanitize_comment_cookies
    [1426] => wp_allow_comment
    [1427] => check_comment_flood_db
    [1428] => wp_check_comment_flood
    [1429] => separate_comments
    [1430] => get_comment_pages_count
    [1431] => get_page_of_comment
    [1432] => wp_get_comment_fields_max_lengths
    [1433] => wp_check_comment_data_max_lengths
    [1434] => wp_check_comment_data
    [1435] => wp_check_comment_disallowed_list
    [1436] => wp_count_comments
    [1437] => wp_delete_comment
    [1438] => wp_trash_comment
    [1439] => wp_untrash_comment
    [1440] => wp_spam_comment
    [1441] => wp_unspam_comment
    [1442] => wp_get_comment_status
    [1443] => wp_transition_comment_status
    [1444] => _clear_modified_cache_on_transition_comment_status
    [1445] => wp_get_current_commenter
    [1446] => wp_get_unapproved_comment_author_email
    [1447] => wp_insert_comment
    [1448] => wp_filter_comment
    [1449] => wp_throttle_comment_flood
    [1450] => wp_new_comment
    [1451] => wp_new_comment_notify_moderator
    [1452] => wp_new_comment_notify_postauthor
    [1453] => wp_set_comment_status
    [1454] => wp_update_comment
    [1455] => wp_defer_comment_counting
    [1456] => wp_update_comment_count
    [1457] => wp_update_comment_count_now
    [1458] => discover_pingback_server_uri
    [1459] => do_all_pings
    [1460] => do_all_pingbacks
    [1461] => do_all_enclosures
    [1462] => do_all_trackbacks
    [1463] => do_trackbacks
    [1464] => generic_ping
    [1465] => pingback
    [1466] => privacy_ping_filter
    [1467] => trackback
    [1468] => weblog_ping
    [1469] => pingback_ping_source_uri
    [1470] => xmlrpc_pingback_error
    [1471] => clean_comment_cache
    [1472] => update_comment_cache
    [1473] => _prime_comment_caches
    [1474] => _close_comments_for_old_posts
    [1475] => _close_comments_for_old_post
    [1476] => wp_handle_comment_submission
    [1477] => wp_register_comment_personal_data_exporter
    [1478] => wp_comments_personal_data_exporter
    [1479] => wp_register_comment_personal_data_eraser
    [1480] => wp_comments_personal_data_eraser
    [1481] => wp_cache_set_comments_last_changed
    [1482] => _wp_batch_update_comment_type
    [1483] => _wp_check_for_scheduled_update_comment_type
    [1484] => get_comment_author
    [1485] => comment_author
    [1486] => get_comment_author_email
    [1487] => comment_author_email
    [1488] => comment_author_email_link
    [1489] => get_comment_author_email_link
    [1490] => get_comment_author_link
    [1491] => comment_author_link
    [1492] => get_comment_author_ip
    [1493] => comment_author_ip
    [1494] => get_comment_author_url
    [1495] => comment_author_url
    [1496] => get_comment_author_url_link
    [1497] => comment_author_url_link
    [1498] => comment_class
    [1499] => get_comment_class
    [1500] => get_comment_date
    [1501] => comment_date
    [1502] => get_comment_excerpt
    [1503] => comment_excerpt
    [1504] => get_comment_id
    [1505] => comment_id
    [1506] => get_comment_link
    [1507] => get_comments_link
    [1508] => comments_link
    [1509] => get_comments_number
    [1510] => comments_number
    [1511] => get_comments_number_text
    [1512] => get_comment_text
    [1513] => comment_text
    [1514] => get_comment_time
    [1515] => comment_time
    [1516] => get_comment_type
    [1517] => comment_type
    [1518] => get_trackback_url
    [1519] => trackback_url
    [1520] => trackback_rdf
    [1521] => comments_open
    [1522] => pings_open
    [1523] => wp_comment_form_unfiltered_html_nonce
    [1524] => comments_template
    [1525] => comments_popup_link
    [1526] => get_comment_reply_link
    [1527] => comment_reply_link
    [1528] => get_post_reply_link
    [1529] => post_reply_link
    [1530] => get_cancel_comment_reply_link
    [1531] => cancel_comment_reply_link
    [1532] => get_comment_id_fields
    [1533] => comment_id_fields
    [1534] => comment_form_title
    [1535] => _get_comment_reply_id
    [1536] => wp_list_comments
    [1537] => comment_form
    [1538] => add_rewrite_rule
    [1539] => add_rewrite_tag
    [1540] => remove_rewrite_tag
    [1541] => add_permastruct
    [1542] => remove_permastruct
    [1543] => add_feed
    [1544] => flush_rewrite_rules
    [1545] => add_rewrite_endpoint
    [1546] => _wp_filter_taxonomy_base
    [1547] => wp_resolve_numeric_slug_conflicts
    [1548] => url_to_postid
    [1549] => get_bloginfo_rss
    [1550] => bloginfo_rss
    [1551] => get_default_feed
    [1552] => get_wp_title_rss
    [1553] => wp_title_rss
    [1554] => get_the_title_rss
    [1555] => the_title_rss
    [1556] => get_the_content_feed
    [1557] => the_content_feed
    [1558] => the_excerpt_rss
    [1559] => the_permalink_rss
    [1560] => comments_link_feed
    [1561] => comment_guid
    [1562] => get_comment_guid
    [1563] => comment_link
    [1564] => get_comment_author_rss
    [1565] => comment_author_rss
    [1566] => comment_text_rss
    [1567] => get_the_category_rss
    [1568] => the_category_rss
    [1569] => html_type_rss
    [1570] => rss_enclosure
    [1571] => atom_enclosure
    [1572] => prep_atom_text_construct
    [1573] => atom_site_icon
    [1574] => rss2_site_icon
    [1575] => get_self_link
    [1576] => self_link
    [1577] => get_feed_build_date
    [1578] => feed_content_type
    [1579] => fetch_feed
    [1580] => get_bookmark
    [1581] => get_bookmark_field
    [1582] => get_bookmarks
    [1583] => sanitize_bookmark
    [1584] => sanitize_bookmark_field
    [1585] => clean_bookmark_cache
    [1586] => _walk_bookmarks
    [1587] => wp_list_bookmarks
    [1588] => wp_kses
    [1589] => wp_kses_one_attr
    [1590] => wp_kses_allowed_html
    [1591] => wp_kses_hook
    [1592] => wp_kses_version
    [1593] => wp_kses_split
    [1594] => wp_kses_uri_attributes
    [1595] => _wp_kses_split_callback
    [1596] => wp_kses_split2
    [1597] => wp_kses_attr
    [1598] => wp_kses_attr_check
    [1599] => wp_kses_hair
    [1600] => wp_kses_attr_parse
    [1601] => wp_kses_hair_parse
    [1602] => wp_kses_check_attr_val
    [1603] => wp_kses_bad_protocol
    [1604] => wp_kses_no_null
    [1605] => wp_kses_stripslashes
    [1606] => wp_kses_array_lc
    [1607] => wp_kses_html_error
    [1608] => wp_kses_bad_protocol_once
    [1609] => wp_kses_bad_protocol_once2
    [1610] => wp_kses_normalize_entities
    [1611] => wp_kses_named_entities
    [1612] => wp_kses_xml_named_entities
    [1613] => wp_kses_normalize_entities2
    [1614] => wp_kses_normalize_entities3
    [1615] => valid_unicode
    [1616] => wp_kses_decode_entities
    [1617] => _wp_kses_decode_entities_chr
    [1618] => _wp_kses_decode_entities_chr_hexdec
    [1619] => wp_filter_kses
    [1620] => wp_kses_data
    [1621] => wp_filter_post_kses
    [1622] => wp_filter_global_styles_post
    [1623] => wp_kses_post
    [1624] => wp_kses_post_deep
    [1625] => wp_filter_nohtml_kses
    [1626] => kses_init_filters
    [1627] => kses_remove_filters
    [1628] => kses_init
    [1629] => safecss_filter_attr
    [1630] => _wp_add_global_attributes
    [1631] => _wp_kses_allow_pdf_objects
    [1632] => wp_schedule_single_event
    [1633] => wp_schedule_event
    [1634] => wp_reschedule_event
    [1635] => wp_unschedule_event
    [1636] => wp_clear_scheduled_hook
    [1637] => wp_unschedule_hook
    [1638] => wp_get_scheduled_event
    [1639] => wp_next_scheduled
    [1640] => spawn_cron
    [1641] => wp_cron
    [1642] => _wp_cron
    [1643] => wp_get_schedules
    [1644] => wp_get_schedule
    [1645] => wp_get_ready_cron_jobs
    [1646] => _get_cron_array
    [1647] => _set_cron_array
    [1648] => _upgrade_cron_array
    [1649] => get_postdata
    [1650] => start_wp
    [1651] => the_category_id
    [1652] => the_category_head
    [1653] => previous_post
    [1654] => next_post
    [1655] => user_can_create_post
    [1656] => user_can_create_draft
    [1657] => user_can_edit_post
    [1658] => user_can_delete_post
    [1659] => user_can_set_post_date
    [1660] => user_can_edit_post_date
    [1661] => user_can_edit_post_comments
    [1662] => user_can_delete_post_comments
    [1663] => user_can_edit_user
    [1664] => get_linksbyname
    [1665] => wp_get_linksbyname
    [1666] => get_linkobjectsbyname
    [1667] => get_linkobjects
    [1668] => get_linksbyname_withrating
    [1669] => get_links_withrating
    [1670] => get_autotoggle
    [1671] => list_cats
    [1672] => wp_list_cats
    [1673] => dropdown_cats
    [1674] => list_authors
    [1675] => wp_get_post_cats
    [1676] => wp_set_post_cats
    [1677] => get_archives
    [1678] => get_author_link
    [1679] => link_pages
    [1680] => get_settings
    [1681] => permalink_link
    [1682] => permalink_single_rss
    [1683] => wp_get_links
    [1684] => get_links
    [1685] => get_links_list
    [1686] => links_popup_script
    [1687] => get_linkrating
    [1688] => get_linkcatname
    [1689] => comments_rss_link
    [1690] => get_category_rss_link
    [1691] => get_author_rss_link
    [1692] => comments_rss
    [1693] => create_user
    [1694] => gzip_compression
    [1695] => get_commentdata
    [1696] => get_catname
    [1697] => get_category_children
    [1698] => get_all_category_ids
    [1699] => get_the_author_description
    [1700] => the_author_description
    [1701] => get_the_author_login
    [1702] => the_author_login
    [1703] => get_the_author_firstname
    [1704] => the_author_firstname
    [1705] => get_the_author_lastname
    [1706] => the_author_lastname
    [1707] => get_the_author_nickname
    [1708] => the_author_nickname
    [1709] => get_the_author_email
    [1710] => the_author_email
    [1711] => get_the_author_icq
    [1712] => the_author_icq
    [1713] => get_the_author_yim
    [1714] => the_author_yim
    [1715] => get_the_author_msn
    [1716] => the_author_msn
    [1717] => get_the_author_aim
    [1718] => the_author_aim
    [1719] => get_author_name
    [1720] => get_the_author_url
    [1721] => the_author_url
    [1722] => get_the_author_id
    [1723] => the_author_id
    [1724] => the_content_rss
    [1725] => make_url_footnote
    [1726] => _c
    [1727] => translate_with_context
    [1728] => _nc
    [1729] => __ngettext
    [1730] => __ngettext_noop
    [1731] => get_alloptions
    [1732] => get_the_attachment_link
    [1733] => get_attachment_icon_src
    [1734] => get_attachment_icon
    [1735] => get_attachment_innerhtml
    [1736] => get_link
    [1737] => clean_url
    [1738] => js_escape
    [1739] => wp_specialchars
    [1740] => attribute_escape
    [1741] => register_sidebar_widget
    [1742] => unregister_sidebar_widget
    [1743] => register_widget_control
    [1744] => unregister_widget_control
    [1745] => delete_usermeta
    [1746] => get_usermeta
    [1747] => update_usermeta
    [1748] => get_users_of_blog
    [1749] => automatic_feed_links
    [1750] => get_profile
    [1751] => get_usernumposts
    [1752] => funky_javascript_callback
    [1753] => funky_javascript_fix
    [1754] => is_taxonomy
    [1755] => is_term
    [1756] => is_plugin_page
    [1757] => update_category_cache
    [1758] => wp_timezone_supported
    [1759] => the_editor
    [1760] => get_user_metavalues
    [1761] => sanitize_user_object
    [1762] => get_boundary_post_rel_link
    [1763] => start_post_rel_link
    [1764] => get_index_rel_link
    [1765] => index_rel_link
    [1766] => get_parent_post_rel_link
    [1767] => parent_post_rel_link
    [1768] => wp_admin_bar_dashboard_view_site_menu
    [1769] => is_blog_user
    [1770] => debug_fopen
    [1771] => debug_fwrite
    [1772] => debug_fclose
    [1773] => get_themes
    [1774] => get_theme
    [1775] => get_current_theme
    [1776] => clean_pre
    [1777] => add_custom_image_header
    [1778] => remove_custom_image_header
    [1779] => add_custom_background
    [1780] => remove_custom_background
    [1781] => get_theme_data
    [1782] => update_page_cache
    [1783] => clean_page_cache
    [1784] => wp_explain_nonce
    [1785] => sticky_class
    [1786] => _get_post_ancestors
    [1787] => wp_load_image
    [1788] => image_resize
    [1789] => wp_get_single_post
    [1790] => user_pass_ok
    [1791] => _save_post_hook
    [1792] => gd_edit_image_support
    [1793] => wp_convert_bytes_to_hr
    [1794] => _search_terms_tidy
    [1795] => rich_edit_exists
    [1796] => default_topic_count_text
    [1797] => format_to_post
    [1798] => like_escape
    [1799] => url_is_accessable_via_ssl
    [1800] => preview_theme
    [1801] => _preview_theme_template_filter
    [1802] => _preview_theme_stylesheet_filter
    [1803] => preview_theme_ob_filter
    [1804] => preview_theme_ob_filter_callback
    [1805] => wp_richedit_pre
    [1806] => wp_htmledit_pre
    [1807] => post_permalink
    [1808] => wp_get_http
    [1809] => force_ssl_login
    [1810] => get_comments_popup_template
    [1811] => is_comments_popup
    [1812] => comments_popup_script
    [1813] => popuplinks
    [1814] => wp_embed_handler_googlevideo
    [1815] => get_paged_template
    [1816] => wp_kses_js_entities
    [1817] => _usort_terms_by_id
    [1818] => _usort_terms_by_name
    [1819] => _sort_nav_menu_items
    [1820] => get_shortcut_link
    [1821] => wp_ajax_press_this_save_post
    [1822] => wp_ajax_press_this_add_category
    [1823] => wp_get_user_request_data
    [1824] => wp_make_content_images_responsive
    [1825] => wp_unregister_globals
    [1826] => wp_blacklist_check
    [1827] => _wp_register_meta_args_whitelist
    [1828] => add_option_whitelist
    [1829] => remove_option_whitelist
    [1830] => wp_slash_strings_only
    [1831] => addslashes_strings_only
    [1832] => noindex
    [1833] => wp_no_robots
    [1834] => wp_sensitive_page_meta
    [1835] => _excerpt_render_inner_columns_blocks
    [1836] => wp_render_duotone_filter_preset
    [1837] => wp_skip_border_serialization
    [1838] => wp_skip_dimensions_serialization
    [1839] => wp_skip_spacing_serialization
    [1840] => wp_add_iframed_editor_assets_html
    [1841] => wp_get_attachment_thumb_file
    [1842] => _get_path_to_translation
    [1843] => _get_path_to_translation_from_lang_dir
    [1844] => _wp_multiple_block_styles
    [1845] => wp_typography_get_css_variable_inline_style
    [1846] => global_terms_enabled
    [1847] => _filter_query_attachment_filenames
    [1848] => get_page_by_title
    [1849] => _resolve_home_block_template
    [1850] => wlwmanifest_link
    [1851] => wp_queue_comments_for_comment_meta_lazyload
    [1852] => wp_get_loading_attr_default
    [1853] => wp_img_tag_add_loading_attr
    [1854] => wp_tinycolor_bound01
    [1855] => _wp_tinycolor_bound_alpha
    [1856] => wp_tinycolor_rgb_to_rgb
    [1857] => wp_tinycolor_hue_to_rgb
    [1858] => wp_tinycolor_hsl_to_rgb
    [1859] => wp_tinycolor_string_to_rgb
    [1860] => wp_get_duotone_filter_id
    [1861] => wp_get_duotone_filter_property
    [1862] => wp_get_duotone_filter_svg
    [1863] => wp_register_duotone_support
    [1864] => wp_render_duotone_support
    [1865] => wp_get_global_styles_svg_filters
    [1866] => wp_global_styles_render_svg_filters
    [1867] => block_core_navigation_submenu_build_css_colors
    [1868] => _wp_theme_json_webfonts_handler
    [1869] => print_embed_styles
    [1870] => print_emoji_styles
    [1871] => wp_admin_bar_header
    [1872] => _admin_bar_bump_cb
    [1873] => wp_update_https_detection_errors
    [1874] => wp_img_tag_add_decoding_attr
    [1875] => _inject_theme_attribute_in_block_template_content
    [1876] => _remove_theme_attribute_in_block_template_content
    [1877] => the_block_template_skip_link
    [1878] => block_core_query_ensure_interactivity_dependency
    [1879] => block_core_file_ensure_interactivity_dependency
    [1880] => block_core_image_ensure_interactivity_dependency
    [1881] => wp_render_elements_support
    [1882] => wp_interactivity_process_directives_of_interactive_blocks
    [1883] => wp_get_global_styles_custom_css
    [1884] => wp_enqueue_global_styles_custom_css
    [1885] => wp_create_block_style_variation_instance_name
    [1886] => current_user_can_for_blog
    [1887] => wp_add_editor_classic_theme_styles
    [1888] => wp_register_tinymce_scripts
    [1889] => wp_default_packages_vendor
    [1890] => wp_get_script_polyfill
    [1891] => wp_register_development_scripts
    [1892] => wp_default_packages_scripts
    [1893] => wp_default_packages_inline_scripts
    [1894] => wp_tinymce_inline_scripts
    [1895] => wp_default_packages
    [1896] => wp_scripts_get_suffix
    [1897] => wp_default_scripts
    [1898] => wp_default_styles
    [1899] => wp_prototype_before_jquery
    [1900] => wp_just_in_time_script_localization
    [1901] => wp_localize_jquery_ui_datepicker
    [1902] => wp_localize_community_events
    [1903] => wp_style_loader_src
    [1904] => print_head_scripts
    [1905] => print_footer_scripts
    [1906] => _print_scripts
    [1907] => wp_print_head_scripts
    [1908] => _wp_footer_scripts
    [1909] => wp_print_footer_scripts
    [1910] => wp_enqueue_scripts
    [1911] => print_admin_styles
    [1912] => print_late_styles
    [1913] => _print_styles
    [1914] => script_concat_settings
    [1915] => wp_common_block_scripts_and_styles
    [1916] => wp_filter_out_block_nodes
    [1917] => wp_enqueue_global_styles
    [1918] => wp_should_load_block_editor_scripts_and_styles
    [1919] => wp_should_load_separate_core_block_assets
    [1920] => wp_should_load_block_assets_on_demand
    [1921] => wp_enqueue_registered_block_scripts_and_styles
    [1922] => enqueue_block_styles_assets
    [1923] => enqueue_editor_block_styles_assets
    [1924] => wp_enqueue_editor_block_directory_assets
    [1925] => wp_enqueue_editor_format_library_assets
    [1926] => wp_sanitize_script_attributes
    [1927] => wp_get_script_tag
    [1928] => wp_print_script_tag
    [1929] => wp_get_inline_script_tag
    [1930] => wp_print_inline_script_tag
    [1931] => wp_maybe_inline_styles
    [1932] => _wp_normalize_relative_css_links
    [1933] => wp_enqueue_global_styles_css_custom_properties
    [1934] => wp_enqueue_block_support_styles
    [1935] => wp_enqueue_stored_styles
    [1936] => wp_enqueue_block_style
    [1937] => wp_enqueue_classic_theme_styles
    [1938] => wp_remove_surrounding_empty_script_tags
    [1939] => wp_scripts
    [1940] => _wp_scripts_maybe_doing_it_wrong
    [1941] => wp_print_scripts
    [1942] => wp_add_inline_script
    [1943] => wp_register_script
    [1944] => wp_localize_script
    [1945] => wp_set_script_translations
    [1946] => wp_deregister_script
    [1947] => wp_enqueue_script
    [1948] => wp_dequeue_script
    [1949] => wp_script_is
    [1950] => wp_script_add_data
    [1951] => wp_styles
    [1952] => wp_print_styles
    [1953] => wp_add_inline_style
    [1954] => wp_register_style
    [1955] => wp_deregister_style
    [1956] => wp_enqueue_style
    [1957] => wp_dequeue_style
    [1958] => wp_style_is
    [1959] => wp_style_add_data
    [1960] => create_initial_taxonomies
    [1961] => get_taxonomies
    [1962] => get_object_taxonomies
    [1963] => get_taxonomy
    [1964] => taxonomy_exists
    [1965] => is_taxonomy_hierarchical
    [1966] => register_taxonomy
    [1967] => unregister_taxonomy
    [1968] => get_taxonomy_labels
    [1969] => register_taxonomy_for_object_type
    [1970] => unregister_taxonomy_for_object_type
    [1971] => get_objects_in_term
    [1972] => get_tax_sql
    [1973] => get_term
    [1974] => get_term_by
    [1975] => get_term_children
    [1976] => get_term_field
    [1977] => get_term_to_edit
    [1978] => get_terms
    [1979] => add_term_meta
    [1980] => delete_term_meta
    [1981] => get_term_meta
    [1982] => update_term_meta
    [1983] => update_termmeta_cache
    [1984] => wp_lazyload_term_meta
    [1985] => has_term_meta
    [1986] => register_term_meta
    [1987] => unregister_term_meta
    [1988] => term_exists
    [1989] => term_is_ancestor_of
    [1990] => sanitize_term
    [1991] => sanitize_term_field
    [1992] => wp_count_terms
    [1993] => wp_delete_object_term_relationships
    [1994] => wp_delete_term
    [1995] => wp_delete_category
    [1996] => wp_get_object_terms
    [1997] => wp_insert_term
    [1998] => wp_set_object_terms
    [1999] => wp_add_object_terms
    [2000] => wp_remove_object_terms
    [2001] => wp_unique_term_slug
    [2002] => wp_update_term
    [2003] => wp_defer_term_counting
    [2004] => wp_update_term_count
    [2005] => wp_update_term_count_now
    [2006] => clean_object_term_cache
    [2007] => clean_term_cache
    [2008] => clean_taxonomy_cache
    [2009] => get_object_term_cache
    [2010] => update_object_term_cache
    [2011] => update_term_cache
    [2012] => _get_term_hierarchy
    [2013] => _get_term_children
    [2014] => _pad_term_counts
    [2015] => _prime_term_caches
    [2016] => _update_post_term_count
    [2017] => _update_generic_term_count
    [2018] => _split_shared_term
    [2019] => _wp_batch_split_terms
    [2020] => _wp_check_for_scheduled_split_terms
    [2021] => _wp_check_split_default_terms
    [2022] => _wp_check_split_terms_in_menus
    [2023] => _wp_check_split_nav_menu_terms
    [2024] => wp_get_split_terms
    [2025] => wp_get_split_term
    [2026] => wp_term_is_shared
    [2027] => get_term_link
    [2028] => the_taxonomies
    [2029] => get_the_taxonomies
    [2030] => get_post_taxonomies
    [2031] => is_object_in_term
    [2032] => is_object_in_taxonomy
    [2033] => get_ancestors
    [2034] => wp_get_term_taxonomy_parent_id
    [2035] => wp_check_term_hierarchy_for_loops
    [2036] => is_taxonomy_viewable
    [2037] => is_term_publicly_viewable
    [2038] => wp_cache_set_terms_last_changed
    [2039] => wp_check_term_meta_support_prefilter
    [2040] => wp_version_check
    [2041] => wp_update_plugins
    [2042] => wp_update_themes
    [2043] => wp_maybe_auto_update
    [2044] => wp_get_translation_updates
    [2045] => wp_get_update_data
    [2046] => _maybe_update_core
    [2047] => _maybe_update_plugins
    [2048] => _maybe_update_themes
    [2049] => wp_schedule_update_checks
    [2050] => wp_clean_update_cache
    [2051] => wp_delete_all_temp_backups
    [2052] => _wp_delete_all_temp_backups
    [2053] => redirect_canonical
    [2054] => _remove_qs_args_if_not_in_url
    [2055] => strip_fragment_from_url
    [2056] => redirect_guess_404_permalink
    [2057] => wp_redirect_admin_locations
    [2058] => add_shortcode
    [2059] => remove_shortcode
    [2060] => remove_all_shortcodes
    [2061] => shortcode_exists
    [2062] => has_shortcode
    [2063] => get_shortcode_tags_in_content
    [2064] => apply_shortcodes
    [2065] => do_shortcode
    [2066] => _filter_do_shortcode_context
    [2067] => get_shortcode_regex
    [2068] => do_shortcode_tag
    [2069] => do_shortcodes_in_html_tags
    [2070] => unescape_invalid_shortcodes
    [2071] => get_shortcode_atts_regex
    [2072] => shortcode_parse_atts
    [2073] => shortcode_atts
    [2074] => strip_shortcodes
    [2075] => strip_shortcode_tag
    [2076] => wp_embed_register_handler
    [2077] => wp_embed_unregister_handler
    [2078] => wp_embed_defaults
    [2079] => wp_oembed_get
    [2080] => _wp_oembed_get_object
    [2081] => wp_oembed_add_provider
    [2082] => wp_oembed_remove_provider
    [2083] => wp_maybe_load_embeds
    [2084] => wp_embed_handler_youtube
    [2085] => wp_embed_handler_audio
    [2086] => wp_embed_handler_video
    [2087] => wp_oembed_register_route
    [2088] => wp_oembed_add_discovery_links
    [2089] => wp_oembed_add_host_js
    [2090] => wp_maybe_enqueue_oembed_host_js
    [2091] => get_post_embed_url
    [2092] => get_oembed_endpoint_url
    [2093] => get_post_embed_html
    [2094] => get_oembed_response_data
    [2095] => get_oembed_response_data_for_url
    [2096] => get_oembed_response_data_rich
    [2097] => wp_oembed_ensure_format
    [2098] => _oembed_rest_pre_serve_request
    [2099] => _oembed_create_xml
    [2100] => wp_filter_oembed_iframe_title_attribute
    [2101] => wp_filter_oembed_result
    [2102] => wp_embed_excerpt_more
    [2103] => the_excerpt_embed
    [2104] => wp_embed_excerpt_attachment
    [2105] => enqueue_embed_scripts
    [2106] => wp_enqueue_embed_styles
    [2107] => print_embed_scripts
    [2108] => _oembed_filter_feed_content
    [2109] => print_embed_comments_button
    [2110] => print_embed_sharing_button
    [2111] => print_embed_sharing_dialog
    [2112] => the_embed_site_title
    [2113] => wp_filter_pre_oembed_result
    [2114] => wp_get_additional_image_sizes
    [2115] => image_constrain_size_for_editor
    [2116] => image_hwstring
    [2117] => image_downsize
    [2118] => add_image_size
    [2119] => has_image_size
    [2120] => remove_image_size
    [2121] => set_post_thumbnail_size
    [2122] => get_image_tag
    [2123] => wp_constrain_dimensions
    [2124] => image_resize_dimensions
    [2125] => image_make_intermediate_size
    [2126] => wp_image_matches_ratio
    [2127] => image_get_intermediate_size
    [2128] => get_intermediate_image_sizes
    [2129] => wp_get_registered_image_subsizes
    [2130] => wp_get_attachment_image_src
    [2131] => wp_get_attachment_image
    [2132] => wp_get_attachment_image_url
    [2133] => _wp_get_attachment_relative_path
    [2134] => _wp_get_image_size_from_meta
    [2135] => wp_get_attachment_image_srcset
    [2136] => wp_calculate_image_srcset
    [2137] => wp_get_attachment_image_sizes
    [2138] => wp_calculate_image_sizes
    [2139] => wp_image_file_matches_image_meta
    [2140] => wp_image_src_get_dimensions
    [2141] => wp_image_add_srcset_and_sizes
    [2142] => wp_lazy_loading_enabled
    [2143] => wp_filter_content_tags
    [2144] => wp_img_tag_add_auto_sizes
    [2145] => wp_sizes_attribute_includes_valid_auto
    [2146] => wp_print_auto_sizes_contain_css_fix
    [2147] => wp_img_tag_add_loading_optimization_attrs
    [2148] => wp_img_tag_add_width_and_height_attr
    [2149] => wp_img_tag_add_srcset_and_sizes_attr
    [2150] => wp_iframe_tag_add_loading_attr
    [2151] => _wp_post_thumbnail_class_filter
    [2152] => _wp_post_thumbnail_class_filter_add
    [2153] => _wp_post_thumbnail_class_filter_remove
    [2154] => _wp_post_thumbnail_context_filter
    [2155] => _wp_post_thumbnail_context_filter_add
    [2156] => _wp_post_thumbnail_context_filter_remove
    [2157] => img_caption_shortcode
    [2158] => gallery_shortcode
    [2159] => wp_underscore_playlist_templates
    [2160] => wp_playlist_scripts
    [2161] => wp_playlist_shortcode
    [2162] => wp_mediaelement_fallback
    [2163] => wp_get_audio_extensions
    [2164] => wp_get_attachment_id3_keys
    [2165] => wp_audio_shortcode
    [2166] => wp_get_video_extensions
    [2167] => wp_video_shortcode
    [2168] => get_previous_image_link
    [2169] => previous_image_link
    [2170] => get_next_image_link
    [2171] => next_image_link
    [2172] => get_adjacent_image_link
    [2173] => adjacent_image_link
    [2174] => get_attachment_taxonomies
    [2175] => get_taxonomies_for_attachments
    [2176] => is_gd_image
    [2177] => wp_imagecreatetruecolor
    [2178] => wp_expand_dimensions
    [2179] => wp_max_upload_size
    [2180] => wp_get_image_editor
    [2181] => wp_image_editor_supports
    [2182] => _wp_image_editor_choose
    [2183] => wp_plupload_default_settings
    [2184] => wp_prepare_attachment_for_js
    [2185] => wp_enqueue_media
    [2186] => get_attached_media
    [2187] => get_media_embedded_in_content
    [2188] => get_post_galleries
    [2189] => get_post_gallery
    [2190] => get_post_galleries_images
    [2191] => get_post_gallery_images
    [2192] => wp_maybe_generate_attachment_metadata
    [2193] => attachment_url_to_postid
    [2194] => wpview_media_sandbox_styles
    [2195] => wp_register_media_personal_data_exporter
    [2196] => wp_media_personal_data_exporter
    [2197] => _wp_add_additional_image_sizes
    [2198] => wp_show_heic_upload_error
    [2199] => wp_getimagesize
    [2200] => wp_get_avif_info
    [2201] => wp_get_webp_info
    [2202] => wp_get_loading_optimization_attributes
    [2203] => wp_omit_loading_attr_threshold
    [2204] => wp_increase_content_media_count
    [2205] => wp_maybe_add_fetchpriority_high_attr
    [2206] => wp_high_priority_element_flag
    [2207] => wp_get_image_editor_output_format
    [2208] => _wp_http_get_object
    [2209] => wp_safe_remote_request
    [2210] => wp_safe_remote_get
    [2211] => wp_safe_remote_post
    [2212] => wp_safe_remote_head
    [2213] => wp_remote_request
    [2214] => wp_remote_get
    [2215] => wp_remote_post
    [2216] => wp_remote_head
    [2217] => wp_remote_retrieve_headers
    [2218] => wp_remote_retrieve_header
    [2219] => wp_remote_retrieve_response_code
    [2220] => wp_remote_retrieve_response_message
    [2221] => wp_remote_retrieve_body
    [2222] => wp_remote_retrieve_cookies
    [2223] => wp_remote_retrieve_cookie
    [2224] => wp_remote_retrieve_cookie_value
    [2225] => wp_http_supports
    [2226] => get_http_origin
    [2227] => get_allowed_http_origins
    [2228] => is_allowed_http_origin
    [2229] => send_origin_headers
    [2230] => wp_http_validate_url
    [2231] => allowed_http_request_hosts
    [2232] => ms_allowed_http_request_hosts
    [2233] => wp_parse_url
    [2234] => _get_component_from_parsed_url_array
    [2235] => _wp_translate_php_url_constant_to_key
    [2236] => register_widget
    [2237] => unregister_widget
    [2238] => register_sidebars
    [2239] => register_sidebar
    [2240] => unregister_sidebar
    [2241] => is_registered_sidebar
    [2242] => wp_register_sidebar_widget
    [2243] => wp_widget_description
    [2244] => wp_sidebar_description
    [2245] => wp_unregister_sidebar_widget
    [2246] => wp_register_widget_control
    [2247] => _register_widget_update_callback
    [2248] => _register_widget_form_callback
    [2249] => wp_unregister_widget_control
    [2250] => dynamic_sidebar
    [2251] => is_active_widget
    [2252] => is_dynamic_sidebar
    [2253] => is_active_sidebar
    [2254] => wp_get_sidebars_widgets
    [2255] => wp_get_sidebar
    [2256] => wp_set_sidebars_widgets
    [2257] => wp_get_widget_defaults
    [2258] => wp_convert_widget_settings
    [2259] => the_widget
    [2260] => _get_widget_id_base
    [2261] => _wp_sidebars_changed
    [2262] => retrieve_widgets
    [2263] => wp_map_sidebars_widgets
    [2264] => _wp_remove_unregistered_widgets
    [2265] => wp_widget_rss_output
    [2266] => wp_widget_rss_form
    [2267] => wp_widget_rss_process
    [2268] => wp_widgets_init
    [2269] => wp_setup_widgets_block_editor
    [2270] => wp_use_widgets_block_editor
    [2271] => wp_parse_widget_id
    [2272] => wp_find_widgets_sidebar
    [2273] => wp_assign_widget_to_sidebar
    [2274] => wp_render_widget
    [2275] => wp_render_widget_control
    [2276] => wp_check_widget_editor_deps
    [2277] => _wp_block_theme_register_classic_sidebars
    [2278] => wp_nav_menu
    [2279] => _wp_menu_item_classes_by_context
    [2280] => walk_nav_menu_tree
    [2281] => _nav_menu_item_id_use_once
    [2282] => wp_nav_menu_remove_menu_item_has_children_class
    [2283] => wp_get_nav_menu_object
    [2284] => is_nav_menu
    [2285] => register_nav_menus
    [2286] => unregister_nav_menu
    [2287] => register_nav_menu
    [2288] => get_registered_nav_menus
    [2289] => get_nav_menu_locations
    [2290] => has_nav_menu
    [2291] => wp_get_nav_menu_name
    [2292] => is_nav_menu_item
    [2293] => wp_create_nav_menu
    [2294] => wp_delete_nav_menu
    [2295] => wp_update_nav_menu_object
    [2296] => wp_update_nav_menu_item
    [2297] => wp_get_nav_menus
    [2298] => _is_valid_nav_menu_item
    [2299] => wp_get_nav_menu_items
    [2300] => update_menu_item_cache
    [2301] => wp_setup_nav_menu_item
    [2302] => wp_get_associated_nav_menu_items
    [2303] => _wp_delete_post_menu_item
    [2304] => _wp_delete_tax_menu_item
    [2305] => _wp_auto_add_pages_to_menu
    [2306] => _wp_delete_customize_changeset_dependent_auto_drafts
    [2307] => _wp_menus_changed
    [2308] => wp_map_nav_menu_locations
    [2309] => _wp_reset_invalid_menu_item_parent
    [2310] => _wp_admin_bar_init
    [2311] => wp_admin_bar_render
    [2312] => wp_admin_bar_wp_menu
    [2313] => wp_admin_bar_sidebar_toggle
    [2314] => wp_admin_bar_my_account_item
    [2315] => wp_admin_bar_my_account_menu
    [2316] => wp_admin_bar_site_menu
    [2317] => wp_admin_bar_edit_site_menu
    [2318] => wp_admin_bar_customize_menu
    [2319] => wp_admin_bar_my_sites_menu
    [2320] => wp_admin_bar_shortlink_menu
    [2321] => wp_admin_bar_edit_menu
    [2322] => wp_admin_bar_new_content_menu
    [2323] => wp_admin_bar_comments_menu
    [2324] => wp_admin_bar_appearance_menu
    [2325] => wp_admin_bar_updates_menu
    [2326] => wp_admin_bar_search_menu
    [2327] => wp_admin_bar_recovery_mode_menu
    [2328] => wp_admin_bar_add_secondary_groups
    [2329] => wp_enqueue_admin_bar_header_styles
    [2330] => wp_enqueue_admin_bar_bump_styles
    [2331] => show_admin_bar
    [2332] => is_admin_bar_showing
    [2333] => _get_admin_bar_pref
    [2334] => register_rest_route
    [2335] => register_rest_field
    [2336] => rest_api_init
    [2337] => rest_api_register_rewrites
    [2338] => rest_api_default_filters
    [2339] => create_initial_rest_routes
    [2340] => rest_api_loaded
    [2341] => rest_get_url_prefix
    [2342] => get_rest_url
    [2343] => rest_url
    [2344] => rest_do_request
    [2345] => rest_get_server
    [2346] => rest_ensure_request
    [2347] => rest_ensure_response
    [2348] => rest_handle_deprecated_function
    [2349] => rest_handle_deprecated_argument
    [2350] => rest_handle_doing_it_wrong
    [2351] => rest_send_cors_headers
    [2352] => rest_handle_options_request
    [2353] => rest_send_allow_header
    [2354] => _rest_array_intersect_key_recursive
    [2355] => rest_filter_response_fields
    [2356] => rest_is_field_included
    [2357] => rest_output_rsd
    [2358] => rest_output_link_wp_head
    [2359] => rest_output_link_header
    [2360] => rest_cookie_check_errors
    [2361] => rest_cookie_collect_status
    [2362] => rest_application_password_collect_status
    [2363] => rest_get_authenticated_app_password
    [2364] => rest_application_password_check_errors
    [2365] => rest_add_application_passwords_to_index
    [2366] => rest_get_avatar_urls
    [2367] => rest_get_avatar_sizes
    [2368] => rest_parse_date
    [2369] => rest_parse_hex_color
    [2370] => rest_get_date_with_gmt
    [2371] => rest_authorization_required_code
    [2372] => rest_validate_request_arg
    [2373] => rest_sanitize_request_arg
    [2374] => rest_parse_request_arg
    [2375] => rest_is_ip_address
    [2376] => rest_sanitize_boolean
    [2377] => rest_is_boolean
    [2378] => rest_is_integer
    [2379] => rest_is_array
    [2380] => rest_sanitize_array
    [2381] => rest_is_object
    [2382] => rest_sanitize_object
    [2383] => rest_get_best_type_for_value
    [2384] => rest_handle_multi_type_schema
    [2385] => rest_validate_array_contains_unique_items
    [2386] => rest_stabilize_value
    [2387] => rest_validate_json_schema_pattern
    [2388] => rest_find_matching_pattern_property_schema
    [2389] => rest_format_combining_operation_error
    [2390] => rest_get_combining_operation_error
    [2391] => rest_find_any_matching_schema
    [2392] => rest_find_one_matching_schema
    [2393] => rest_are_values_equal
    [2394] => rest_validate_enum
    [2395] => rest_get_allowed_schema_keywords
    [2396] => rest_validate_value_from_schema
    [2397] => rest_validate_null_value_from_schema
    [2398] => rest_validate_boolean_value_from_schema
    [2399] => rest_validate_object_value_from_schema
    [2400] => rest_validate_array_value_from_schema
    [2401] => rest_validate_number_value_from_schema
    [2402] => rest_validate_string_value_from_schema
    [2403] => rest_validate_integer_value_from_schema
    [2404] => rest_sanitize_value_from_schema
    [2405] => rest_preload_api_request
    [2406] => rest_parse_embed_param
    [2407] => rest_filter_response_by_context
    [2408] => rest_default_additional_properties_to_false
    [2409] => rest_get_route_for_post
    [2410] => rest_get_route_for_post_type_items
    [2411] => rest_get_route_for_term
    [2412] => rest_get_route_for_taxonomy_items
    [2413] => rest_get_queried_resource_route
    [2414] => rest_get_endpoint_args_for_schema
    [2415] => rest_convert_error_to_response
    [2416] => wp_is_rest_endpoint
    [2417] => wp_sitemaps_get_server
    [2418] => wp_get_sitemap_providers
    [2419] => wp_register_sitemap_provider
    [2420] => wp_sitemaps_get_max_urls
    [2421] => get_sitemap_url
    [2422] => register_block_pattern_category
    [2423] => unregister_block_pattern_category
    [2424] => register_block_pattern
    [2425] => unregister_block_pattern
    [2426] => register_block_bindings_source
    [2427] => unregister_block_bindings_source
    [2428] => get_all_registered_block_bindings_sources
    [2429] => get_block_bindings_source
    [2430] => _block_bindings_pattern_overrides_get_value
    [2431] => _register_block_bindings_pattern_overrides_source
    [2432] => _block_bindings_post_meta_get_value
    [2433] => _register_block_bindings_post_meta_source
    [2434] => remove_block_asset_path_prefix
    [2435] => generate_block_asset_handle
    [2436] => get_block_asset_url
    [2437] => register_block_script_module_id
    [2438] => register_block_script_handle
    [2439] => register_block_style_handle
    [2440] => get_block_metadata_i18n_schema
    [2441] => wp_register_block_types_from_metadata_collection
    [2442] => wp_register_block_metadata_collection
    [2443] => register_block_type_from_metadata
    [2444] => register_block_type
    [2445] => unregister_block_type
    [2446] => has_blocks
    [2447] => has_block
    [2448] => get_dynamic_block_names
    [2449] => get_hooked_blocks
    [2450] => insert_hooked_blocks
    [2451] => set_ignored_hooked_blocks_metadata
    [2452] => apply_block_hooks_to_content
    [2453] => apply_block_hooks_to_content_from_post_object
    [2454] => remove_serialized_parent_block
    [2455] => extract_serialized_parent_block
    [2456] => update_ignored_hooked_blocks_postmeta
    [2457] => insert_hooked_blocks_and_set_ignored_hooked_blocks_metadata
    [2458] => insert_hooked_blocks_into_rest_response
    [2459] => make_before_block_visitor
    [2460] => make_after_block_visitor
    [2461] => serialize_block_attributes
    [2462] => strip_core_block_namespace
    [2463] => get_comment_delimited_block_content
    [2464] => serialize_block
    [2465] => serialize_blocks
    [2466] => traverse_and_serialize_block
    [2467] => resolve_pattern_blocks
    [2468] => traverse_and_serialize_blocks
    [2469] => filter_block_content
    [2470] => _filter_block_content_callback
    [2471] => filter_block_kses
    [2472] => filter_block_kses_value
    [2473] => filter_block_core_template_part_attributes
    [2474] => excerpt_remove_blocks
    [2475] => excerpt_remove_footnotes
    [2476] => _excerpt_render_inner_blocks
    [2477] => render_block
    [2478] => parse_blocks
    [2479] => do_blocks
    [2480] => _restore_wpautop_hook
    [2481] => block_version
    [2482] => register_block_style
    [2483] => unregister_block_style
    [2484] => block_has_support
    [2485] => wp_migrate_old_typography_shape
    [2486] => build_query_vars_from_query_block
    [2487] => get_query_pagination_arrow
    [2488] => build_comment_query_vars_from_block
    [2489] => get_comments_pagination_arrow
    [2490] => _wp_filter_post_meta_footnotes
    [2491] => _wp_footnotes_kses_init_filters
    [2492] => _wp_footnotes_remove_filters
    [2493] => _wp_footnotes_kses_init
    [2494] => _wp_footnotes_force_filtered_html_on_import_filter
    [2495] => register_core_block_style_handles
    [2496] => register_core_block_types_from_metadata
    [2497] => wp_register_core_block_metadata_collection
    [2498] => render_block_core_legacy_widget
    [2499] => register_block_core_legacy_widget
    [2500] => handle_legacy_widget_preview_iframe
    [2501] => render_block_core_widget_group
    [2502] => register_block_core_widget_group
    [2503] => note_sidebar_being_rendered
    [2504] => discard_sidebar_being_rendered
    [2505] => render_block_core_archives
    [2506] => register_block_core_archives
    [2507] => render_block_core_avatar
    [2508] => get_block_core_avatar_border_attributes
    [2509] => register_block_core_avatar
    [2510] => render_block_core_block
    [2511] => register_block_core_block
    [2512] => render_block_core_button
    [2513] => register_block_core_button
    [2514] => render_block_core_calendar
    [2515] => register_block_core_calendar
    [2516] => block_core_calendar_has_published_posts
    [2517] => block_core_calendar_update_has_published_posts
    [2518] => block_core_calendar_update_has_published_post_on_delete
    [2519] => block_core_calendar_update_has_published_post_on_transition_post_status
    [2520] => render_block_core_categories
    [2521] => build_dropdown_script_block_core_categories
    [2522] => register_block_core_categories
    [2523] => render_block_core_comment_author_name
    [2524] => register_block_core_comment_author_name
    [2525] => render_block_core_comment_content
    [2526] => register_block_core_comment_content
    [2527] => render_block_core_comment_date
    [2528] => register_block_core_comment_date
    [2529] => render_block_core_comment_edit_link
    [2530] => register_block_core_comment_edit_link
    [2531] => render_block_core_comment_reply_link
    [2532] => register_block_core_comment_reply_link
    [2533] => block_core_comment_template_render_comments
    [2534] => render_block_core_comment_template
    [2535] => register_block_core_comment_template
    [2536] => render_block_core_comments
    [2537] => register_block_core_comments
    [2538] => comments_block_form_defaults
    [2539] => enqueue_legacy_post_comments_block_styles
    [2540] => register_legacy_post_comments_block
    [2541] => render_block_core_comments_pagination
    [2542] => register_block_core_comments_pagination
    [2543] => render_block_core_comments_pagination_next
    [2544] => register_block_core_comments_pagination_next
    [2545] => render_block_core_comments_pagination_numbers
    [2546] => register_block_core_comments_pagination_numbers
    [2547] => render_block_core_comments_pagination_previous
    [2548] => register_block_core_comments_pagination_previous
    [2549] => render_block_core_comments_title
    [2550] => register_block_core_comments_title
    [2551] => render_block_core_cover
    [2552] => register_block_core_cover
    [2553] => render_block_core_file
    [2554] => register_block_core_file
    [2555] => render_block_core_footnotes
    [2556] => register_block_core_footnotes
    [2557] => register_block_core_footnotes_post_meta
    [2558] => wp_add_footnotes_to_revision
    [2559] => wp_get_footnotes_from_revision
    [2560] => block_core_gallery_data_id_backcompatibility
    [2561] => block_core_gallery_render
    [2562] => register_block_core_gallery
    [2563] => block_core_heading_render
    [2564] => register_block_core_heading
    [2565] => block_core_home_link_build_css_colors
    [2566] => block_core_home_link_build_css_font_sizes
    [2567] => block_core_home_link_build_li_wrapper_attributes
    [2568] => render_block_core_home_link
    [2569] => register_block_core_home_link
    [2570] => render_block_core_image
    [2571] => block_core_image_get_lightbox_settings
    [2572] => block_core_image_render_lightbox
    [2573] => block_core_image_print_lightbox_overlay
    [2574] => register_block_core_image
    [2575] => wp_latest_comments_draft_or_post_title
    [2576] => render_block_core_latest_comments
    [2577] => register_block_core_latest_comments
    [2578] => block_core_latest_posts_get_excerpt_length
    [2579] => render_block_core_latest_posts
    [2580] => register_block_core_latest_posts
    [2581] => block_core_latest_posts_migrate_categories
    [2582] => block_core_list_render
    [2583] => register_block_core_list
    [2584] => render_block_core_loginout
    [2585] => register_block_core_loginout
    [2586] => render_block_core_media_text
    [2587] => register_block_core_media_text
    [2588] => block_core_navigation_add_directives_to_submenu
    [2589] => block_core_navigation_build_css_colors
    [2590] => block_core_navigation_build_css_font_sizes
    [2591] => block_core_navigation_render_submenu_icon
    [2592] => block_core_navigation_filter_out_empty_blocks
    [2593] => block_core_navigation_block_contains_core_navigation
    [2594] => block_core_navigation_get_fallback_blocks
    [2595] => block_core_navigation_get_post_ids
    [2596] => block_core_navigation_from_block_get_post_ids
    [2597] => render_block_core_navigation
    [2598] => register_block_core_navigation
    [2599] => block_core_navigation_typographic_presets_backcompatibility
    [2600] => block_core_navigation_parse_blocks_from_menu_items
    [2601] => block_core_navigation_get_classic_menu_fallback
    [2602] => block_core_navigation_get_classic_menu_fallback_blocks
    [2603] => block_core_navigation_maybe_use_classic_menu_fallback
    [2604] => block_core_navigation_get_most_recently_published_navigation
    [2605] => block_core_navigation_link_build_css_colors
    [2606] => block_core_navigation_link_build_css_font_sizes
    [2607] => block_core_navigation_link_render_submenu_icon
    [2608] => block_core_navigation_link_maybe_urldecode
    [2609] => render_block_core_navigation_link
    [2610] => build_variation_for_navigation_link
    [2611] => block_core_navigation_link_filter_variations
    [2612] => block_core_navigation_link_build_variations
    [2613] => register_block_core_navigation_link
    [2614] => block_core_navigation_submenu_build_css_font_sizes
    [2615] => block_core_navigation_submenu_render_submenu_icon
    [2616] => render_block_core_navigation_submenu
    [2617] => register_block_core_navigation_submenu
    [2618] => block_core_page_list_build_css_colors
    [2619] => block_core_page_list_build_css_font_sizes
    [2620] => block_core_page_list_render_nested_page_list
    [2621] => block_core_page_list_nest_pages
    [2622] => render_block_core_page_list
    [2623] => register_block_core_page_list
    [2624] => register_block_core_page_list_item
    [2625] => register_block_core_pattern
    [2626] => render_block_core_pattern
    [2627] => render_block_core_post_author
    [2628] => register_block_core_post_author
    [2629] => render_block_core_post_author_biography
    [2630] => register_block_core_post_author_biography
    [2631] => render_block_core_post_author_name
    [2632] => register_block_core_post_author_name
    [2633] => render_block_core_post_comments_form
    [2634] => register_block_core_post_comments_form
    [2635] => post_comments_form_block_form_defaults
    [2636] => render_block_core_post_content
    [2637] => register_block_core_post_content
    [2638] => render_block_core_post_date
    [2639] => register_block_core_post_date
    [2640] => render_block_core_post_excerpt
    [2641] => register_block_core_post_excerpt
    [2642] => render_block_core_post_featured_image
    [2643] => get_block_core_post_featured_image_overlay_element_markup
    [2644] => get_block_core_post_featured_image_border_attributes
    [2645] => register_block_core_post_featured_image
    [2646] => render_block_core_post_navigation_link
    [2647] => register_block_core_post_navigation_link
    [2648] => block_core_post_template_uses_featured_image
    [2649] => render_block_core_post_template
    [2650] => register_block_core_post_template
    [2651] => render_block_core_post_terms
    [2652] => block_core_post_terms_build_variations
    [2653] => register_block_core_post_terms
    [2654] => render_block_core_post_title
    [2655] => register_block_core_post_title
    [2656] => render_block_core_query
    [2657] => register_block_core_query
    [2658] => block_core_query_disable_enhanced_pagination
    [2659] => render_block_core_query_no_results
    [2660] => register_block_core_query_no_results
    [2661] => render_block_core_query_pagination
    [2662] => register_block_core_query_pagination
    [2663] => render_block_core_query_pagination_next
    [2664] => register_block_core_query_pagination_next
    [2665] => render_block_core_query_pagination_numbers
    [2666] => register_block_core_query_pagination_numbers
    [2667] => render_block_core_query_pagination_previous
    [2668] => register_block_core_query_pagination_previous
    [2669] => render_block_core_query_title
    [2670] => register_block_core_query_title
    [2671] => render_block_core_query_total
    [2672] => register_block_core_query_total
    [2673] => render_block_core_read_more
    [2674] => register_block_core_read_more
    [2675] => render_block_core_rss
    [2676] => register_block_core_rss
    [2677] => render_block_core_search
    [2678] => register_block_core_search
    [2679] => classnames_for_block_core_search
    [2680] => apply_block_core_search_border_style
    [2681] => apply_block_core_search_border_styles
    [2682] => styles_for_block_core_search
    [2683] => get_typography_classes_for_block_core_search
    [2684] => get_typography_styles_for_block_core_search
    [2685] => get_border_color_classes_for_block_core_search
    [2686] => get_color_classes_for_block_core_search
    [2687] => render_block_core_shortcode
    [2688] => register_block_core_shortcode
    [2689] => render_block_core_site_logo
    [2690] => register_block_core_site_logo_setting
    [2691] => register_block_core_site_icon_setting
    [2692] => register_block_core_site_logo
    [2693] => _override_custom_logo_theme_mod
    [2694] => _sync_custom_logo_to_site_logo
    [2695] => _delete_site_logo_on_remove_custom_logo
    [2696] => _delete_site_logo_on_remove_theme_mods
    [2697] => _delete_site_logo_on_remove_custom_logo_on_setup_theme
    [2698] => _delete_custom_logo_on_remove_site_logo
    [2699] => render_block_core_site_tagline
    [2700] => register_block_core_site_tagline
    [2701] => render_block_core_site_title
    [2702] => register_block_core_site_title
    [2703] => render_block_core_social_link
    [2704] => register_block_core_social_link
    [2705] => block_core_social_link_get_icon
    [2706] => block_core_social_link_get_name
    [2707] => block_core_social_link_services
    [2708] => block_core_social_link_get_color_styles
    [2709] => block_core_social_link_get_color_classes
    [2710] => render_block_core_tag_cloud
    [2711] => register_block_core_tag_cloud
    [2712] => render_block_core_template_part
    [2713] => build_template_part_block_area_variations
    [2714] => build_template_part_block_instance_variations
    [2715] => build_template_part_block_variations
    [2716] => register_block_core_template_part
    [2717] => render_block_core_term_description
    [2718] => register_block_core_term_description
    [2719] => get_default_block_categories
    [2720] => get_block_categories
    [2721] => get_allowed_block_types
    [2722] => get_default_block_editor_settings
    [2723] => get_legacy_widget_block_editor_settings
    [2724] => _wp_get_iframed_editor_assets
    [2725] => wp_get_first_block
    [2726] => wp_get_post_content_block_attributes
    [2727] => get_block_editor_settings
    [2728] => block_editor_rest_api_preload
    [2729] => get_block_editor_theme_styles
    [2730] => get_classic_theme_supports_block_editor_settings
    [2731] => wp_initialize_site_preview_hooks
    [2732] => _register_core_block_patterns_and_categories
    [2733] => wp_normalize_remote_block_pattern
    [2734] => _load_remote_block_patterns
    [2735] => _load_remote_featured_patterns
    [2736] => _register_remote_theme_patterns
    [2737] => _register_theme_block_patterns
    [2738] => get_block_wrapper_attributes
    [2739] => wp_should_skip_block_supports_serialization
    [2740] => wp_register_alignment_support
    [2741] => wp_apply_alignment_support
    [2742] => wp_register_custom_classname_support
    [2743] => wp_apply_custom_classname_support
    [2744] => wp_get_block_default_classname
    [2745] => wp_apply_generated_classname_support
    [2746] => _wp_get_presets_class_name
    [2747] => _wp_add_block_level_presets_class
    [2748] => _wp_add_block_level_preset_styles
    [2749] => wp_get_elements_class_name
    [2750] => wp_should_add_elements_class_name
    [2751] => wp_render_elements_support_styles
    [2752] => wp_render_elements_class_name
    [2753] => wp_register_colors_support
    [2754] => wp_apply_colors_support
    [2755] => wp_register_typography_support
    [2756] => wp_apply_typography_support
    [2757] => wp_typography_get_preset_inline_style_value
    [2758] => wp_render_typography_support
    [2759] => wp_get_typography_value_and_unit
    [2760] => wp_get_computed_fluid_typography_value
    [2761] => wp_get_typography_font_size_value
    [2762] => wp_register_border_support
    [2763] => wp_apply_border_support
    [2764] => wp_has_border_feature_support
    [2765] => wp_get_layout_definitions
    [2766] => wp_register_layout_support
    [2767] => wp_get_layout_style
    [2768] => wp_render_layout_support_flag
    [2769] => wp_add_parent_layout_to_parsed_block
    [2770] => wp_restore_group_inner_container
    [2771] => wp_restore_image_outer_container
    [2772] => wp_register_position_support
    [2773] => wp_render_position_support
    [2774] => wp_register_spacing_support
    [2775] => wp_apply_spacing_support
    [2776] => wp_register_dimensions_support
    [2777] => wp_apply_dimensions_support
    [2778] => wp_render_dimensions_support
    [2779] => wp_register_shadow_support
    [2780] => wp_apply_shadow_support
    [2781] => wp_register_background_support
    [2782] => wp_render_background_support
    [2783] => wp_get_block_style_variation_name_from_class
    [2784] => wp_resolve_block_style_variation_ref_values
    [2785] => wp_render_block_style_variation_support_styles
    [2786] => wp_render_block_style_variation_class_name
    [2787] => wp_enqueue_block_style_variation_styles
    [2788] => wp_register_block_style_variations_from_theme_json_partials
    [2789] => wp_register_aria_label_support
    [2790] => wp_apply_aria_label_support
    [2791] => wp_style_engine_get_styles
    [2792] => wp_style_engine_get_stylesheet_from_css_rules
    [2793] => wp_style_engine_get_stylesheet_from_context
    [2794] => wp_print_font_faces
    [2795] => wp_print_font_faces_from_style_variations
    [2796] => wp_register_font_collection
    [2797] => wp_unregister_font_collection
    [2798] => wp_get_font_dir
    [2799] => wp_font_dir
    [2800] => _wp_filter_font_directory
    [2801] => _wp_after_delete_font_family
    [2802] => _wp_before_delete_font_face
    [2803] => _wp_register_default_font_collections
    [2804] => wp_script_modules
    [2805] => wp_register_script_module
    [2806] => wp_enqueue_script_module
    [2807] => wp_dequeue_script_module
    [2808] => wp_deregister_script_module
    [2809] => wp_default_script_modules
    [2810] => wp_interactivity
    [2811] => wp_interactivity_process_directives
    [2812] => wp_interactivity_state
    [2813] => wp_interactivity_config
    [2814] => wp_interactivity_data_wp_context
    [2815] => wp_interactivity_get_context
    [2816] => wp_interactivity_get_element
    [2817] => wp_get_speculation_rules_configuration
    [2818] => wp_get_speculation_rules
    [2819] => wp_print_speculation_rules
    [2820] => wp_is_mobile
    [2821] => get_plugin_data
    [2822] => _get_plugin_data_markup_translate
    [2823] => get_plugin_files
    [2824] => get_plugins
    [2825] => get_mu_plugins
    [2826] => _sort_uname_callback
    [2827] => get_dropins
    [2828] => _get_dropins
    [2829] => is_plugin_active
    [2830] => is_plugin_inactive
    [2831] => is_plugin_active_for_network
    [2832] => is_network_only_plugin
    [2833] => activate_plugin
    [2834] => deactivate_plugins
    [2835] => activate_plugins
    [2836] => delete_plugins
    [2837] => validate_active_plugins
    [2838] => validate_plugin
    [2839] => validate_plugin_requirements
    [2840] => is_uninstallable_plugin
    [2841] => uninstall_plugin
    [2842] => add_menu_page
    [2843] => add_submenu_page
    [2844] => add_management_page
    [2845] => add_options_page
    [2846] => add_theme_page
    [2847] => add_plugins_page
    [2848] => add_users_page
    [2849] => add_dashboard_page
    [2850] => add_posts_page
    [2851] => add_media_page
    [2852] => add_links_page
    [2853] => add_pages_page
    [2854] => add_comments_page
    [2855] => remove_menu_page
    [2856] => remove_submenu_page
    [2857] => menu_page_url
    [2858] => get_admin_page_parent
    [2859] => get_admin_page_title
    [2860] => get_plugin_page_hook
    [2861] => get_plugin_page_hookname
    [2862] => user_can_access_admin_page
    [2863] => option_update_filter
    [2864] => add_allowed_options
    [2865] => remove_allowed_options
    [2866] => settings_fields
    [2867] => wp_clean_plugins_cache
    [2868] => plugin_sandbox_scrape
    [2869] => wp_add_privacy_policy_content
    [2870] => is_plugin_paused
    [2871] => wp_get_plugin_error
    [2872] => resume_plugin
    [2873] => paused_plugins_notice
    [2874] => deactivated_plugins_notice
    [2875] => akismet_register_widgets
    [2876] => akismet_test_mode
    [2877] => akismet_http_post
    [2878] => akismet_microtime
    [2879] => akismet_delete_old
    [2880] => akismet_delete_old_metadata
    [2881] => akismet_check_db_comment
    [2882] => akismet_rightnow
    [2883] => akismet_admin_init
    [2884] => akismet_version_warning
    [2885] => akismet_load_js_and_css
    [2886] => akismet_nonce_field
    [2887] => akismet_plugin_action_links
    [2888] => akismet_conf
    [2889] => akismet_stats_display
    [2890] => akismet_stats
    [2891] => akismet_admin_warnings
    [2892] => akismet_comment_row_action
    [2893] => akismet_comment_status_meta_box
    [2894] => akismet_comments_columns
    [2895] => akismet_comment_column_row
    [2896] => akismet_text_add_link_callback
    [2897] => akismet_text_add_link_class
    [2898] => akismet_check_for_spam_button
    [2899] => akismet_submit_nonspam_comment
    [2900] => akismet_submit_spam_comment
    [2901] => akismet_transition_comment_status
    [2902] => akismet_spam_count
    [2903] => akismet_recheck_queue
    [2904] => akismet_remove_comment_author_url
    [2905] => akismet_add_comment_author_url
    [2906] => akismet_check_server_connectivity
    [2907] => akismet_get_server_connectivity
    [2908] => akismet_server_connectivity_ok
    [2909] => akismet_admin_menu
    [2910] => akismet_load_menu
    [2911] => akismet_init
    [2912] => akismet_get_key
    [2913] => akismet_check_key_status
    [2914] => akismet_update_alert
    [2915] => akismet_verify_key
    [2916] => akismet_get_user_roles
    [2917] => akismet_result_spam
    [2918] => akismet_result_hold
    [2919] => akismet_get_user_comments_approved
    [2920] => akismet_update_comment_history
    [2921] => akismet_get_comment_history
    [2922] => akismet_cmp_time
    [2923] => akismet_auto_check_update_meta
    [2924] => akismet_auto_check_comment
    [2925] => akismet_get_ip_address
    [2926] => akismet_cron_recheck
    [2927] => akismet_add_comment_nonce
    [2928] => akismet_fix_scheduled_recheck
    [2929] => akismet_spam_comments
    [2930] => akismet_spam_totals
    [2931] => akismet_manage_page
    [2932] => akismet_caught
    [2933] => redirect_old_akismet_urls
    [2934] => akismet_kill_proxy_check
    [2935] => akismet_pingback_forwarded_for
    [2936] => akismet_pre_check_pingback
    [2937] => wpcf7
    [2938] => wpcf7_init
    [2939] => wpcf7_upgrade
    [2940] => wpcf7_install
    [2941] => wpcf7_l10n
    [2942] => wpcf7_is_valid_locale
    [2943] => wpcf7_is_rtl
    [2944] => wpcf7_load_textdomain
    [2945] => wpcf7_unload_textdomain
    [2946] => wpcf7_switch_locale
    [2947] => wpcf7_map_meta_cap
    [2948] => wpcf7_plugin_path
    [2949] => wpcf7_plugin_url
    [2950] => wpcf7_include_module_file
    [2951] => wpcf7_upload_dir
    [2952] => wpcf7_verify_nonce
    [2953] => wpcf7_create_nonce
    [2954] => wpcf7_array_flatten
    [2955] => wpcf7_exclude_blank
    [2956] => wpcf7_flat_join
    [2957] => wpcf7_support_html5
    [2958] => wpcf7_support_html5_fallback
    [2959] => wpcf7_use_really_simple_captcha
    [2960] => wpcf7_validate_configuration
    [2961] => wpcf7_autop_or_not
    [2962] => wpcf7_load_js
    [2963] => wpcf7_load_css
    [2964] => wpcf7_link
    [2965] => wpcf7_get_request_uri
    [2966] => wpcf7_register_post_types
    [2967] => wpcf7_version
    [2968] => wpcf7_version_grep
    [2969] => wpcf7_enctype_value
    [2970] => wpcf7_rmdir_p
    [2971] => wpcf7_build_query
    [2972] => wpcf7_count_code_units
    [2973] => wpcf7_is_localhost
    [2974] => wpcf7_deprecated_function
    [2975] => wpcf7_apply_filters_deprecated
    [2976] => wpcf7_doing_it_wrong
    [2977] => wpcf7_log_remote_request
    [2978] => wpcf7_anonymize_ip_addr
    [2979] => wpcf7_superglobal_get
    [2980] => wpcf7_superglobal_post
    [2981] => wpcf7_superglobal_request
    [2982] => wpcf7_superglobal_server
    [2983] => wpcf7_superglobal
    [2984] => wpcf7_autop
    [2985] => wpcf7_autop_preserve_newline_callback
    [2986] => wpcf7_sanitize_query_var
    [2987] => wpcf7_strip_quote
    [2988] => wpcf7_strip_quote_deep
    [2989] => wpcf7_normalize_newline
    [2990] => wpcf7_normalize_newline_deep
    [2991] => wpcf7_strip_newline
    [2992] => wpcf7_canonicalize
    [2993] => wpcf7_canonicalize_name
    [2994] => wpcf7_sanitize_unit_tag
    [2995] => wpcf7_antiscript_file_name
    [2996] => wpcf7_mask_password
    [2997] => wpcf7_kses_allowed_html
    [2998] => wpcf7_kses
    [2999] => wpcf7_format_atts
    [3000] => wpcf7_get_unicode_whitespaces
    [3001] => wpcf7_strip_whitespaces
    [3002] => wpcf7_add_form_tag
    [3003] => wpcf7_remove_form_tag
    [3004] => wpcf7_replace_all_form_tags
    [3005] => wpcf7_scan_form_tags
    [3006] => wpcf7_form_tag_supports
    [3007] => wpcf7_add_shortcode
    [3008] => wpcf7_remove_shortcode
    [3009] => wpcf7_do_shortcode
    [3010] => wpcf7_scan_shortcode
    [3011] => wpcf7_swv_available_rules
    [3012] => wpcf7_swv_load_rules
    [3013] => wpcf7_swv_create_rule
    [3014] => wpcf7_swv_get_meta_schema
    [3015] => wpcf7_contact_form
    [3016] => wpcf7_get_contact_form_by_old_id
    [3017] => wpcf7_get_contact_form_by_hash
    [3018] => wpcf7_get_contact_form_by_title
    [3019] => wpcf7_get_current_contact_form
    [3020] => wpcf7_is_posted
    [3021] => wpcf7_get_hangover
    [3022] => wpcf7_get_validation_error
    [3023] => wpcf7_get_validation_error_reference
    [3024] => wpcf7_get_message
    [3025] => wpcf7_form_controls_class
    [3026] => wpcf7_contact_form_tag_func
    [3027] => wpcf7_save_contact_form
    [3028] => wpcf7_sanitize_form
    [3029] => wpcf7_sanitize_mail
    [3030] => wpcf7_sanitize_messages
    [3031] => wpcf7_sanitize_additional_settings
    [3032] => wpcf7_generate_contact_form_hash
    [3033] => wpcf7_messages
    [3034] => wpcf7_mail_html_body_autop
    [3035] => wpcf7_mail_replace_tags
    [3036] => wpcf7_phpmailer_init
    [3037] => wpcf7_special_mail_tag
    [3038] => wpcf7_post_related_smt
    [3039] => wpcf7_site_related_smt
    [3040] => wpcf7_user_related_smt
    [3041] => wpcf7_unship_uploaded_file
    [3042] => wpcf7_file_messages
    [3043] => wpcf7_file_form_enctype_filter
    [3044] => wpcf7_convert_mime_to_ext
    [3045] => wpcf7_acceptable_filetypes
    [3046] => wpcf7_init_uploads
    [3047] => wpcf7_maybe_add_random_dir
    [3048] => wpcf7_upload_tmp_dir
    [3049] => wpcf7_cleanup_upload_files
    [3050] => wpcf7_file_display_warning_message
    [3051] => wpcf7_is_name
    [3052] => wpcf7_is_email
    [3053] => wpcf7_is_url
    [3054] => wpcf7_is_tel
    [3055] => wpcf7_is_number
    [3056] => wpcf7_is_date
    [3057] => wpcf7_is_time
    [3058] => wpcf7_is_mailbox_list
    [3059] => wpcf7_is_email_in_domain
    [3060] => wpcf7_is_email_in_site_domain
    [3061] => wpcf7_is_file_path_in_content_dir
    [3062] => wpcf7_upgrade_58
    [3063] => wpcf7_convert_to_cpt
    [3064] => wpcf7_prepend_underscore
    [3065] => wpcf7_config_validator_update_option
    [3066] => wpcf7_init_block_editor_assets
    [3067] => wpcf7_control_init
    [3068] => wpcf7_enqueue_scripts
    [3069] => wpcf7_script_is
    [3070] => wpcf7_enqueue_styles
    [3071] => wpcf7_style_is
    [3072] => wpcf7_html5_fallback
    [3073] => elementor_fail_php_version
    [3074] => elementor_fail_wp_version
    [3075] => elementordeps\di\value
    [3076] => elementordeps\di\create
    [3077] => elementordeps\di\autowire
    [3078] => elementordeps\di\factory
    [3079] => elementordeps\di\decorate
    [3080] => elementordeps\di\get
    [3081] => elementordeps\di\env
    [3082] => elementordeps\di\add
    [3083] => elementordeps\di\string
    [3084] => happyforms_get_version
    [3085] => happyforms_plugin_file
    [3086] => happyforms_plugin_name
    [3087] => happyforms_get_plugin_url
    [3088] => happyforms_get_plugin_path
    [3089] => happyforms_get_include_folder
    [3090] => happyforms_get_core_folder
    [3091] => happyforms_get_integrations_folder
    [3092] => happyforms_activate
    [3093] => happyforms_deactivate
    [3094] => happyforms_create_samples
    [3095] => happyforms
    [3096] => if_menu_user_ip
    [3097] => if_menu_user_country_code_woocommerce
    [3098] => if_menu_user_country_code_headers
    [3099] => if_menu_user_country_code_metaapis
    [3100] => get_user_ip
    [3101] => get_user_country_code
    [3102] => if_menu_basic_conditions
    [3103] => ifmenuadvancedconditions
    [3104] => tutor_lms
    [3105] => tutor
    [3106] => tutor_utils
    [3107] => tutils
    [3108] => tutor_sanitize_data
    [3109] => tutor_placeholder_img_src
    [3110] => tutor_course_categories_dropdown
    [3111] => tutor_course_tags_dropdown
    [3112] => _generate_categories_dropdown_option
    [3113] => _generate_tags_dropdown_option
    [3114] => tutor_course_categories_checkbox
    [3115] => tutor_course_tags_checkbox
    [3116] => __tutor_generate_categories_checkbox
    [3117] => __tutor_generate_tags_checkbox
    [3118] => course_builder_section_wrap
    [3119] => get_tutor_header
    [3120] => get_tutor_footer
    [3121] => get_tutor_option
    [3122] => update_tutor_option
    [3123] => get_tutor_course_settings
    [3124] => get_item_content_drip_settings
    [3125] => tutor_alert
    [3126] => tutor_nonce_field
    [3127] => tutor_flash_set
    [3128] => tutor_flash_get
    [3129] => tutor_redirect_back
    [3130] => tutor_action_field
    [3131] => tutor_time
    [3132] => tutor_maintenance_mode
    [3133] => is_single_course
    [3134] => tutor_js_date_format_against_wp
    [3135] => tutor_get_formated_date
    [3136] => tutor_i18n_get_formated_date
    [3137] => _tutor_search_by_title_only
    [3138] => get_request
    [3139] => tutor_kses_allowed_html
    [3140] => tutor_kses_allowed_css
    [3141] => tutor_kses_html
    [3142] => get_tutor_all_withdrawal_methods
    [3143] => tutor_log
    [3144] => tutor_wc_price_currency_format
    [3145] => tutor_meta_box_wrapper
    [3146] => tutor_closeable_alert_msg
    [3147] => tutor_set_flash_message
    [3148] => tutor_snackbar
    [3149] => tutor_is_rest
    [3150] => tutor_getallheaders
    [3151] => tutor_entry_box_buttons
    [3152] => tutor_global_timezone_lists
    [3153] => tutor_get_all_active_payment_gateways
    [3154] => tutor_get_subscription_supported_payment_gateways
    [3155] => tutor_get_manual_payment_gateways
    [3156] => tutor_get_course_formatted_price_html
    [3157] => tutor_get_formatted_price
    [3158] => tutor_print_formatted_price
    [3159] => tutor_get_locale_price
    [3160] => tutor_is_json
    [3161] => tutor_is_dev_mode
    [3162] => tutor_redirect_after_payment
    [3163] => tutor_split_amounts
    [3164] => tutor_is_local_env
    [3165] => get_tutor_post_types
    [3166] => tutor_course_loop_before_content
    [3167] => tutor_course_loop_after_content
    [3168] => get_tutor_course_author_id
    [3169] => tutor_course_question_and_answer
    [3170] => tutor_course_info_tab
    [3171] => tutor_course_announcements
    [3172] => tutor_single_quiz_top
    [3173] => tutor_single_quiz_body
    [3174] => tutor_single_quiz_content
    [3175] => tutor_single_quiz_no_course_belongs
    [3176] => single_quiz_contents
    [3177] => get_tutor_course_level
    [3178] => tutor_next_previous_pagination
    [3179] => tutor_get_template
    [3180] => tutor_get_template_path
    [3181] => tutor_load_template
    [3182] => tutor_load_template_part
    [3183] => tutor_get_template_html
    [3184] => tutor_course_loop_start
    [3185] => tutor_course_loop_end
    [3186] => tutor_course_loop_title
    [3187] => tutor_course_loop_header
    [3188] => tutor_course_loop_footer
    [3189] => tutor_course_loop_start_content_wrap
    [3190] => tutor_course_loop_end_content_wrap
    [3191] => tutor_course_loop_thumbnail
    [3192] => tutor_course_loop_wrap_classes
    [3193] => tutor_course_loop_col_classes
    [3194] => tutor_container_classes
    [3195] => tutor_post_class
    [3196] => tutor_widget_course_loop_classes
    [3197] => get_tutor_course_thumbnail
    [3198] => get_tutor_course_thumbnail_src
    [3199] => tutor_course_loop_meta
    [3200] => tutor_course_loop_author
    [3201] => tutor_course_loop_price
    [3202] => tutor_course_loop_rating
    [3203] => tutor_course_loop_add_to_cart
    [3204] => tutor_course_price
    [3205] => tutor_the_excerpt
    [3206] => tutor_get_the_excerpt
    [3207] => get_tutor_course_author
    [3208] => tutor_course_benefits
    [3209] => tutor_course_benefits_html
    [3210] => tutor_course_topics
    [3211] => tutor_course_requirements
    [3212] => tutor_course_requirements_html
    [3213] => tutor_course_target_audience
    [3214] => tutor_course_target_audience_html
    [3215] => tutor_course_material_includes
    [3216] => tutor_course_material_includes_html
    [3217] => tutor_course_instructors_html
    [3218] => tutor_course_target_reviews_html
    [3219] => tutor_course_content
    [3220] => tutor_course_lead_info
    [3221] => tutor_course_enrolled_lead_info
    [3222] => tutor_lesson_lead_info
    [3223] => tutor_course_video
    [3224] => tutor_lesson_video
    [3225] => get_tutor_posts_attachments
    [3226] => tutor_lesson_content
    [3227] => tutor_lesson_mark_complete_html
    [3228] => get_tutor_course_duration_context
    [3229] => get_tutor_course_categories
    [3230] => get_tutor_course_tags
    [3231] => tutor_course_tags_html
    [3232] => tutor_lesson_sidebar_question_and_answer
    [3233] => tutor_assignment_content
    [3234] => get_tnotice
    [3235] => tutor_load_template_from_custom_path
    [3236] => tutor_enrolled_course_progress
    [3237] => tutor_permission_denied_template
    [3238] => tutor_get_translate_text
    [3239] => tutor_get_country_list
    [3240] => tutor_get_country_info_by_name
    [3241] => tutor_add_to_cart
    [3242] => tutor_get_cart_url
    [3243] => tutor_get_cart_items
    [3244] => tutor_is_item_in_cart
    [3245] => tutor_get_cart_object
    [3246] => tutor_astra_scripts
    [3247] => get_tutor_currencies
    [3248] => tutor_get_currencies_info_by_code
    [3249] => tutor_get_currency_symbol_by_code
    [3250] => um
    [3251] => action_scheduler_register_3_dot_9_dot_2
    [3252] => action_scheduler_initialize_3_dot_9_dot_2
    [3253] => um\core\members_get_capabilities
    [3254] => um_predefined_page_slug_exists
    [3255] => um_get_predefined_page_id
    [3256] => um_is_predefined_page
    [3257] => um_get_predefined_page_url
    [3258] => um_trim_string
    [3259] => um_dynamic_login_page_redirect
    [3260] => um_is_session_started
    [3261] => um_clean_user_basename
    [3262] => um_replace_placeholders
    [3263] => um_convert_tags
    [3264] => um_user_ip
    [3265] => um_field_conditions_are_met
    [3266] => um_redirect_home
    [3267] => um_js_redirect
    [3268] => um_get_snippet
    [3269] => um_user_submitted_registration_formatted
    [3270] => um_user_submited_display
    [3271] => um_filtered_social_link
    [3272] => um_filtered_value
    [3273] => um_profile_id
    [3274] => um_is_temp_upload
    [3275] => um_is_temp_image
    [3276] => um_is_file_owner
    [3277] => um_is_temp_file
    [3278] => um_user_last_login_timestamp
    [3279] => um_user_last_login
    [3280] => um_get_core_page
    [3281] => um_is_core_page
    [3282] => um_is_core_post
    [3283] => um_styling_defaults
    [3284] => um_get_metadefault
    [3285] => um_submitting_account_page
    [3286] => um_get_display_name
    [3287] => um_reset_user_clean
    [3288] => um_reset_user
    [3289] => um_queried_user
    [3290] => um_set_requested_user
    [3291] => um_get_requested_user
    [3292] => um_edit_my_profile_cancel_uri
    [3293] => um_is_on_edit_profile
    [3294] => um_can_view_field
    [3295] => um_can_view_profile
    [3296] => um_is_user_himself
    [3297] => um_can_edit_field
    [3298] => um_is_myprofile
    [3299] => um_edit_profile_url
    [3300] => um_can_edit_my_profile
    [3301] => um_admin_email
    [3302] => um_multi_admin_email
    [3303] => um_user_profile_url
    [3304] => um_get_roles
    [3305] => um_fetch_user
    [3306] => um_profile
    [3307] => um_youtube_id_from_url
    [3308] => um_closest_num
    [3309] => um_get_cover_uri
    [3310] => um_get_avatar_url
    [3311] => um_get_avatar_uri
    [3312] => um_get_default_avatar_uri
    [3313] => um_get_user_avatar_data
    [3314] => um_get_user_avatar_url
    [3315] => um_get_default_cover_uri
    [3316] => um_user
    [3317] => um_get_domain_protocol
    [3318] => um_secure_media_uri
    [3319] => um_force_utf8_string
    [3320] => um_get_host
    [3321] => um_let_to_num
    [3322] => is_ultimatemember
    [3323] => um_maybe_unset_time_limit
    [3324] => um_is_amp
    [3325] => um_safe_redirect
    [3326] => um_allowed_redirect_hosts
    [3327] => um_wp_safe_redirect_fallback
    [3328] => um_is_profile_owner
    [3329] => um_deprecated_function
    [3330] => um_get_option
    [3331] => um_update_option
    [3332] => um_remove_option
    [3333] => um_mail_content_type
    [3334] => um_clickable_links
    [3335] => um_set_redirect_url
    [3336] => um_get_redirect_url
    [3337] => um_user_last_login_date
    [3338] => um_is_core_uri
    [3339] => um_is_meta_value_exists
    [3340] => um_get_locale
    [3341] => um_get_current_page_type
    [3342] => um_core_is_local
    [3343] => um_get_url_for_language
    [3344] => um_user_uploads_dir
    [3345] => um_user_uploads_uri
    [3346] => um_requesting_password_reset
    [3347] => um_requesting_password_change
    [3348] => um_time_diff
    [3349] => um_members
    [3350] => um_get_search_form
    [3351] => um_search_form
    [3352] => um_filter_search
    [3353] => um_get_search_query
    [3354] => um_queried_search_value
    [3355] => um_select_if_in_query_params
    [3356] => um_user_submitted_registration
    [3357] => wp_set_current_user
    [3358] => wp_get_current_user
    [3359] => get_userdata
    [3360] => get_user_by
    [3361] => cache_users
    [3362] => wp_mail
    [3363] => wp_authenticate
    [3364] => wp_logout
    [3365] => wp_validate_auth_cookie
    [3366] => wp_generate_auth_cookie
    [3367] => wp_parse_auth_cookie
    [3368] => wp_set_auth_cookie
    [3369] => wp_clear_auth_cookie
    [3370] => is_user_logged_in
    [3371] => auth_redirect
    [3372] => check_admin_referer
    [3373] => check_ajax_referer
    [3374] => wp_redirect
    [3375] => wp_sanitize_redirect
    [3376] => _wp_sanitize_utf8_in_redirect
    [3377] => wp_safe_redirect
    [3378] => wp_validate_redirect
    [3379] => wp_notify_postauthor
    [3380] => wp_notify_moderator
    [3381] => wp_password_change_notification
    [3382] => wp_new_user_notification
    [3383] => wp_nonce_tick
    [3384] => wp_verify_nonce
    [3385] => wp_create_nonce
    [3386] => wp_salt
    [3387] => wp_hash
    [3388] => wp_hash_password
    [3389] => wp_check_password
    [3390] => wp_password_needs_rehash
    [3391] => wp_generate_password
    [3392] => wp_rand
    [3393] => wp_set_password
    [3394] => get_avatar
    [3395] => wp_text_diff
    [3396] => set_current_user
    [3397] => get_currentuserinfo
    [3398] => get_userdatabylogin
    [3399] => get_user_by_email
    [3400] => wp_setcookie
    [3401] => wp_clearcookie
    [3402] => wp_get_cookie_login
    [3403] => wp_login
    [3404] => um_submit_form_errors_hook__blockedemails
    [3405] => um_submit_form_errors_hook__blockedips
    [3406] => um_submit_form_errors_hook__blockedwords
    [3407] => um_submit_form_errors_hook
    [3408] => um_check_conditions_on_submit
    [3409] => um_submit_form_errors_hook_
    [3410] => um_invalid_nonce_redirect_url
    [3411] => um_access_profile
    [3412] => um_block_wpadmin_by_user_role
    [3413] => um_control_admin_bar
    [3414] => um_force_admin_bar
    [3415] => ultimatemember_check_username_exists
    [3416] => um_submit_form_errors_hook_login
    [3417] => um_display_login_errors
    [3418] => um_submit_form_errors_hook_logincheck
    [3419] => um_store_lastlogin_timestamp
    [3420] => um_store_lastlogin_timestamp_
    [3421] => um_user_login
    [3422] => um_submit_form_login
    [3423] => um_add_submit_button_to_login
    [3424] => um_after_login_submit
    [3425] => um_add_login_fields
    [3426] => um_post_registration_approved_hook
    [3427] => um_post_registration_checkmail_hook
    [3428] => um_post_registration_pending_hook
    [3429] => um_after_insert_user
    [3430] => um_send_registration_notification
    [3431] => um_check_user_status
    [3432] => um_submit_form_errors_hook__registration
    [3433] => um_submit_form_register
    [3434] => um_add_submit_button_to_register
    [3435] => um_add_register_fields
    [3436] => um_registration_save_files
    [3437] => um_registration_set_profile_full_name
    [3438] => um_form_register_redirect
    [3439] => um_profile_content_main
    [3440] => um_user_edit_profile
    [3441] => um_profile_validate_nonce
    [3442] => um_restore_default_roles
    [3443] => um_editing_user_id_input
    [3444] => um_profile_dynamic_meta_desc
    [3445] => um_profile_header_cover_area
    [3446] => um_social_links_icons
    [3447] => um_profile_header
    [3448] => um_pre_profile_shortcode
    [3449] => um_add_edit_icon
    [3450] => um_add_profile_fields
    [3451] => um_submit_form_profile
    [3452] => um_add_submit_button_to_profile
    [3453] => um_profile_menu
    [3454] => um_profile_remove_wpseo
    [3455] => um_submit_account_errors_hook
    [3456] => um_submit_account_details
    [3457] => um_maybe_flush_users_session_update_user
    [3458] => um_account_page_hidden_fields
    [3459] => um_before_account_delete
    [3460] => um_before_account_notifications
    [3461] => um_after_user_account_updated_permalink
    [3462] => um_account_updated_notification
    [3463] => um_disable_native_email_notificatiion
    [3464] => um_after_account_privacy
    [3465] => um_request_user_data
    [3466] => um_add_form_identifier
    [3467] => um_add_security_checks
    [3468] => um_logout_user_links
    [3469] => um_update_profile_full_name
    [3470] => um_browser_url_redirect_to
    [3471] => um_add_update_notice
    [3472] => um_form_notices_additional_tags
    [3473] => um_custom_wp_err_messages
    [3474] => um_wp_form_errors_hook_ip_test
    [3475] => um_wp_form_errors_hook_logincheck
    [3476] => um_lostpassword_url
    [3477] => um_profile_field_filter_hook__oembed
    [3478] => um_profile_field_filter_hook__soundcloud_track
    [3479] => um_profile_field_filter_hook__youtube_video
    [3480] => um_profile_field_filter_hook__spotify
    [3481] => um_profile_field_filter_hook__vimeo_video
    [3482] => um_profile_field_filter_hook__phone
    [3483] => um_profile_field_filter_hook__viber
    [3484] => um_profile_field_filter_hook__whatsapp
    [3485] => um_profile_field_filter_hook__googlemap
    [3486] => um_profile_field_filter_hook__user_registered
    [3487] => um_profile_field_filter_hook__last_login
    [3488] => um_profile_field_filter_hook__textarea
    [3489] => um_profile_field_filter_hook__time
    [3490] => um_profile_field_filter_hook__date
    [3491] => um_profile_field_filter_hook__file
    [3492] => um_profile_field_filter_hook__image
    [3493] => um_profile_field_filter_hook__
    [3494] => um_get_form_fields
    [3495] => um_get_custom_field_array
    [3496] => um_force_utf8_fields
    [3497] => um_is_selected_filter_value
    [3498] => um_select_dropdown_dynamic_options_to_utf8
    [3499] => um_field_non_utf8_value
    [3500] => um_select_dropdown_dynamic_callback_options
    [3501] => um_option_match_callback_view_field
    [3502] => um_profile_field__select_translate
    [3503] => um_profile_field_filter_xss_validation
    [3504] => um_submit_form_data_trim_fields
    [3505] => um_submit_form_data_role_fields
    [3506] => um_edit_url_field_value
    [3507] => um_view_label_birth_date
    [3508] => um_md_label_birth_date
    [3509] => um_multisite_urls_support
    [3510] => um_add_custom_message_to_menu
    [3511] => um_conditional_nav_menu
    [3512] => um_get_nav_menu_items
    [3513] => um_avatar_defaults
    [3514] => um_get_avatar
    [3515] => um_filter_get_avatar_url
    [3516] => um_clean_user_basename_filter
    [3517] => um_before_update_profile
    [3518] => um_dynamic_user_profile_pagetitle
    [3519] => um_dynamic_user_profile_title
    [3520] => um_get_canonical_url
    [3521] => um_change_profile_cover_photo_label
    [3522] => um_change_profile_photo_label
    [3523] => um_account_disable_name_fields
    [3524] => um_account_sanitize_data
    [3525] => um_account_profile_noindex_value
    [3526] => um_pretty_number_formatting
    [3527] => um_comment_link_to_profile
    [3528] => as_enqueue_async_action
    [3529] => as_schedule_single_action
    [3530] => as_schedule_recurring_action
    [3531] => as_schedule_cron_action
    [3532] => as_unschedule_action
    [3533] => as_unschedule_all_actions
    [3534] => as_next_scheduled_action
    [3535] => as_has_scheduled_action
    [3536] => as_get_scheduled_actions
    [3537] => as_get_datetime_object
    [3538] => wc_schedule_single_action
    [3539] => wc_schedule_recurring_action
    [3540] => wc_schedule_cron_action
    [3541] => wc_unschedule_action
    [3542] => wc_next_scheduled_action
    [3543] => wc_get_scheduled_actions
    [3544] => wpcf7_add_form_tag_acceptance
    [3545] => wpcf7_acceptance_form_tag_handler
    [3546] => wpcf7_acceptance_validation_filter
    [3547] => wpcf7_acceptance_filter
    [3548] => wpcf7_acceptance_form_class_attr
    [3549] => wpcf7_acceptance_as_validation
    [3550] => wpcf7_acceptance_mail_tag
    [3551] => wpcf7_add_tag_generator_acceptance
    [3552] => wpcf7_tag_generator_acceptance
    [3553] => wpcf7_akismet_register_service
    [3554] => wpcf7_akismet
    [3555] => wpcf7_akismet_is_available
    [3556] => wpcf7_akismet_submitted_params
    [3557] => wpcf7_akismet_comment_check
    [3558] => wpcf7_akismet_posted_data
    [3559] => wpcf7_akismet_default_template
    [3560] => wpcf7_add_form_tag_checkbox
    [3561] => wpcf7_checkbox_form_tag_handler
    [3562] => wpcf7_swv_add_checkbox_rules
    [3563] => wpcf7_swv_add_checkbox_enum_rules
    [3564] => wpcf7_posted_data_checkbox
    [3565] => wpcf7_add_tag_generator_checkbox_and_radio
    [3566] => wpcf7_tag_generator_checkbox
    [3567] => wpcf7_constant_contact_register_service
    [3568] => wpcf7_add_form_tag_count
    [3569] => wpcf7_count_form_tag_handler
    [3570] => wpcf7_add_form_tag_date
    [3571] => wpcf7_date_form_tag_handler
    [3572] => wpcf7_swv_add_date_rules
    [3573] => wpcf7_date_messages
    [3574] => wpcf7_add_tag_generator_date
    [3575] => wpcf7_tag_generator_date
    [3576] => wpcf7_disallowed_list
    [3577] => wpcf7_check_disallowed_list
    [3578] => wpcf7_blacklist_check
    [3579] => wpcf7_doihelper_start_session
    [3580] => wpcf7_add_form_tag_file
    [3581] => wpcf7_file_form_tag_handler
    [3582] => wpcf7_swv_add_file_rules
    [3583] => wpcf7_file_mail_tag
    [3584] => wpcf7_add_tag_generator_file
    [3585] => wpcf7_tag_generator_file
    [3586] => wpcf7_flamingo_submit
    [3587] => wpcf7_flamingo_get_value
    [3588] => wpcf7_flamingo_add_channel
    [3589] => wpcf7_flamingo_update_channel
    [3590] => wpcf7_flamingo_serial_number
    [3591] => wpcf7_add_form_tag_hidden
    [3592] => wpcf7_hidden_form_tag_handler
    [3593] => wpcf7_listo
    [3594] => wpcf7_add_form_tag_number
    [3595] => wpcf7_number_form_tag_handler
    [3596] => wpcf7_swv_add_number_rules
    [3597] => wpcf7_number_messages
    [3598] => wpcf7_add_tag_generator_number
    [3599] => wpcf7_tag_generator_number
    [3600] => wpcf7_add_form_tag_quiz
    [3601] => wpcf7_quiz_form_tag_handler
    [3602] => wpcf7_quiz_validation_filter
    [3603] => wpcf7_quiz_ajax_refill
    [3604] => wpcf7_quiz_messages
    [3605] => wpcf7_add_tag_generator_quiz
    [3606] => wpcf7_tag_generator_quiz
    [3607] => wpcf7_add_form_tag_captcha
    [3608] => wpcf7_captchac_form_tag_handler
    [3609] => wpcf7_captchar_form_tag_handler
    [3610] => wpcf7_captcha_validation_filter
    [3611] => wpcf7_captcha_ajax_refill
    [3612] => wpcf7_captcha_messages
    [3613] => wpcf7_captcha_display_warning_message
    [3614] => wpcf7_init_captcha
    [3615] => wpcf7_captcha_tmp_dir
    [3616] => wpcf7_captcha_tmp_url
    [3617] => wpcf7_captcha_url
    [3618] => wpcf7_generate_captcha
    [3619] => wpcf7_check_captcha
    [3620] => wpcf7_remove_captcha
    [3621] => wpcf7_cleanup_captcha_files
    [3622] => wpcf7_captchac_options
    [3623] => wpcf7_recaptcha_register_service
    [3624] => wpcf7_recaptcha_enqueue_scripts
    [3625] => wpcf7_recaptcha_add_hidden_fields
    [3626] => wpcf7_recaptcha_verify_response
    [3627] => wpcf7_recaptcha_add_form_tag_recaptcha
    [3628] => wpcf7_upgrade_recaptcha_v2_v3
    [3629] => wpcf7_admin_init_recaptcha_v2_v3
    [3630] => wpcf7_admin_menu_change_notice_recaptcha_v2_v3
    [3631] => wpcf7_admin_warnings_recaptcha_v2_v3
    [3632] => wpcf7_add_form_tag_reflection
    [3633] => wpcf7_reflection_form_tag_handler
    [3634] => wpcf7_output_form_tag_handler
    [3635] => wpcf7_add_form_tag_response
    [3636] => wpcf7_response_form_tag_handler
    [3637] => wpcf7_add_form_tag_select
    [3638] => wpcf7_select_form_tag_handler
    [3639] => wpcf7_swv_add_select_rules
    [3640] => wpcf7_swv_add_select_enum_rules
    [3641] => wpcf7_add_tag_generator_menu
    [3642] => wpcf7_tag_generator_menu
    [3643] => wpcf7_sendinblue_register_service
    [3644] => wpcf7_sendinblue_submit
    [3645] => wpcf7_sendinblue_collect_parameters
    [3646] => wpcf7_sendinblue_register_property
    [3647] => wpcf7_sendinblue_save_contact_form
    [3648] => wpcf7_sendinblue_editor_panels
    [3649] => wpcf7_sendinblue_get_lists
    [3650] => wpcf7_sendinblue_doi_register_agent
    [3651] => wpcf7_sendinblue_doi_default_optin_callback
    [3652] => wpcf7_sendinblue_doi_default_email_callback
    [3653] => wpcf7_stripe_register_service
    [3654] => wpcf7_stripe_enqueue_scripts
    [3655] => wpcf7_stripe_skip_spam_check
    [3656] => wpcf7_stripe_verify_payment_intent
    [3657] => wpcf7_stripe_before_send_mail
    [3658] => wpcf7_stripe_get_payment_link
    [3659] => wpcf7_stripe_smt
    [3660] => wpcf7_stripe_add_flamingo_inbound_message_params
    [3661] => wpcf7_add_form_tag_stripe
    [3662] => wpcf7_stripe_form_tag_handler
    [3663] => wpcf7_add_form_tag_submit
    [3664] => wpcf7_submit_form_tag_handler
    [3665] => wpcf7_add_tag_generator_submit
    [3666] => wpcf7_tag_generator_submit
    [3667] => wpcf7_add_form_tag_text
    [3668] => wpcf7_text_form_tag_handler
    [3669] => wpcf7_swv_add_text_rules
    [3670] => wpcf7_text_messages
    [3671] => wpcf7_add_tag_generator_text
    [3672] => wpcf7_tag_generator_text
    [3673] => wpcf7_add_form_tag_textarea
    [3674] => wpcf7_textarea_form_tag_handler
    [3675] => wpcf7_swv_add_textarea_rules
    [3676] => wpcf7_add_tag_generator_textarea
    [3677] => wpcf7_tag_generator_textarea
    [3678] => wpcf7_turnstile_register_service
    [3679] => wpcf7_turnstile_enqueue_scripts
    [3680] => wpcf7_add_form_tag_turnstile
    [3681] => wpcf7_turnstile_form_tag_handler
    [3682] => wpcf7_turnstile_prepend_widget
    [3683] => wpcf7_turnstile_verify_response
    [3684] => wpcf7_flamingo_inbound_message_parameters_turnstile
    [3685] => happyforms_get_cache
    [3686] => happyforms_get_part_label
    [3687] => happyforms_csv_is_part_visible
    [3688] => happyforms_get_csv_header
    [3689] => happyforms_get_csv_value
    [3690] => happyforms_get_message_part_value
    [3691] => happyforms_the_message_part_value
    [3692] => happyforms_stringify_part_value
    [3693] => happyforms_customizer_url
    [3694] => happyforms_get_form_edit_link
    [3695] => happyforms_get_all_form_link
    [3696] => happyforms_admin_footer
    [3697] => happyforms_get_countries
    [3698] => happyforms_is_preview
    [3699] => happyforms_get_email_part_label
    [3700] => happyforms_get_email_part_value
    [3701] => happyforms_email_is_part_visible
    [3702] => happyforms_owner_email_template_path
    [3703] => happyforms_user_email_template_path
    [3704] => happyforms_is_preview_context
    [3705] => happyforms_is_block_context
    [3706] => happyforms_is_gutenberg
    [3707] => happyforms_update_meta
    [3708] => happyforms_get_meta
    [3709] => happyforms_delete_meta
    [3710] => happyforms_meta_exists
    [3711] => happyforms_unprefix_meta
    [3712] => happyforms_prefix_meta
    [3713] => happyforms_get_message_title
    [3714] => happyforms_explode_value
    [3715] => happyforms_customize_get_current_form
    [3716] => happyforms_get_part_customize_fields
    [3717] => happyforms_get_part_customize_template_path
    [3718] => happyforms_get_part_frontend_template_path
    [3719] => happyforms_get_php_locales
    [3720] => happyforms_customize_part_footer
    [3721] => happyforms_customize_part_logic
    [3722] => happyforms_customize_part_choice_logic
    [3723] => happyforms_customize_part_choice_footer
    [3724] => happyforms_customize_part_width_control
    [3725] => happyforms_get_validation_message
    [3726] => happyforms_debug_log_enabled
    [3727] => happyforms_log_error
    [3728] => happyforms_cache_get
    [3729] => happyforms_cache_set
    [3730] => happyforms_is_email
    [3731] => happyforms_is_admin_screen
    [3732] => happyforms_safe_array_merge
    [3733] => happyforms_concatenate_scripts
    [3734] => happyforms_concatenate_styles
    [3735] => happyforms_random_number
    [3736] => happyforms_random_range
    [3737] => happyforms_shuffle_array
    [3738] => happyforms_the_external_link_icon
    [3739] => happyforms_is_form_edit_screen
    [3740] => happyforms_is_spambot
    [3741] => happyforms_validate_honeypot
    [3742] => happyforms_validate_hash
    [3743] => happyforms_validate_browser
    [3744] => happyforms_parse_pixel_value
    [3745] => happyforms_get_frontend_stylesheet_url
    [3746] => happyforms_validation_messages
    [3747] => happyforms_get_tracking
    [3748] => happyforms_get_form_assets
    [3749] => happyforms_get_form_controller
    [3750] => happyforms_get_message_controller
    [3751] => happyforms_get_part_library
    [3752] => happyforms_get_styles
    [3753] => happyforms_get_setup
    [3754] => happyforms_get_email
    [3755] => happyforms_get_messages
    [3756] => happyforms_get_session
    [3757] => happyforms_form_field
    [3758] => happyforms_action_field
    [3759] => happyforms_client_referer_field
    [3760] => happyforms_current_post_id
    [3761] => happyforms_honeypot
    [3762] => happyforms_submit
    [3763] => happyforms_message_notices
    [3764] => happyforms_part_error_message
    [3765] => happyforms_the_message_notices
    [3766] => happyforms_the_part_error_message
    [3767] => happyforms_get_error_icon
    [3768] => happyforms_print_part_description
    [3769] => happyforms_get_form_action
    [3770] => happyforms_form_action
    [3771] => happyforms_get_part_name
    [3772] => happyforms_the_part_name
    [3773] => happyforms_get_part_value
    [3774] => happyforms_the_part_value
    [3775] => happyforms_get_part_preview_value
    [3776] => happyforms_the_part_preview_value
    [3777] => happyforms_get_part_attributes
    [3778] => happyforms_the_part_attributes
    [3779] => happyforms_get_form_title
    [3780] => happyforms_get_form_wrapper_id
    [3781] => happyforms_get_form_id
    [3782] => happyforms_the_form_id
    [3783] => happyforms_get_form_container_id
    [3784] => happyforms_the_form_container_id
    [3785] => happyforms_get_form_class
    [3786] => happyforms_the_form_class
    [3787] => happyforms_get_form_part
    [3788] => happyforms_the_form_part
    [3789] => happyforms_get_part_class
    [3790] => happyforms_the_part_class
    [3791] => happyforms_get_part_id
    [3792] => happyforms_the_part_id
    [3793] => happyforms_get_form_styles
    [3794] => happyforms_the_form_styles
    [3795] => happyforms_additional_css
    [3796] => happyforms_get_form_property
    [3797] => happyforms_get_part_data_attributes
    [3798] => happyforms_the_part_data_attributes
    [3799] => happyforms_the_part_label
    [3800] => happyforms_get_part_options
    [3801] => happyforms_get_months
    [3802] => happyforms_get_days
    [3803] => happyforms_get_site_date_format
    [3804] => happyforms_select
    [3805] => happyforms_get_steps
    [3806] => happyforms_get_current_step
    [3807] => happyforms_get_next_step
    [3808] => happyforms_get_last_step
    [3809] => happyforms_is_last_step
    [3810] => happyforms_step_field
    [3811] => happyforms_is_falsy
    [3812] => happyforms_is_truthy
    [3813] => happyforms_get_rating_icons
    [3814] => happyforms_get_narrative_format
    [3815] => happyforms_get_narrative_tokens
    [3816] => happyforms_get_form_attributes
    [3817] => happyforms_the_form_attributes
    [3818] => happyforms_get_shortcode
    [3819] => happyforms_get_previous_part
    [3820] => happyforms_get_next_part
    [3821] => happyforms_get_form_partial
    [3822] => happyforms_is_stepping
    [3823] => happyforms_get_part_states
    [3824] => happyforms_get_prefixed_css
    [3825] => happyforms_parts_autocorrect_attribute
    [3826] => happyforms_get_client_ip
    [3827] => happyforms_upgrade_get_option_limiter
    [3828] => happyforms_get_shuffle_parts
    [3829] => happyforms_get_block
    [3830] => happyforms_get_email_encoder
    [3831] => happyforms_get_deactivation
    [3832] => happyforms_answer_limiter_dummy
    [3833] => replace_user_info_in_menu
    [3834] => register_course_key_cpt
    [3835] => course_key_meta_boxes
    [3836] => course_key_meta_callback
    [3837] => save_course_key_meta
    [3838] => auto_generate_course_key
    [3839] => start_session
    [3840] => handle_course_key_activation
    [3841] => display_course_key_notices
    [3842] => add_course_key_columns
    [3843] => populate_course_key_columns
    [3844] => course_key_activation_url_shortcode
    [3845] => debug_tutor_lms_status
    [3846] => fallback_enroll_student
    [3847] => astra_default_filter_input
    [3848] => astra_default_strings
    [3849] => astra_use_dynamic_blog_layouts
    [3850] => astra_get_taxonomy_banner_legacy_layout
    [3851] => astra_is_amp_endpoint
    [3852] => astra_get_tablet_breakpoint
    [3853] => astra_get_mobile_breakpoint
    [3854] => astra_get_fonts_display_property
    [3855] => astra_get_responsive_background_obj
    [3856] => astra_check_pagination_enabled
    [3857] => astra_check_current_post_comment_enabled
    [3858] => astra_zero_font_size_case
    [3859] => astra_wp_version_compare
    [3860] => astra_block_based_legacy_setup
    [3861] => astra_check_is_structural_setup
    [3862] => astra_check_old_sidebar_user
    [3863] => astra_load_woocommerce_login_form_password_icon
    [3864] => astra_narrow_container_width
    [3865] => astra_get_sidebar_layout_for_editor
    [3866] => astra_get_filter_svg
    [3867] => astra_hex_to_rgb
    [3868] => astra_split_rgba
    [3869] => astra_render_svg_mask
    [3870] => astra_get_logo_svg_icons_array
    [3871] => astra_get_post_type
    [3872] => astra_get_upgrade_url
    [3873] => astra_icon_selector_svg
    [3874] => astra_get_foreground_color
    [3875] => astra_css
    [3876] => astra_responsive_font
    [3877] => astra_get_font_css_value
    [3878] => astra_get_font_family
    [3879] => astra_get_css_value
    [3880] => astra_get_background_obj
    [3881] => astra_parse_css
    [3882] => astra_get_options
    [3883] => astra_get_option
    [3884] => astra_get_i18n_option
    [3885] => astra_get_i18n_string
    [3886] => astra_update_option
    [3887] => astra_delete_option
    [3888] => astra_get_option_meta
    [3889] => astra_get_post_id
    [3890] => astra_primary_class
    [3891] => astra_get_primary_class
    [3892] => astra_secondary_class
    [3893] => astra_get_secondary_class
    [3894] => astra_get_post_format
    [3895] => astra_the_post_title
    [3896] => astra_the_search_page_title
    [3897] => astra_the_title
    [3898] => astra_get_the_title
    [3899] => astra_archive_page_info
    [3900] => astra_adjust_brightness
    [3901] => astra_hex_to_rgba
    [3902] => astra_enable_page_builder_compatibility
    [3903] => astra_get_pro_url
    [3904] => astra_get_search_form
    [3905] => astra_responsive_spacing
    [3906] => astra_color_responsive_css
    [3907] => astra_check_is_bb_themer_layout
    [3908] => astra_is_white_labelled
    [3909] => astra_clear_all_assets_cache
    [3910] => astra_theme_background_updater_4_0_0
    [3911] => astra_theme_background_updater_4_0_2
    [3912] => astra_theme_background_updater_4_1_0
    [3913] => astra_theme_background_updater_4_1_4
    [3914] => astra_theme_background_updater_4_1_6
    [3915] => astra_theme_background_updater_4_1_7
    [3916] => astra_theme_background_updater_4_2_0
    [3917] => astra_apply_layout_migration
    [3918] => astra_theme_background_updater_4_2_2
    [3919] => astra_theme_background_updater_4_4_0
    [3920] => astra_theme_background_updater_4_5_0
    [3921] => astra_theme_background_updater_4_5_2
    [3922] => astra_theme_background_updater_4_6_0
    [3923] => astra_theme_background_updater_4_6_2
    [3924] => astra_theme_background_updater_4_6_4
    [3925] => astra_theme_background_updater_4_6_5
    [3926] => astra_theme_background_updater_4_6_6
    [3927] => astra_theme_background_updater_4_6_11
    [3928] => astra_theme_background_updater_4_6_12
    [3929] => astra_theme_background_updater_4_6_14
    [3930] => astra_theme_background_updater_4_7_0
    [3931] => astra_theme_background_updater_4_7_1
    [3932] => astra_theme_background_updater_4_8_0
    [3933] => astra_theme_background_updater_4_8_2
    [3934] => astra_theme_background_updater_4_8_4
    [3935] => astra_theme_background_updater_4_8_7
    [3936] => astra_theme_background_updater_4_8_9
    [3937] => astra_theme_background_updater_4_8_10
    [3938] => astra_theme_background_updater_4_9_0
    [3939] => astra_theme_background_updater_4_10_0
    [3940] => astra_webfont_loader_instance
    [3941] => astra_docs_loader_instance
    [3942] => astra_old_header_custom_menu_css
    [3943] => astra_check_any_page_builder_is_active
    [3944] => astra_container_layout_css
    [3945] => astra_icons_static_css
    [3946] => astra_get_block_editor_required_css
    [3947] => astra_block_editor_compatibility_css
    [3948] => astra_load_modern_block_editor_ui
    [3949] => astra_inline_on_mobile_css
    [3950] => astra_content_background_css
    [3951] => astra_apply_unboxed_container
    [3952] => astra_dark_palette_css
    [3953] => astra_generate_global_palette_style
    [3954] => astra_entry_footer
    [3955] => astra_widget_tag_cloud_args
    [3956] => astra_filter_widget_tag_cloud
    [3957] => astra_widgets_init
    [3958] => astra_current_theme_supports
    [3959] => astra_html_before
    [3960] => astra_body_top
    [3961] => astra_body_bottom
    [3962] => astra_head_top
    [3963] => astra_head_bottom
    [3964] => astra_header_before
    [3965] => astra_header
    [3966] => astra_masthead_top
    [3967] => astra_masthead
    [3968] => astra_masthead_bottom
    [3969] => astra_header_after
    [3970] => astra_main_header_bar_top
    [3971] => astra_main_header_bar_bottom
    [3972] => astra_masthead_content
    [3973] => astra_masthead_toggle_buttons_before
    [3974] => astra_masthead_toggle_buttons
    [3975] => astra_masthead_toggle_buttons_after
    [3976] => astra_content_before
    [3977] => astra_content_after
    [3978] => astra_content_top
    [3979] => astra_content_bottom
    [3980] => astra_content_while_before
    [3981] => astra_content_loop
    [3982] => astra_content_page_loop
    [3983] => astra_content_while_after
    [3984] => astra_entry_before
    [3985] => astra_entry_after
    [3986] => astra_entry_content_before
    [3987] => astra_entry_content_after
    [3988] => astra_entry_top
    [3989] => astra_entry_bottom
    [3990] => astra_single_header_before
    [3991] => astra_single_header_after
    [3992] => astra_single_header_top
    [3993] => astra_single_header_bottom
    [3994] => astra_comments_before
    [3995] => astra_comments_after
    [3996] => astra_sidebars_before
    [3997] => astra_sidebars_after
    [3998] => astra_footer
    [3999] => astra_footer_before
    [4000] => astra_footer_after
    [4001] => astra_footer_content_top
    [4002] => astra_footer_content
    [4003] => astra_footer_content_bottom
    [4004] => astra_archive_header
    [4005] => astra_pagination
    [4006] => astra_entry_content_single
    [4007] => astra_entry_content_single_page
    [4008] => astra_entry_content_404_page
    [4009] => astra_entry_content_blog
    [4010] => astra_blog_post_featured_format
    [4011] => astra_primary_content_top
    [4012] => astra_primary_content_bottom
    [4013] => astra_404_content_template
    [4014] => astra_register_menu_locations
    [4015] => astra_page_layout
    [4016] => astra_pingback_header
    [4017] => astra_is_content_style_boxed
    [4018] => astra_with_third_party
    [4019] => astra_is_sidebar_style_boxed
    [4020] => astra_apply_boxed_layouts
    [4021] => astra_third_party_archive_meta
    [4022] => astra_add_custom_logo_attributes
    [4023] => astra_logo_svg_icon
    [4024] => astra_get_site_title_tagline
    [4025] => astra_menu_anchor_class_for_nav_menus
    [4026] => astra_menu_anchor_class_for_page_menus
    [4027] => astra_page_css_class
    [4028] => astra_get_header_classes
    [4029] => astra_get_footer_classes
    [4030] => astra_post_navigation_template
    [4031] => astra_skip_elementor_onboarding
    [4032] => astra_bbpress_issue
    [4033] => astra_render_header_svg_mask
    [4034] => astra_single_post_entry_featured_image
    [4035] => astra_setup_article_featured_image
    [4036] => astra_add_aria_expanded_submenu_items_attr
    [4037] => astra_schema_body
    [4038] => astra_body_classes
    [4039] => astra_number_pagination
    [4040] => astra_logo
    [4041] => astra_get_dynamic_header_content
    [4042] => astra_get_search_icon
    [4043] => astra_get_search
    [4044] => astra_get_custom_html
    [4045] => astra_get_custom_button
    [4046] => astra_get_custom_widget
    [4047] => astra_get_small_footer
    [4048] => astra_get_small_footer_custom_text
    [4049] => astra_get_small_footer_menu
    [4050] => astra_header_markup
    [4051] => astra_site_branding_markup
    [4052] => astra_toggle_buttons_markup
    [4053] => astra_primary_navigation_markup
    [4054] => astra_footer_markup
    [4055] => astra_header_break_point
    [4056] => astra_edit_post_link
    [4057] => astra_header_classes
    [4058] => astra_footer_classes
    [4059] => astra_comment_form_default_fields_markup
    [4060] => astra_comment_form_default_markup
    [4061] => astra_the_excerpt
    [4062] => astra_get_sidebar
    [4063] => astra_get_footer_widget
    [4064] => astra_entry_header_class
    [4065] => astra_get_post_thumbnail
    [4066] => astra_replace_header_attr
    [4067] => astra_color_palette
    [4068] => astra_get_theme_name
    [4069] => astra_get_addon_name
    [4070] => astra_toggle_layout
    [4071] => astra_migrate_meta_layout
    [4072] => astra_attr
    [4073] => astra_get_theme_author_details
    [4074] => astra_dropdown_icon_to_menu_link
    [4075] => astra_existing_header_footer_configs
    [4076] => astra_calculate_spacing
    [4077] => astra_markup_open
    [4078] => astra_markup_close
    [4079] => astra_target_rules_for_related_posts
    [4080] => astra_is_elemetor_active
    [4081] => astra_addon_check_version
    [4082] => astra_get_webfont_url
    [4083] => astra_load_preload_local_fonts
    [4084] => astra_get_transparent_header_default_value
    [4085] => astra_has_gcp_typo_preset_compatibility
    [4086] => astra_button_default_padding_updated
    [4087] => astra_scndry_btn_default_padding
    [4088] => astra_has_widgets_block_editor
    [4089] => astra_can_remove_elementor_toc_margin_space
    [4090] => astra_can_add_styling_for_hr
    [4091] => astra_has_global_color_format_support
    [4092] => astra_get_palette_colors
    [4093] => astra_get_palette_names
    [4094] => astra_get_typography_presets
    [4095] => astra_clear_theme_addon_asset_cache
    [4096] => astra_maybe_disable_global_color_in_elementor
    [4097] => astra_check_elementor_pro_3_5_version
    [4098] => astra_apply_content_background_fullwidth_layouts
    [4099] => astra_search_static_css
    [4100] => astra_showcase_upgrade_notices
    [4101] => astra_get_font_extras
    [4102] => astra_get_font_array_css
    [4103] => astra_get_site_image_sizes
    [4104] => astra_get_dynamic_image_aspect_ratio
    [4105] => astra_get_current_language_slug
    [4106] => astra_get_queried_post_types
    [4107] => astra_get_palette_presets
    [4108] => astra_get_blog_layout
    [4109] => astra_get_blog_posts_per_page
    [4110] => astra_remote_docs_data
    [4111] => astra_customizer_live_search_posttypes
    [4112] => astra_customizer_search_post_types_choices
    [4113] => astra_enable_edd_featured_image_defaults
    [4114] => astra_body_font_family
    [4115] => astra_header_breakpoint_style
    [4116] => astra_404_page_layout
    [4117] => astra_is_logo_in_section
    [4118] => astra_get_content_layout
    [4119] => astra_check_is_ie
    [4120] => astra_replace_header_logo
    [4121] => astra_strposa
    [4122] => astra_get_prop
    [4123] => astra_get_dynamic_taxonomy
    [4124] => astra_get_author_id
    [4125] => astra_author_avatar
    [4126] => astra_get_dynamic_post_format
    [4127] => astra_get_category_list
    [4128] => astra_get_tag_list
    [4129] => astra_post_author_name
    [4130] => astra_get_post_meta
    [4131] => astra_post_date
    [4132] => astra_post_author
    [4133] => astra_post_link
    [4134] => astra_post_comments
    [4135] => astra_post_tags
    [4136] => astra_post_categories
    [4137] => astra_blog_layout_class
    [4138] => astra_get_blog_layout_class
    [4139] => astra_the_content_more_link
    [4140] => astra_add_blog_layout_class
    [4141] => astra_get_blog_post_title
    [4142] => astra_get_last_meta_word
    [4143] => astra_get_archive_description
    [4144] => astra_banner_elements_order
    [4145] => astra_blog_post_per_page
    [4146] => astra_primary_class_blog_layout
    [4147] => astra_blog_layout_customization
    [4148] => astra_blog_layout_template
    [4149] => astra_custom_excerpt_length
    [4150] => astra_remove_link_from_featured_image
    [4151] => astra_blog_body_classes
    [4152] => astra_post_class_blog_grid
    [4153] => astra_blog_get_post_meta
    [4154] => astra_blog_post_get_featured_item
    [4155] => astra_blog_post_thumbnail_and_title_order
    [4156] => astra_get_blog_post_thumbnail
    [4157] => astra_get_blog_post_title_meta
    [4158] => astra_get_audios_from_post
    [4159] => astra_get_video_from_post
    [4160] => astra_adjacent_post_links_title
    [4161] => astra_single_body_class
    [4162] => astra_single_post_class
    [4163] => astra_theme_comment
    [4164] => astra_single_post_navigation_markup
    [4165] => astra_entry_content_single_page_template
    [4166] => astra_masthead_get_menu_items
    [4167] => astra_masthead_custom_page_menu_items
    [4168] => astra_masthead_custom_nav_menu_items
    [4169] => astra_masthead_toggle_buttons_primary
    [4170] => astra_footer_small_footer_template
    [4171] => astra_masthead_primary_template
    [4172] => astra_entry_content_single_template
    [4173] => astra_entry_content_blog_template
    [4174] => astra_entry_content_404_page_template
    [4175] => astra_advanced_footer_markup
    [4176] => astra_header_custom_item_outside_menu
    [4177] => astra_footer_bar_display_cb
    [4178] => astra_save_header_customizer_configs
    [4179] => astra_save_footer_customizer_configs
    [4180] => astra_post_single_structure_dynamic_css
    [4181] => astra_post_archive_structure_dynamic_css
    [4182] => astra_special_archive_dynamic_css
    [4183] => astra_related_posts_static_css
    [4184] => astra_related_posts_css
    [4185] => astra_has_submenu_transperent_styling
    [4186] => astra_get_transparent_header_last_active_row
    [4187] => astra_ext_transparent_header_dynamic_css
    [4188] => astra_ext_transparent_above_header_sections_dynamic_css
    [4189] => astra_ext_transparent_below_header_sections_dynamic_css
    [4190] => astra_get_breadcrumb
    [4191] => astra_get_selected_breadcrumb
    [4192] => astra_breadcrumb_trail
    [4193] => astra_get_breadcrumb_trail
    [4194] => astra_breadcrumb_section_dynamic_css
    [4195] => astra_scroll_to_top_static_css
    [4196] => astra_scroll_to_top_dynamic_css
    [4197] => astra_heading_colors_section_dynamic_css
    [4198] => astra_hf_builder_customizer_defaults
    [4199] => astra_prepare_divider_defaults
    [4200] => astra_prepare_button_defaults
    [4201] => astra_prepare_html_defaults
    [4202] => astra_prepare_social_icon_defaults
    [4203] => astra_prepare_widget_defaults
    [4204] => astra_prepare_menu_defaults
    [4205] => astra_above_header_configuration
    [4206] => astra_header_account_configuration
    [4207] => astra_below_header_configuration
    [4208] => astra_header_button_configuration
    [4209] => astra_edd_cart_header_configuration
    [4210] => astra_header_header_builder_configuration
    [4211] => astra_header_widget_configuration
    [4212] => astra_header_html_configuration
    [4213] => astra_header_menu_configuration
    [4214] => astra_header_mobile_menu_configuration
    [4215] => astra_header_mobile_trigger_configuration
    [4216] => astra_header_off_canvas_configuration
    [4217] => astra_primary_header_configuration
    [4218] => astra_header_search_configuration
    [4219] => astra_header_site_identity_configuration
    [4220] => astra_header_social_configuration
    [4221] => astra_header_woo_cart_configuration
    [4222] => astra_above_footer_configuration
    [4223] => astra_below_footer_configuration
    [4224] => astra_button_footer_configuration
    [4225] => astra_copyright_footer_configuration
    [4226] => astra_builder_footer_configuration
    [4227] => astra_html_footer_configuration
    [4228] => astra_menu_footer_configuration
    [4229] => astra_primary_footer_configuration
    [4230] => astra_social_footer_configuration
    [4231] => astra_widget_footer_configuration
    [4232] => astra_hb_site_identity_dynamic_css
    [4233] => astra_off_canvas_row_setting
    [4234] => astra_off_canvas_static_css
    [4235] => astra_dropdown_type_static_css
    [4236] => astra_primary_header_breakpoint_style
    [4237] => astra_hb_button_dynamic_css
    [4238] => astra_hb_menu_dynamic_css
    [4239] => astra_menu_hover_style_css
    [4240] => astra_hb_html_dynamic_css
    [4241] => astra_hb_search_dynamic_css
    [4242] => astra_hb_account_dynamic_css
    [4243] => astra_hb_social_icon_dynamic_css
    [4244] => astra_hb_widget_dynamic_css
    [4245] => astra_mobile_trigger_row_setting
    [4246] => astra_hb_mobile_menu_dynamic_css
    [4247] => astra_above_header_row_setting
    [4248] => astra_below_header_row_setting
    [4249] => astra_fb_below_footer_dynamic_css
    [4250] => astra_hb_footer_menu_dynamic_css
    [4251] => astra_footer_menu_static_css
    [4252] => astra_fb_html_dynamic_css
    [4253] => astra_fb_button_dynamic_css
    [4254] => astra_fb_copyright_dynamic_css
    [4255] => astra_fb_social_icon_dynamic_css
    [4256] => astra_fb_above_footer_dynamic_css
    [4257] => astra_fb_primary_footer_dynamic_css
    [4258] => astra_support_footer_widget_right_margin
    [4259] => astra_fb_widget_dynamic_css
    [4260] => astra_builder
    [4261] => astra_deprecated_color_palette
    [4262] => astra_deprecated_sigle_post_navigation_enabled
    [4263] => astra_deprecated_primary_header_main_rt_section
    [4264] => astra_deprecated_ast_footer_bar_display_filter
    [4265] => astra_deprecated_ast_main_header_display_filter
    [4266] => astra_deprecated_secondary_submenu_border_class_filter
    [4267] => astra_deprecated_gtn_image_group_css_comp_filter
    [4268] => astra_deprecated_ast_footer_sml_layout_filter
    [4269] => astra_deprecated_primary_submenu_border_class_filter
    [4270] => astra_deprecated_astra_single_banner_post_meta_filter
    [4271] => astra_deprecated_astra_get_option_dynamic_blog_layouts_filter
    [4272] => astra_apply_filters_deprecated
    [4273] => astra_deprecated_asta_register_admin_menu_hook
    [4274] => astra_show_deprecated_admin_hooks_warnings
    [4275] => astra_do_action_deprecated
    [4276] => footer_menu_static_css
    [4277] => is_support_footer_widget_right_margin
    [4278] => prepare_button_defaults
    [4279] => prepare_html_defaults
    [4280] => prepare_social_icon_defaults
    [4281] => prepare_widget_defaults
    [4282] => prepare_menu_defaults
    [4283] => prepare_divider_defaults
    [4284] => is_astra_pagination_enabled
    [4285] => is_current_post_comment_enabled
    [4286] => ast_load_preload_local_fonts
    [4287] => ast_get_webfont_url
    [4288] => get_file_description
    [4289] => get_home_path
    [4290] => list_files
    [4291] => wp_get_plugin_file_editable_extensions
    [4292] => wp_get_theme_file_editable_extensions
    [4293] => wp_print_file_editor_templates
    [4294] => wp_edit_theme_plugin_file
    [4295] => wp_tempnam
    [4296] => validate_file_to_edit
    [4297] => _wp_handle_upload
    [4298] => wp_handle_upload
    [4299] => wp_handle_sideload
    [4300] => download_url
    [4301] => verify_file_md5
    [4302] => verify_file_signature
    [4303] => wp_trusted_keys
    [4304] => wp_zip_file_is_valid
    [4305] => unzip_file
    [4306] => _unzip_file_ziparchive
    [4307] => _unzip_file_pclzip
    [4308] => copy_dir
    [4309] => move_dir
    [4310] => wp_filesystem
    [4311] => get_filesystem_method
    [4312] => request_filesystem_credentials
    [4313] => wp_print_request_filesystem_credentials_modal
    [4314] => wp_opcache_invalidate
    [4315] => wp_opcache_invalidate_directory
)

[14-Jul-2025 11:17:37 UTC] [CHECK] Function "tutor_enroll_a_student" exists? NO
[14-Jul-2025 11:17:37 UTC] [CHECK] Function "tutor_utils" exists? YES
[14-Jul-2025 11:17:37 UTC] [CHECK] Function "tutor" exists? YES
[14-Jul-2025 11:17:37 UTC] [CHECK] Function "tutor_get_course_by_enrollment" exists? NO
[14-Jul-2025 11:17:39 UTC] PHP Notice:  Function _load_textdomain_just_in_time was called <strong>incorrectly</strong>. Translation loading for the <code>happyforms</code> domain was triggered too early. This is usually an indicator for some code in the plugin or theme running too early. Translations should be loaded at the <code>init</code> action or later. Please see <a href="https://developer.wordpress.org/advanced-administration/debug/debug-wordpress/">Debugging in WordPress</a> for more information. (This message was added in version 6.7.0.) in /var/www/html/wp-includes/functions.php on line 6121
[14-Jul-2025 11:17:41 UTC] [DEBUG] handle_course_key_activation called
[14-Jul-2025 11:18:39 UTC] PHP Notice:  Function _load_textdomain_just_in_time was called <strong>incorrectly</strong>. Translation loading for the <code>happyforms</code> domain was triggered too early. This is usually an indicator for some code in the plugin or theme running too early. Translations should be loaded at the <code>init</code> action or later. Please see <a href="https://developer.wordpress.org/advanced-administration/debug/debug-wordpress/">Debugging in WordPress</a> for more information. (This message was added in version 6.7.0.) in /var/www/html/wp-includes/functions.php on line 6121
[14-Jul-2025 11:18:48 UTC] [CHECK] Function "tutor_enroll_a_student" exists? NO
[14-Jul-2025 11:18:48 UTC] [CHECK] Function "tutor_utils" exists? YES
[14-Jul-2025 11:18:48 UTC] [CHECK] Function "tutor" exists? YES
[14-Jul-2025 11:18:48 UTC] [CHECK] Function "tutor_get_course_by_enrollment" exists? NO
[14-Jul-2025 11:20:38 UTC] PHP Notice:  Function _load_textdomain_just_in_time was called <strong>incorrectly</strong>. Translation loading for the <code>happyforms</code> domain was triggered too early. This is usually an indicator for some code in the plugin or theme running too early. Translations should be loaded at the <code>init</code> action or later. Please see <a href="https://developer.wordpress.org/advanced-administration/debug/debug-wordpress/">Debugging in WordPress</a> for more information. (This message was added in version 6.7.0.) in /var/www/html/wp-includes/functions.php on line 6121
[14-Jul-2025 11:20:40 UTC] [CHECK] Function "tutor_enroll_a_student" exists? NO
[14-Jul-2025 11:20:40 UTC] [CHECK] Function "tutor_utils" exists? YES
[14-Jul-2025 11:20:40 UTC] [CHECK] Function "tutor" exists? YES
[14-Jul-2025 11:20:40 UTC] [CHECK] Function "tutor_get_course_by_enrollment" exists? NO
[14-Jul-2025 11:22:38 UTC] PHP Notice:  Function _load_textdomain_just_in_time was called <strong>incorrectly</strong>. Translation loading for the <code>happyforms</code> domain was triggered too early. This is usually an indicator for some code in the plugin or theme running too early. Translations should be loaded at the <code>init</code> action or later. Please see <a href="https://developer.wordpress.org/advanced-administration/debug/debug-wordpress/">Debugging in WordPress</a> for more information. (This message was added in version 6.7.0.) in /var/www/html/wp-includes/functions.php on line 6121
[14-Jul-2025 11:22:41 UTC] [CHECK] Function "tutor_enroll_a_student" exists? NO
[14-Jul-2025 11:22:41 UTC] [CHECK] Function "tutor_utils" exists? YES
[14-Jul-2025 11:22:41 UTC] [CHECK] Function "tutor" exists? YES
[14-Jul-2025 11:22:41 UTC] [CHECK] Function "tutor_get_course_by_enrollment" exists? NO
[14-Jul-2025 11:24:40 UTC] PHP Notice:  Function _load_textdomain_just_in_time was called <strong>incorrectly</strong>. Translation loading for the <code>happyforms</code> domain was triggered too early. This is usually an indicator for some code in the plugin or theme running too early. Translations should be loaded at the <code>init</code> action or later. Please see <a href="https://developer.wordpress.org/advanced-administration/debug/debug-wordpress/">Debugging in WordPress</a> for more information. (This message was added in version 6.7.0.) in /var/www/html/wp-includes/functions.php on line 6121
[14-Jul-2025 11:24:43 UTC] [CHECK] Function "tutor_enroll_a_student" exists? NO
[14-Jul-2025 11:24:43 UTC] [CHECK] Function "tutor_utils" exists? YES
[14-Jul-2025 11:24:43 UTC] [CHECK] Function "tutor" exists? YES
[14-Jul-2025 11:24:43 UTC] [CHECK] Function "tutor_get_course_by_enrollment" exists? NO
[14-Jul-2025 11:26:40 UTC] PHP Notice:  Function _load_textdomain_just_in_time was called <strong>incorrectly</strong>. Translation loading for the <code>happyforms</code> domain was triggered too early. This is usually an indicator for some code in the plugin or theme running too early. Translations should be loaded at the <code>init</code> action or later. Please see <a href="https://developer.wordpress.org/advanced-administration/debug/debug-wordpress/">Debugging in WordPress</a> for more information. (This message was added in version 6.7.0.) in /var/www/html/wp-includes/functions.php on line 6121
[14-Jul-2025 11:26:43 UTC] [CHECK] Function "tutor_enroll_a_student" exists? NO
[14-Jul-2025 11:26:43 UTC] [CHECK] Function "tutor_utils" exists? YES
[14-Jul-2025 11:26:43 UTC] [CHECK] Function "tutor" exists? YES
[14-Jul-2025 11:26:43 UTC] [CHECK] Function "tutor_get_course_by_enrollment" exists? NO
[14-Jul-2025 11:28:47 UTC] PHP Notice:  Function _load_textdomain_just_in_time was called <strong>incorrectly</strong>. Translation loading for the <code>happyforms</code> domain was triggered too early. This is usually an indicator for some code in the plugin or theme running too early. Translations should be loaded at the <code>init</code> action or later. Please see <a href="https://developer.wordpress.org/advanced-administration/debug/debug-wordpress/">Debugging in WordPress</a> for more information. (This message was added in version 6.7.0.) in /var/www/html/wp-includes/functions.php on line 6121
[14-Jul-2025 11:28:59 UTC] [CHECK] Function "tutor_enroll_a_student" exists? NO
[14-Jul-2025 11:28:59 UTC] [CHECK] Function "tutor_utils" exists? YES
[14-Jul-2025 11:28:59 UTC] [CHECK] Function "tutor" exists? YES
[14-Jul-2025 11:28:59 UTC] [CHECK] Function "tutor_get_course_by_enrollment" exists? NO
[14-Jul-2025 11:29:36 UTC] PHP Notice:  Function _load_textdomain_just_in_time was called <strong>incorrectly</strong>. Translation loading for the <code>happyforms</code> domain was triggered too early. This is usually an indicator for some code in the plugin or theme running too early. Translations should be loaded at the <code>init</code> action or later. Please see <a href="https://developer.wordpress.org/advanced-administration/debug/debug-wordpress/">Debugging in WordPress</a> for more information. (This message was added in version 6.7.0.) in /var/www/html/wp-includes/functions.php on line 6121
[14-Jul-2025 12:12:58 UTC] [CHECK] Function "tutor_enroll_a_student" exists? NO
[14-Jul-2025 12:12:58 UTC] [CHECK] Function "tutor_utils" exists? YES
[14-Jul-2025 12:12:59 UTC] [CHECK] Function "tutor" exists? YES
[14-Jul-2025 12:12:59 UTC] [CHECK] Function "tutor_get_course_by_enrollment" exists? NO
[14-Jul-2025 12:18:01 UTC] PHP Notice:  Function _load_textdomain_just_in_time was called <strong>incorrectly</strong>. Translation loading for the <code>happyforms</code> domain was triggered too early. This is usually an indicator for some code in the plugin or theme running too early. Translations should be loaded at the <code>init</code> action or later. Please see <a href="https://developer.wordpress.org/advanced-administration/debug/debug-wordpress/">Debugging in WordPress</a> for more information. (This message was added in version 6.7.0.) in /var/www/html/wp-includes/functions.php on line 6121
[14-Jul-2025 12:18:21 UTC] PHP Notice:  Function _load_textdomain_just_in_time was called <strong>incorrectly</strong>. Translation loading for the <code>happyforms</code> domain was triggered too early. This is usually an indicator for some code in the plugin or theme running too early. Translations should be loaded at the <code>init</code> action or later. Please see <a href="https://developer.wordpress.org/advanced-administration/debug/debug-wordpress/">Debugging in WordPress</a> for more information. (This message was added in version 6.7.0.) in /var/www/html/wp-includes/functions.php on line 6121
[14-Jul-2025 12:21:52 UTC] PHP Notice:  Function _load_textdomain_just_in_time was called <strong>incorrectly</strong>. Translation loading for the <code>happyforms</code> domain was triggered too early. This is usually an indicator for some code in the plugin or theme running too early. Translations should be loaded at the <code>init</code> action or later. Please see <a href="https://developer.wordpress.org/advanced-administration/debug/debug-wordpress/">Debugging in WordPress</a> for more information. (This message was added in version 6.7.0.) in /var/www/html/wp-includes/functions.php on line 6121
[14-Jul-2025 12:22:03 UTC] PHP Notice:  Function _load_textdomain_just_in_time was called <strong>incorrectly</strong>. Translation loading for the <code>happyforms</code> domain was triggered too early. This is usually an indicator for some code in the plugin or theme running too early. Translations should be loaded at the <code>init</code> action or later. Please see <a href="https://developer.wordpress.org/advanced-administration/debug/debug-wordpress/">Debugging in WordPress</a> for more information. (This message was added in version 6.7.0.) in /var/www/html/wp-includes/functions.php on line 6121
[14-Jul-2025 12:22:23 UTC] PHP Notice:  Function _load_textdomain_just_in_time was called <strong>incorrectly</strong>. Translation loading for the <code>happyforms</code> domain was triggered too early. This is usually an indicator for some code in the plugin or theme running too early. Translations should be loaded at the <code>init</code> action or later. Please see <a href="https://developer.wordpress.org/advanced-administration/debug/debug-wordpress/">Debugging in WordPress</a> for more information. (This message was added in version 6.7.0.) in /var/www/html/wp-includes/functions.php on line 6121
[14-Jul-2025 12:22:36 UTC] PHP Notice:  Function _load_textdomain_just_in_time was called <strong>incorrectly</strong>. Translation loading for the <code>happyforms</code> domain was triggered too early. This is usually an indicator for some code in the plugin or theme running too early. Translations should be loaded at the <code>init</code> action or later. Please see <a href="https://developer.wordpress.org/advanced-administration/debug/debug-wordpress/">Debugging in WordPress</a> for more information. (This message was added in version 6.7.0.) in /var/www/html/wp-includes/functions.php on line 6121
[14-Jul-2025 12:22:53 UTC] PHP Notice:  Function _load_textdomain_just_in_time was called <strong>incorrectly</strong>. Translation loading for the <code>happyforms</code> domain was triggered too early. This is usually an indicator for some code in the plugin or theme running too early. Translations should be loaded at the <code>init</code> action or later. Please see <a href="https://developer.wordpress.org/advanced-administration/debug/debug-wordpress/">Debugging in WordPress</a> for more information. (This message was added in version 6.7.0.) in /var/www/html/wp-includes/functions.php on line 6121
[14-Jul-2025 12:22:57 UTC] [CHECK] Function "tutor_enroll_a_student" exists? NO
[14-Jul-2025 12:22:57 UTC] [CHECK] Function "tutor_utils" exists? YES
[14-Jul-2025 12:22:57 UTC] [CHECK] Function "tutor" exists? YES
[14-Jul-2025 12:22:57 UTC] [CHECK] Function "tutor_get_course_by_enrollment" exists? NO
[14-Jul-2025 12:22:57 UTC] PHP Notice:  Function _load_textdomain_just_in_time was called <strong>incorrectly</strong>. Translation loading for the <code>happyforms</code> domain was triggered too early. This is usually an indicator for some code in the plugin or theme running too early. Translations should be loaded at the <code>init</code> action or later. Please see <a href="https://developer.wordpress.org/advanced-administration/debug/debug-wordpress/">Debugging in WordPress</a> for more information. (This message was added in version 6.7.0.) in /var/www/html/wp-includes/functions.php on line 6121
[14-Jul-2025 12:23:46 UTC] PHP Notice:  Function _load_textdomain_just_in_time was called <strong>incorrectly</strong>. Translation loading for the <code>happyforms</code> domain was triggered too early. This is usually an indicator for some code in the plugin or theme running too early. Translations should be loaded at the <code>init</code> action or later. Please see <a href="https://developer.wordpress.org/advanced-administration/debug/debug-wordpress/">Debugging in WordPress</a> for more information. (This message was added in version 6.7.0.) in /var/www/html/wp-includes/functions.php on line 6121
[14-Jul-2025 12:24:13 UTC] PHP Notice:  Function _load_textdomain_just_in_time was called <strong>incorrectly</strong>. Translation loading for the <code>happyforms</code> domain was triggered too early. This is usually an indicator for some code in the plugin or theme running too early. Translations should be loaded at the <code>init</code> action or later. Please see <a href="https://developer.wordpress.org/advanced-administration/debug/debug-wordpress/">Debugging in WordPress</a> for more information. (This message was added in version 6.7.0.) in /var/www/html/wp-includes/functions.php on line 6121
[14-Jul-2025 12:24:28 UTC] PHP Notice:  Function _load_textdomain_just_in_time was called <strong>incorrectly</strong>. Translation loading for the <code>happyforms</code> domain was triggered too early. This is usually an indicator for some code in the plugin or theme running too early. Translations should be loaded at the <code>init</code> action or later. Please see <a href="https://developer.wordpress.org/advanced-administration/debug/debug-wordpress/">Debugging in WordPress</a> for more information. (This message was added in version 6.7.0.) in /var/www/html/wp-includes/functions.php on line 6121
[14-Jul-2025 12:24:28 UTC] PHP Notice:  Function _load_textdomain_just_in_time was called <strong>incorrectly</strong>. Translation loading for the <code>happyforms</code> domain was triggered too early. This is usually an indicator for some code in the plugin or theme running too early. Translations should be loaded at the <code>init</code> action or later. Please see <a href="https://developer.wordpress.org/advanced-administration/debug/debug-wordpress/">Debugging in WordPress</a> for more information. (This message was added in version 6.7.0.) in /var/www/html/wp-includes/functions.php on line 6121
[14-Jul-2025 12:24:30 UTC] [CHECK] Function "tutor_enroll_a_student" exists? NO
[14-Jul-2025 12:24:30 UTC] [CHECK] Function "tutor_utils" exists? YES
[14-Jul-2025 12:24:30 UTC] [CHECK] Function "tutor" exists? YES
[14-Jul-2025 12:24:30 UTC] [CHECK] Function "tutor_get_course_by_enrollment" exists? NO
[14-Jul-2025 12:24:50 UTC] PHP Notice:  Function _load_textdomain_just_in_time was called <strong>incorrectly</strong>. Translation loading for the <code>happyforms</code> domain was triggered too early. This is usually an indicator for some code in the plugin or theme running too early. Translations should be loaded at the <code>init</code> action or later. Please see <a href="https://developer.wordpress.org/advanced-administration/debug/debug-wordpress/">Debugging in WordPress</a> for more information. (This message was added in version 6.7.0.) in /var/www/html/wp-includes/functions.php on line 6121
[14-Jul-2025 12:25:29 UTC] PHP Notice:  Function _load_textdomain_just_in_time was called <strong>incorrectly</strong>. Translation loading for the <code>happyforms</code> domain was triggered too early. This is usually an indicator for some code in the plugin or theme running too early. Translations should be loaded at the <code>init</code> action or later. Please see <a href="https://developer.wordpress.org/advanced-administration/debug/debug-wordpress/">Debugging in WordPress</a> for more information. (This message was added in version 6.7.0.) in /var/www/html/wp-includes/functions.php on line 6121
[14-Jul-2025 12:25:32 UTC] [CHECK] Function "tutor_enroll_a_student" exists? NO
[14-Jul-2025 12:25:32 UTC] [CHECK] Function "tutor_utils" exists? YES
[14-Jul-2025 12:25:32 UTC] [CHECK] Function "tutor" exists? YES
[14-Jul-2025 12:25:33 UTC] [CHECK] Function "tutor_get_course_by_enrollment" exists? NO
[14-Jul-2025 12:27:29 UTC] PHP Notice:  Function _load_textdomain_just_in_time was called <strong>incorrectly</strong>. Translation loading for the <code>happyforms</code> domain was triggered too early. This is usually an indicator for some code in the plugin or theme running too early. Translations should be loaded at the <code>init</code> action or later. Please see <a href="https://developer.wordpress.org/advanced-administration/debug/debug-wordpress/">Debugging in WordPress</a> for more information. (This message was added in version 6.7.0.) in /var/www/html/wp-includes/functions.php on line 6121
[14-Jul-2025 12:27:33 UTC] [CHECK] Function "tutor_enroll_a_student" exists? NO
[14-Jul-2025 12:27:33 UTC] [CHECK] Function "tutor_utils" exists? YES
[14-Jul-2025 12:27:33 UTC] [CHECK] Function "tutor" exists? YES
[14-Jul-2025 12:27:33 UTC] [CHECK] Function "tutor_get_course_by_enrollment" exists? NO
[14-Jul-2025 12:28:05 UTC] PHP Notice:  Function _load_textdomain_just_in_time was called <strong>incorrectly</strong>. Translation loading for the <code>happyforms</code> domain was triggered too early. This is usually an indicator for some code in the plugin or theme running too early. Translations should be loaded at the <code>init</code> action or later. Please see <a href="https://developer.wordpress.org/advanced-administration/debug/debug-wordpress/">Debugging in WordPress</a> for more information. (This message was added in version 6.7.0.) in /var/www/html/wp-includes/functions.php on line 6121
[14-Jul-2025 12:29:30 UTC] PHP Notice:  Function _load_textdomain_just_in_time was called <strong>incorrectly</strong>. Translation loading for the <code>happyforms</code> domain was triggered too early. This is usually an indicator for some code in the plugin or theme running too early. Translations should be loaded at the <code>init</code> action or later. Please see <a href="https://developer.wordpress.org/advanced-administration/debug/debug-wordpress/">Debugging in WordPress</a> for more information. (This message was added in version 6.7.0.) in /var/www/html/wp-includes/functions.php on line 6121
[14-Jul-2025 12:29:34 UTC] [CHECK] Function "tutor_enroll_a_student" exists? NO
[14-Jul-2025 12:29:34 UTC] [CHECK] Function "tutor_utils" exists? YES
[14-Jul-2025 12:29:34 UTC] [CHECK] Function "tutor" exists? YES
[14-Jul-2025 12:29:34 UTC] [CHECK] Function "tutor_get_course_by_enrollment" exists? NO
[14-Jul-2025 12:31:32 UTC] PHP Notice:  Function _load_textdomain_just_in_time was called <strong>incorrectly</strong>. Translation loading for the <code>happyforms</code> domain was triggered too early. This is usually an indicator for some code in the plugin or theme running too early. Translations should be loaded at the <code>init</code> action or later. Please see <a href="https://developer.wordpress.org/advanced-administration/debug/debug-wordpress/">Debugging in WordPress</a> for more information. (This message was added in version 6.7.0.) in /var/www/html/wp-includes/functions.php on line 6121
[14-Jul-2025 12:31:36 UTC] [CHECK] Function "tutor_enroll_a_student" exists? NO
[14-Jul-2025 12:31:36 UTC] [CHECK] Function "tutor_utils" exists? YES
[14-Jul-2025 12:31:36 UTC] [CHECK] Function "tutor" exists? YES
[14-Jul-2025 12:31:36 UTC] [CHECK] Function "tutor_get_course_by_enrollment" exists? NO
[14-Jul-2025 12:33:33 UTC] PHP Notice:  Function _load_textdomain_just_in_time was called <strong>incorrectly</strong>. Translation loading for the <code>happyforms</code> domain was triggered too early. This is usually an indicator for some code in the plugin or theme running too early. Translations should be loaded at the <code>init</code> action or later. Please see <a href="https://developer.wordpress.org/advanced-administration/debug/debug-wordpress/">Debugging in WordPress</a> for more information. (This message was added in version 6.7.0.) in /var/www/html/wp-includes/functions.php on line 6121
[14-Jul-2025 12:33:37 UTC] [CHECK] Function "tutor_enroll_a_student" exists? NO
[14-Jul-2025 12:33:37 UTC] [CHECK] Function "tutor_utils" exists? YES
[14-Jul-2025 12:33:37 UTC] [CHECK] Function "tutor" exists? YES
[14-Jul-2025 12:33:38 UTC] [CHECK] Function "tutor_get_course_by_enrollment" exists? NO
[14-Jul-2025 12:34:20 UTC] PHP Notice:  Function _load_textdomain_just_in_time was called <strong>incorrectly</strong>. Translation loading for the <code>happyforms</code> domain was triggered too early. This is usually an indicator for some code in the plugin or theme running too early. Translations should be loaded at the <code>init</code> action or later. Please see <a href="https://developer.wordpress.org/advanced-administration/debug/debug-wordpress/">Debugging in WordPress</a> for more information. (This message was added in version 6.7.0.) in /var/www/html/wp-includes/functions.php on line 6121
[14-Jul-2025 12:35:33 UTC] PHP Notice:  Function _load_textdomain_just_in_time was called <strong>incorrectly</strong>. Translation loading for the <code>happyforms</code> domain was triggered too early. This is usually an indicator for some code in the plugin or theme running too early. Translations should be loaded at the <code>init</code> action or later. Please see <a href="https://developer.wordpress.org/advanced-administration/debug/debug-wordpress/">Debugging in WordPress</a> for more information. (This message was added in version 6.7.0.) in /var/www/html/wp-includes/functions.php on line 6121
[14-Jul-2025 12:35:37 UTC] [CHECK] Function "tutor_enroll_a_student" exists? NO
[14-Jul-2025 12:35:37 UTC] [CHECK] Function "tutor_utils" exists? YES
[14-Jul-2025 12:35:37 UTC] [CHECK] Function "tutor" exists? YES
[14-Jul-2025 12:35:37 UTC] [CHECK] Function "tutor_get_course_by_enrollment" exists? NO
[14-Jul-2025 12:43:36 UTC] PHP Notice:  Function _load_textdomain_just_in_time was called <strong>incorrectly</strong>. Translation loading for the <code>happyforms</code> domain was triggered too early. This is usually an indicator for some code in the plugin or theme running too early. Translations should be loaded at the <code>init</code> action or later. Please see <a href="https://developer.wordpress.org/advanced-administration/debug/debug-wordpress/">Debugging in WordPress</a> for more information. (This message was added in version 6.7.0.) in /var/www/html/wp-includes/functions.php on line 6121
[14-Jul-2025 12:44:46 UTC] PHP Notice:  Function _load_textdomain_just_in_time was called <strong>incorrectly</strong>. Translation loading for the <code>happyforms</code> domain was triggered too early. This is usually an indicator for some code in the plugin or theme running too early. Translations should be loaded at the <code>init</code> action or later. Please see <a href="https://developer.wordpress.org/advanced-administration/debug/debug-wordpress/">Debugging in WordPress</a> for more information. (This message was added in version 6.7.0.) in /var/www/html/wp-includes/functions.php on line 6121
[14-Jul-2025 12:45:31 UTC] PHP Notice:  Function _load_textdomain_just_in_time was called <strong>incorrectly</strong>. Translation loading for the <code>happyforms</code> domain was triggered too early. This is usually an indicator for some code in the plugin or theme running too early. Translations should be loaded at the <code>init</code> action or later. Please see <a href="https://developer.wordpress.org/advanced-administration/debug/debug-wordpress/">Debugging in WordPress</a> for more information. (This message was added in version 6.7.0.) in /var/www/html/wp-includes/functions.php on line 6121
[14-Jul-2025 12:47:40 UTC] PHP Notice:  Function _load_textdomain_just_in_time was called <strong>incorrectly</strong>. Translation loading for the <code>happyforms</code> domain was triggered too early. This is usually an indicator for some code in the plugin or theme running too early. Translations should be loaded at the <code>init</code> action or later. Please see <a href="https://developer.wordpress.org/advanced-administration/debug/debug-wordpress/">Debugging in WordPress</a> for more information. (This message was added in version 6.7.0.) in /var/www/html/wp-includes/functions.php on line 6121
[14-Jul-2025 12:47:44 UTC] [DEBUG] ✅ handler started!
[14-Jul-2025 12:47:44 UTC] [DEBUG] handle_course_key_activation called
[14-Jul-2025 12:47:44 UTC] [DEBUG] Looking for key: KEY_ABC123
[14-Jul-2025 12:47:44 UTC] PHP Deprecated:  Function get_page_by_title is <strong>deprecated</strong> since version 6.2.0! Use WP_Query instead. in /var/www/html/wp-includes/functions.php on line 6121
[14-Jul-2025 12:47:44 UTC] [DEBUG] Key found, ID: 166
[14-Jul-2025 12:47:44 UTC] [ERROR] tutor_enroll_a_student does not exist!
[14-Jul-2025 12:47:44 UTC] [DEBUG] Available functions: Array
(
    [0] => _wp_can_use_pcre_u
    [1] => _is_utf8_charset
    [2] => _mb_substr
    [3] => _mb_strlen
    [4] => _
    [5] => array_find
    [6] => array_find_key
    [7] => array_any
    [8] => array_all
    [9] => wp_get_server_protocol
    [10] => wp_fix_server_vars
    [11] => wp_populate_basic_auth_from_authorization_header
    [12] => wp_check_php_mysql_versions
    [13] => wp_get_environment_type
    [14] => wp_get_development_mode
    [15] => wp_is_development_mode
    [16] => wp_favicon_request
    [17] => wp_maintenance
    [18] => wp_is_maintenance_mode
    [19] => timer_float
    [20] => timer_start
    [21] => timer_stop
    [22] => wp_debug_mode
    [23] => wp_set_lang_dir
    [24] => require_wp_db
    [25] => wp_set_wpdb_vars
    [26] => wp_using_ext_object_cache
    [27] => wp_start_object_cache
    [28] => wp_not_installed
    [29] => wp_get_mu_plugins
    [30] => wp_get_active_and_valid_plugins
    [31] => wp_skip_paused_plugins
    [32] => wp_get_active_and_valid_themes
    [33] => wp_skip_paused_themes
    [34] => wp_is_recovery_mode
    [35] => is_protected_endpoint
    [36] => is_protected_ajax_action
    [37] => wp_set_internal_encoding
    [38] => wp_magic_quotes
    [39] => shutdown_action_hook
    [40] => wp_clone
    [41] => is_login
    [42] => is_admin
    [43] => is_blog_admin
    [44] => is_network_admin
    [45] => is_user_admin
    [46] => is_multisite
    [47] => absint
    [48] => get_current_blog_id
    [49] => get_current_network_id
    [50] => wp_load_translations_early
    [51] => wp_installing
    [52] => is_ssl
    [53] => wp_convert_hr_to_bytes
    [54] => wp_is_ini_value_changeable
    [55] => wp_doing_ajax
    [56] => wp_using_themes
    [57] => wp_doing_cron
    [58] => is_wp_error
    [59] => wp_is_file_mod_allowed
    [60] => wp_start_scraping_edited_file_errors
    [61] => wp_finalize_scraping_edited_file_errors
    [62] => wp_is_json_request
    [63] => wp_is_jsonp_request
    [64] => wp_is_json_media_type
    [65] => wp_is_xml_request
    [66] => wp_is_site_protected_by_basic_auth
    [67] => wp_paused_plugins
    [68] => wp_paused_themes
    [69] => wp_get_extension_error_description
    [70] => wp_register_fatal_error_handler
    [71] => wp_is_fatal_error_handler_enabled
    [72] => wp_recovery_mode
    [73] => wp_initial_constants
    [74] => wp_plugin_directory_constants
    [75] => wp_cookie_constants
    [76] => wp_ssl_constants
    [77] => wp_functionality_constants
    [78] => wp_templating_constants
    [79] => add_filter
    [80] => apply_filters
    [81] => apply_filters_ref_array
    [82] => has_filter
    [83] => remove_filter
    [84] => remove_all_filters
    [85] => current_filter
    [86] => doing_filter
    [87] => did_filter
    [88] => add_action
    [89] => do_action
    [90] => do_action_ref_array
    [91] => has_action
    [92] => remove_action
    [93] => remove_all_actions
    [94] => current_action
    [95] => doing_action
    [96] => did_action
    [97] => apply_filters_deprecated
    [98] => do_action_deprecated
    [99] => plugin_basename
    [100] => wp_register_plugin_realpath
    [101] => plugin_dir_path
    [102] => plugin_dir_url
    [103] => register_activation_hook
    [104] => register_deactivation_hook
    [105] => register_uninstall_hook
    [106] => _wp_call_all_hook
    [107] => _wp_filter_build_unique_id
    [108] => wptexturize
    [109] => wptexturize_primes
    [110] => _wptexturize_pushpop_element
    [111] => wpautop
    [112] => wp_html_split
    [113] => get_html_split_regex
    [114] => _get_wptexturize_split_regex
    [115] => _get_wptexturize_shortcode_regex
    [116] => wp_replace_in_html_tags
    [117] => _autop_newline_preservation_helper
    [118] => shortcode_unautop
    [119] => seems_utf8
    [120] => _wp_specialchars
    [121] => wp_specialchars_decode
    [122] => wp_check_invalid_utf8
    [123] => utf8_uri_encode
    [124] => remove_accents
    [125] => sanitize_file_name
    [126] => sanitize_user
    [127] => sanitize_key
    [128] => sanitize_title
    [129] => sanitize_title_for_query
    [130] => sanitize_title_with_dashes
    [131] => sanitize_sql_orderby
    [132] => sanitize_html_class
    [133] => sanitize_locale_name
    [134] => convert_chars
    [135] => convert_invalid_entities
    [136] => balancetags
    [137] => force_balance_tags
    [138] => format_to_edit
    [139] => zeroise
    [140] => backslashit
    [141] => trailingslashit
    [142] => untrailingslashit
    [143] => addslashes_gpc
    [144] => stripslashes_deep
    [145] => stripslashes_from_strings_only
    [146] => urlencode_deep
    [147] => rawurlencode_deep
    [148] => urldecode_deep
    [149] => antispambot
    [150] => _make_url_clickable_cb
    [151] => _make_web_ftp_clickable_cb
    [152] => _make_email_clickable_cb
    [153] => _make_clickable_rel_attr
    [154] => make_clickable
    [155] => _split_str_by_whitespace
    [156] => wp_rel_callback
    [157] => wp_rel_nofollow
    [158] => wp_rel_nofollow_callback
    [159] => wp_rel_ugc
    [160] => wp_targeted_link_rel
    [161] => wp_targeted_link_rel_callback
    [162] => wp_init_targeted_link_rel_filters
    [163] => wp_remove_targeted_link_rel_filters
    [164] => translate_smiley
    [165] => convert_smilies
    [166] => is_email
    [167] => wp_iso_descrambler
    [168] => _wp_iso_convert
    [169] => get_gmt_from_date
    [170] => get_date_from_gmt
    [171] => iso8601_timezone_to_offset
    [172] => iso8601_to_datetime
    [173] => sanitize_email
    [174] => human_time_diff
    [175] => wp_trim_excerpt
    [176] => wp_trim_words
    [177] => ent2ncr
    [178] => format_for_editor
    [179] => _deep_replace
    [180] => esc_sql
    [181] => esc_url
    [182] => esc_url_raw
    [183] => sanitize_url
    [184] => htmlentities2
    [185] => esc_js
    [186] => esc_html
    [187] => esc_attr
    [188] => esc_textarea
    [189] => esc_xml
    [190] => tag_escape
    [191] => wp_make_link_relative
    [192] => sanitize_option
    [193] => map_deep
    [194] => wp_parse_str
    [195] => wp_pre_kses_less_than
    [196] => wp_pre_kses_less_than_callback
    [197] => wp_pre_kses_block_attributes
    [198] => wp_sprintf
    [199] => wp_sprintf_l
    [200] => wp_html_excerpt
    [201] => links_add_base_url
    [202] => _links_add_base
    [203] => links_add_target
    [204] => _links_add_target
    [205] => normalize_whitespace
    [206] => wp_strip_all_tags
    [207] => sanitize_text_field
    [208] => sanitize_textarea_field
    [209] => _sanitize_text_fields
    [210] => wp_basename
    [211] => capital_p_dangit
    [212] => sanitize_mime_type
    [213] => sanitize_trackback_urls
    [214] => wp_slash
    [215] => wp_unslash
    [216] => get_url_in_content
    [217] => wp_spaces_regexp
    [218] => wp_enqueue_emoji_styles
    [219] => print_emoji_detection_script
    [220] => _print_emoji_detection_script
    [221] => wp_encode_emoji
    [222] => wp_staticize_emoji
    [223] => wp_staticize_emoji_for_email
    [224] => _wp_emoji_list
    [225] => url_shorten
    [226] => sanitize_hex_color
    [227] => sanitize_hex_color_no_hash
    [228] => maybe_hash_hex_color
    [229] => add_metadata
    [230] => update_metadata
    [231] => delete_metadata
    [232] => get_metadata
    [233] => get_metadata_raw
    [234] => get_metadata_default
    [235] => metadata_exists
    [236] => get_metadata_by_mid
    [237] => update_metadata_by_mid
    [238] => delete_metadata_by_mid
    [239] => update_meta_cache
    [240] => wp_metadata_lazyloader
    [241] => get_meta_sql
    [242] => _get_meta_table
    [243] => is_protected_meta
    [244] => sanitize_meta
    [245] => register_meta
    [246] => filter_default_metadata
    [247] => registered_meta_key_exists
    [248] => unregister_meta_key
    [249] => get_registered_meta_keys
    [250] => get_registered_metadata
    [251] => _wp_register_meta_args_allowed_list
    [252] => get_object_subtype
    [253] => mysql2date
    [254] => current_time
    [255] => current_datetime
    [256] => wp_timezone_string
    [257] => wp_timezone
    [258] => date_i18n
    [259] => wp_date
    [260] => wp_maybe_decline_date
    [261] => number_format_i18n
    [262] => size_format
    [263] => human_readable_duration
    [264] => get_weekstartend
    [265] => maybe_serialize
    [266] => maybe_unserialize
    [267] => is_serialized
    [268] => is_serialized_string
    [269] => xmlrpc_getposttitle
    [270] => xmlrpc_getpostcategory
    [271] => xmlrpc_removepostdata
    [272] => wp_extract_urls
    [273] => do_enclose
    [274] => wp_get_http_headers
    [275] => is_new_day
    [276] => build_query
    [277] => _http_build_query
    [278] => add_query_arg
    [279] => remove_query_arg
    [280] => wp_removable_query_args
    [281] => add_magic_quotes
    [282] => wp_remote_fopen
    [283] => wp
    [284] => get_status_header_desc
    [285] => status_header
    [286] => wp_get_nocache_headers
    [287] => nocache_headers
    [288] => cache_javascript_headers
    [289] => get_num_queries
    [290] => bool_from_yn
    [291] => do_feed
    [292] => do_feed_rdf
    [293] => do_feed_rss
    [294] => do_feed_rss2
    [295] => do_feed_atom
    [296] => do_robots
    [297] => do_favicon
    [298] => is_blog_installed
    [299] => wp_nonce_url
    [300] => wp_nonce_field
    [301] => wp_referer_field
    [302] => wp_original_referer_field
    [303] => wp_get_referer
    [304] => wp_get_raw_referer
    [305] => wp_get_original_referer
    [306] => wp_mkdir_p
    [307] => path_is_absolute
    [308] => path_join
    [309] => wp_normalize_path
    [310] => get_temp_dir
    [311] => wp_is_writable
    [312] => win_is_writable
    [313] => wp_get_upload_dir
    [314] => wp_upload_dir
    [315] => _wp_upload_dir
    [316] => wp_unique_filename
    [317] => _wp_check_alternate_file_names
    [318] => _wp_check_existing_file_names
    [319] => wp_upload_bits
    [320] => wp_ext2type
    [321] => wp_get_default_extension_for_mime_type
    [322] => wp_check_filetype
    [323] => wp_check_filetype_and_ext
    [324] => wp_get_image_mime
    [325] => wp_get_mime_types
    [326] => wp_get_ext_types
    [327] => wp_filesize
    [328] => get_allowed_mime_types
    [329] => wp_nonce_ays
    [330] => wp_die
    [331] => _default_wp_die_handler
    [332] => _ajax_wp_die_handler
    [333] => _json_wp_die_handler
    [334] => _jsonp_wp_die_handler
    [335] => _xmlrpc_wp_die_handler
    [336] => _xml_wp_die_handler
    [337] => _scalar_wp_die_handler
    [338] => _wp_die_process_input
    [339] => wp_json_encode
    [340] => _wp_json_sanity_check
    [341] => _wp_json_convert_string
    [342] => _wp_json_prepare_data
    [343] => wp_send_json
    [344] => wp_send_json_success
    [345] => wp_send_json_error
    [346] => wp_check_jsonp_callback
    [347] => wp_json_file_decode
    [348] => _config_wp_home
    [349] => _config_wp_siteurl
    [350] => _delete_option_fresh_site
    [351] => _mce_set_direction
    [352] => wp_is_serving_rest_request
    [353] => smilies_init
    [354] => wp_parse_args
    [355] => wp_parse_list
    [356] => wp_parse_id_list
    [357] => wp_parse_slug_list
    [358] => wp_array_slice_assoc
    [359] => wp_recursive_ksort
    [360] => _wp_array_get
    [361] => _wp_array_set
    [362] => _wp_to_kebab_case
    [363] => wp_is_numeric_array
    [364] => wp_filter_object_list
    [365] => wp_list_filter
    [366] => wp_list_pluck
    [367] => wp_list_sort
    [368] => wp_maybe_load_widgets
    [369] => wp_widgets_add_menu
    [370] => wp_ob_end_flush_all
    [371] => dead_db
    [372] => _deprecated_function
    [373] => _deprecated_constructor
    [374] => _deprecated_class
    [375] => _deprecated_file
    [376] => _deprecated_argument
    [377] => _deprecated_hook
    [378] => _doing_it_wrong
    [379] => wp_trigger_error
    [380] => is_lighttpd_before_150
    [381] => apache_mod_loaded
    [382] => iis7_supports_permalinks
    [383] => validate_file
    [384] => force_ssl_admin
    [385] => wp_guess_url
    [386] => wp_suspend_cache_addition
    [387] => wp_suspend_cache_invalidation
    [388] => is_main_site
    [389] => get_main_site_id
    [390] => is_main_network
    [391] => get_main_network_id
    [392] => is_site_meta_supported
    [393] => wp_timezone_override_offset
    [394] => _wp_timezone_choice_usort_callback
    [395] => wp_timezone_choice
    [396] => _cleanup_header_comment
    [397] => wp_scheduled_delete
    [398] => get_file_data
    [399] => __return_true
    [400] => __return_false
    [401] => __return_zero
    [402] => __return_empty_array
    [403] => __return_null
    [404] => __return_empty_string
    [405] => send_nosniff_header
    [406] => _wp_mysql_week
    [407] => wp_find_hierarchy_loop
    [408] => wp_find_hierarchy_loop_tortoise_hare
    [409] => send_frame_options_header
    [410] => wp_admin_headers
    [411] => wp_allowed_protocols
    [412] => wp_debug_backtrace_summary
    [413] => _get_non_cached_ids
    [414] => _validate_cache_id
    [415] => _device_can_upload
    [416] => wp_is_stream
    [417] => wp_checkdate
    [418] => wp_auth_check_load
    [419] => wp_auth_check_html
    [420] => wp_auth_check
    [421] => get_tag_regex
    [422] => is_utf8_charset
    [423] => _canonical_charset
    [424] => mbstring_binary_safe_encoding
    [425] => reset_mbstring_encoding
    [426] => wp_validate_boolean
    [427] => wp_delete_file
    [428] => wp_delete_file_from_directory
    [429] => wp_post_preview_js
    [430] => mysql_to_rfc3339
    [431] => wp_raise_memory_limit
    [432] => wp_generate_uuid4
    [433] => wp_is_uuid
    [434] => wp_unique_id
    [435] => wp_unique_prefixed_id
    [436] => wp_cache_get_last_changed
    [437] => wp_cache_set_last_changed
    [438] => wp_site_admin_email_change_notification
    [439] => wp_privacy_anonymize_ip
    [440] => wp_privacy_anonymize_data
    [441] => wp_privacy_exports_dir
    [442] => wp_privacy_exports_url
    [443] => wp_schedule_delete_old_privacy_export_files
    [444] => wp_privacy_delete_old_export_files
    [445] => wp_get_update_php_url
    [446] => wp_get_default_update_php_url
    [447] => wp_update_php_annotation
    [448] => wp_get_update_php_annotation
    [449] => wp_get_direct_php_update_url
    [450] => wp_direct_php_update_button
    [451] => wp_get_update_https_url
    [452] => wp_get_default_update_https_url
    [453] => wp_get_direct_update_https_url
    [454] => get_dirsize
    [455] => recurse_dirsize
    [456] => clean_dirsize_cache
    [457] => wp_get_wp_version
    [458] => is_wp_version_compatible
    [459] => is_php_version_compatible
    [460] => wp_fuzzy_number_match
    [461] => wp_get_admin_notice
    [462] => wp_admin_notice
    [463] => wp_is_heic_image_mime_type
    [464] => wp_fast_hash
    [465] => wp_verify_fast_hash
    [466] => wp_unique_id_from_values
    [467] => get_option
    [468] => wp_prime_option_caches
    [469] => wp_prime_option_caches_by_group
    [470] => get_options
    [471] => wp_set_option_autoload_values
    [472] => wp_set_options_autoload
    [473] => wp_set_option_autoload
    [474] => wp_protect_special_option
    [475] => form_option
    [476] => wp_load_alloptions
    [477] => wp_prime_site_option_caches
    [478] => wp_prime_network_option_caches
    [479] => wp_load_core_site_options
    [480] => update_option
    [481] => add_option
    [482] => delete_option
    [483] => wp_determine_option_autoload_value
    [484] => wp_filter_default_autoload_value_via_option_size
    [485] => delete_transient
    [486] => get_transient
    [487] => set_transient
    [488] => delete_expired_transients
    [489] => wp_user_settings
    [490] => get_user_setting
    [491] => set_user_setting
    [492] => delete_user_setting
    [493] => get_all_user_settings
    [494] => wp_set_all_user_settings
    [495] => delete_all_user_settings
    [496] => get_site_option
    [497] => add_site_option
    [498] => delete_site_option
    [499] => update_site_option
    [500] => get_network_option
    [501] => add_network_option
    [502] => delete_network_option
    [503] => update_network_option
    [504] => delete_site_transient
    [505] => get_site_transient
    [506] => set_site_transient
    [507] => register_initial_settings
    [508] => register_setting
    [509] => unregister_setting
    [510] => get_registered_settings
    [511] => filter_default_option
    [512] => wp_autoload_values_to_autoload
    [513] => wp_cache_init
    [514] => wp_cache_add
    [515] => wp_cache_add_multiple
    [516] => wp_cache_replace
    [517] => wp_cache_set
    [518] => wp_cache_set_multiple
    [519] => wp_cache_get
    [520] => wp_cache_get_multiple
    [521] => wp_cache_delete
    [522] => wp_cache_delete_multiple
    [523] => wp_cache_incr
    [524] => wp_cache_decr
    [525] => wp_cache_flush
    [526] => wp_cache_flush_runtime
    [527] => wp_cache_flush_group
    [528] => wp_cache_supports
    [529] => wp_cache_close
    [530] => wp_cache_add_global_groups
    [531] => wp_cache_add_non_persistent_groups
    [532] => wp_cache_switch_to_blog
    [533] => wp_cache_reset
    [534] => get_locale
    [535] => get_user_locale
    [536] => determine_locale
    [537] => translate
    [538] => before_last_bar
    [539] => translate_with_gettext_context
    [540] => __
    [541] => esc_attr__
    [542] => esc_html__
    [543] => _e
    [544] => esc_attr_e
    [545] => esc_html_e
    [546] => _x
    [547] => _ex
    [548] => esc_attr_x
    [549] => esc_html_x
    [550] => _n
    [551] => _nx
    [552] => _n_noop
    [553] => _nx_noop
    [554] => translate_nooped_plural
    [555] => load_textdomain
    [556] => unload_textdomain
    [557] => load_default_textdomain
    [558] => load_plugin_textdomain
    [559] => load_muplugin_textdomain
    [560] => load_theme_textdomain
    [561] => load_child_theme_textdomain
    [562] => load_script_textdomain
    [563] => load_script_translations
    [564] => _load_textdomain_just_in_time
    [565] => get_translations_for_domain
    [566] => is_textdomain_loaded
    [567] => translate_user_role
    [568] => get_available_languages
    [569] => wp_get_installed_translations
    [570] => wp_get_pomo_file_data
    [571] => wp_get_l10n_php_file_data
    [572] => wp_dropdown_languages
    [573] => is_rtl
    [574] => switch_to_locale
    [575] => switch_to_user_locale
    [576] => restore_previous_locale
    [577] => restore_current_locale
    [578] => is_locale_switched
    [579] => translate_settings_using_i18n_schema
    [580] => wp_get_list_item_separator
    [581] => wp_get_word_count_type
    [582] => has_translation
    [583] => map_meta_cap
    [584] => current_user_can
    [585] => current_user_can_for_site
    [586] => author_can
    [587] => user_can
    [588] => user_can_for_site
    [589] => wp_roles
    [590] => get_role
    [591] => add_role
    [592] => remove_role
    [593] => get_super_admins
    [594] => is_super_admin
    [595] => grant_super_admin
    [596] => revoke_super_admin
    [597] => wp_maybe_grant_install_languages_cap
    [598] => wp_maybe_grant_resume_extensions_caps
    [599] => wp_maybe_grant_site_health_caps
    [600] => get_query_var
    [601] => get_queried_object
    [602] => get_queried_object_id
    [603] => set_query_var
    [604] => query_posts
    [605] => wp_reset_query
    [606] => wp_reset_postdata
    [607] => is_archive
    [608] => is_post_type_archive
    [609] => is_attachment
    [610] => is_author
    [611] => is_category
    [612] => is_tag
    [613] => is_tax
    [614] => is_date
    [615] => is_day
    [616] => is_feed
    [617] => is_comment_feed
    [618] => is_front_page
    [619] => is_home
    [620] => is_privacy_policy
    [621] => is_month
    [622] => is_page
    [623] => is_paged
    [624] => is_preview
    [625] => is_robots
    [626] => is_favicon
    [627] => is_search
    [628] => is_single
    [629] => is_singular
    [630] => is_time
    [631] => is_trackback
    [632] => is_year
    [633] => is_404
    [634] => is_embed
    [635] => is_main_query
    [636] => have_posts
    [637] => in_the_loop
    [638] => rewind_posts
    [639] => the_post
    [640] => have_comments
    [641] => the_comment
    [642] => wp_old_slug_redirect
    [643] => _find_post_by_old_slug
    [644] => _find_post_by_old_date
    [645] => setup_postdata
    [646] => generate_postdata
    [647] => wp_get_themes
    [648] => wp_get_theme
    [649] => wp_clean_themes_cache
    [650] => is_child_theme
    [651] => get_stylesheet
    [652] => get_stylesheet_directory
    [653] => get_stylesheet_directory_uri
    [654] => get_stylesheet_uri
    [655] => get_locale_stylesheet_uri
    [656] => get_template
    [657] => get_template_directory
    [658] => get_template_directory_uri
    [659] => get_theme_roots
    [660] => register_theme_directory
    [661] => search_theme_directories
    [662] => get_theme_root
    [663] => get_theme_root_uri
    [664] => get_raw_theme_root
    [665] => locale_stylesheet
    [666] => switch_theme
    [667] => validate_current_theme
    [668] => validate_theme_requirements
    [669] => get_theme_mods
    [670] => get_theme_mod
    [671] => set_theme_mod
    [672] => remove_theme_mod
    [673] => remove_theme_mods
    [674] => get_header_textcolor
    [675] => header_textcolor
    [676] => display_header_text
    [677] => has_header_image
    [678] => get_header_image
    [679] => get_header_image_tag
    [680] => the_header_image_tag
    [681] => _get_random_header_data
    [682] => get_random_header_image
    [683] => is_random_header_image
    [684] => header_image
    [685] => get_uploaded_header_images
    [686] => get_custom_header
    [687] => register_default_headers
    [688] => unregister_default_headers
    [689] => has_header_video
    [690] => get_header_video_url
    [691] => the_header_video_url
    [692] => get_header_video_settings
    [693] => has_custom_header
    [694] => is_header_video_active
    [695] => get_custom_header_markup
    [696] => the_custom_header_markup
    [697] => get_background_image
    [698] => background_image
    [699] => get_background_color
    [700] => background_color
    [701] => _custom_background_cb
    [702] => wp_custom_css_cb
    [703] => wp_get_custom_css_post
    [704] => wp_get_custom_css
    [705] => wp_update_custom_css_post
    [706] => add_editor_style
    [707] => remove_editor_styles
    [708] => get_editor_stylesheets
    [709] => get_theme_starter_content
    [710] => add_theme_support
    [711] => _custom_header_background_just_in_time
    [712] => _custom_logo_header_styles
    [713] => get_theme_support
    [714] => remove_theme_support
    [715] => _remove_theme_support
    [716] => current_theme_supports
    [717] => require_if_theme_supports
    [718] => register_theme_feature
    [719] => get_registered_theme_features
    [720] => get_registered_theme_feature
    [721] => _delete_attachment_theme_mod
    [722] => check_theme_switched
    [723] => _wp_customize_include
    [724] => _wp_customize_publish_changeset
    [725] => _wp_customize_changeset_filter_insert_post_data
    [726] => _wp_customize_loader_settings
    [727] => wp_customize_url
    [728] => wp_customize_support_script
    [729] => is_customize_preview
    [730] => _wp_keep_alive_customize_changeset_dependent_auto_drafts
    [731] => create_initial_theme_features
    [732] => wp_is_block_theme
    [733] => wp_theme_get_element_class_name
    [734] => _add_default_theme_supports
    [735] => wp_get_global_settings
    [736] => wp_get_global_styles
    [737] => wp_get_global_stylesheet
    [738] => wp_add_global_styles_for_blocks
    [739] => wp_get_block_name_from_theme_json_path
    [740] => wp_theme_has_theme_json
    [741] => wp_clean_theme_json_cache
    [742] => wp_get_theme_directory_pattern_slugs
    [743] => wp_get_theme_data_custom_templates
    [744] => wp_get_theme_data_template_parts
    [745] => wp_get_block_css_selector
    [746] => get_block_theme_folders
    [747] => get_allowed_block_template_part_areas
    [748] => get_default_block_template_types
    [749] => _filter_block_template_part_area
    [750] => _get_block_templates_paths
    [751] => _get_block_template_file
    [752] => _get_block_templates_files
    [753] => _add_block_template_info
    [754] => _add_block_template_part_area_info
    [755] => _flatten_blocks
    [756] => _inject_theme_attribute_in_template_part_block
    [757] => _remove_theme_attribute_from_template_part_block
    [758] => _build_block_template_result_from_file
    [759] => _wp_build_title_and_description_for_single_post_type_block_template
    [760] => _wp_build_title_and_description_for_taxonomy_block_template
    [761] => _build_block_template_object_from_post_object
    [762] => _build_block_template_result_from_post
    [763] => get_block_templates
    [764] => get_block_template
    [765] => get_block_file_template
    [766] => block_template_part
    [767] => block_header_area
    [768] => block_footer_area
    [769] => wp_is_theme_directory_ignored
    [770] => wp_generate_block_templates_export_file
    [771] => get_template_hierarchy
    [772] => inject_ignored_hooked_blocks_metadata_attributes
    [773] => _add_template_loader_filters
    [774] => wp_render_empty_block_template_warning
    [775] => locate_block_template
    [776] => resolve_block_template
    [777] => _block_template_render_title_tag
    [778] => get_the_block_template_html
    [779] => _block_template_viewport_meta_tag
    [780] => _strip_template_file_suffix
    [781] => _block_template_render_without_post_block_context
    [782] => _resolve_template_for_new_post
    [783] => register_block_template
    [784] => unregister_block_template
    [785] => wp_set_unique_slug_on_create_template_part
    [786] => wp_filter_wp_template_unique_post_slug
    [787] => wp_enqueue_block_template_skip_link
    [788] => wp_enable_block_templates
    [789] => wp_get_theme_preview_path
    [790] => wp_attach_theme_preview_middleware
    [791] => wp_block_theme_activate_nonce
    [792] => wp_initialize_theme_preview_hooks
    [793] => get_query_template
    [794] => get_index_template
    [795] => get_404_template
    [796] => get_archive_template
    [797] => get_post_type_archive_template
    [798] => get_author_template
    [799] => get_category_template
    [800] => get_tag_template
    [801] => get_taxonomy_template
    [802] => get_date_template
    [803] => get_home_template
    [804] => get_front_page_template
    [805] => get_privacy_policy_template
    [806] => get_page_template
    [807] => get_search_template
    [808] => get_single_template
    [809] => get_embed_template
    [810] => get_singular_template
    [811] => get_attachment_template
    [812] => wp_set_template_globals
    [813] => locate_template
    [814] => load_template
    [815] => wp_is_using_https
    [816] => wp_is_home_url_using_https
    [817] => wp_is_site_url_using_https
    [818] => wp_is_https_supported
    [819] => wp_get_https_detection_errors
    [820] => wp_is_local_html_output
    [821] => wp_should_replace_insecure_home_url
    [822] => wp_replace_insecure_home_url
    [823] => wp_update_urls_to_https
    [824] => wp_update_https_migration_required
    [825] => wp_signon
    [826] => wp_authenticate_username_password
    [827] => wp_authenticate_email_password
    [828] => wp_authenticate_cookie
    [829] => wp_authenticate_application_password
    [830] => wp_validate_application_password
    [831] => wp_authenticate_spam_check
    [832] => wp_validate_logged_in_cookie
    [833] => count_user_posts
    [834] => count_many_users_posts
    [835] => get_current_user_id
    [836] => get_user_option
    [837] => update_user_option
    [838] => delete_user_option
    [839] => get_user
    [840] => get_users
    [841] => wp_list_users
    [842] => get_blogs_of_user
    [843] => is_user_member_of_blog
    [844] => add_user_meta
    [845] => delete_user_meta
    [846] => get_user_meta
    [847] => update_user_meta
    [848] => count_users
    [849] => get_user_count
    [850] => wp_maybe_update_user_counts
    [851] => wp_update_user_counts
    [852] => wp_schedule_update_user_counts
    [853] => wp_is_large_user_count
    [854] => setup_userdata
    [855] => wp_dropdown_users
    [856] => sanitize_user_field
    [857] => update_user_caches
    [858] => clean_user_cache
    [859] => username_exists
    [860] => email_exists
    [861] => validate_username
    [862] => wp_insert_user
    [863] => wp_update_user
    [864] => wp_create_user
    [865] => _get_additional_user_keys
    [866] => wp_get_user_contact_methods
    [867] => _wp_get_user_contactmethods
    [868] => wp_get_password_hint
    [869] => get_password_reset_key
    [870] => check_password_reset_key
    [871] => retrieve_password
    [872] => reset_password
    [873] => register_new_user
    [874] => wp_send_new_user_notifications
    [875] => wp_get_session_token
    [876] => wp_get_all_sessions
    [877] => wp_destroy_current_session
    [878] => wp_destroy_other_sessions
    [879] => wp_destroy_all_sessions
    [880] => wp_get_users_with_no_role
    [881] => _wp_get_current_user
    [882] => send_confirmation_on_profile_email
    [883] => new_user_email_admin_notice
    [884] => _wp_privacy_action_request_types
    [885] => wp_register_user_personal_data_exporter
    [886] => wp_user_personal_data_exporter
    [887] => _wp_privacy_account_request_confirmed
    [888] => _wp_privacy_send_request_confirmation_notification
    [889] => _wp_privacy_send_erasure_fulfillment_notification
    [890] => _wp_privacy_account_request_confirmed_message
    [891] => wp_create_user_request
    [892] => wp_user_request_action_description
    [893] => wp_send_user_request
    [894] => wp_generate_user_request_key
    [895] => wp_validate_user_request_key
    [896] => wp_get_user_request
    [897] => wp_is_application_passwords_supported
    [898] => wp_is_application_passwords_available
    [899] => wp_is_application_passwords_available_for_user
    [900] => wp_register_persisted_preferences_meta
    [901] => wp_cache_set_users_last_changed
    [902] => wp_is_password_reset_allowed_for_user
    [903] => get_header
    [904] => get_footer
    [905] => get_sidebar
    [906] => get_template_part
    [907] => get_search_form
    [908] => wp_loginout
    [909] => wp_logout_url
    [910] => wp_login_url
    [911] => wp_registration_url
    [912] => wp_login_form
    [913] => wp_lostpassword_url
    [914] => wp_register
    [915] => wp_meta
    [916] => bloginfo
    [917] => get_bloginfo
    [918] => get_site_icon_url
    [919] => site_icon_url
    [920] => has_site_icon
    [921] => has_custom_logo
    [922] => get_custom_logo
    [923] => the_custom_logo
    [924] => wp_get_document_title
    [925] => _wp_render_title_tag
    [926] => wp_title
    [927] => single_post_title
    [928] => post_type_archive_title
    [929] => single_cat_title
    [930] => single_tag_title
    [931] => single_term_title
    [932] => single_month_title
    [933] => the_archive_title
    [934] => get_the_archive_title
    [935] => the_archive_description
    [936] => get_the_archive_description
    [937] => get_the_post_type_description
    [938] => get_archives_link
    [939] => wp_get_archives
    [940] => calendar_week_mod
    [941] => get_calendar
    [942] => delete_get_calendar_cache
    [943] => allowed_tags
    [944] => the_date_xml
    [945] => the_date
    [946] => get_the_date
    [947] => the_modified_date
    [948] => get_the_modified_date
    [949] => the_time
    [950] => get_the_time
    [951] => get_post_time
    [952] => get_post_datetime
    [953] => get_post_timestamp
    [954] => the_modified_time
    [955] => get_the_modified_time
    [956] => get_post_modified_time
    [957] => the_weekday
    [958] => the_weekday_date
    [959] => wp_head
    [960] => wp_footer
    [961] => wp_body_open
    [962] => feed_links
    [963] => feed_links_extra
    [964] => rsd_link
    [965] => wp_strict_cross_origin_referrer
    [966] => wp_site_icon
    [967] => wp_resource_hints
    [968] => wp_preload_resources
    [969] => wp_dependencies_unique_hosts
    [970] => user_can_richedit
    [971] => wp_default_editor
    [972] => wp_editor
    [973] => wp_enqueue_editor
    [974] => wp_enqueue_code_editor
    [975] => wp_get_code_editor_settings
    [976] => get_search_query
    [977] => the_search_query
    [978] => get_language_attributes
    [979] => language_attributes
    [980] => paginate_links
    [981] => wp_admin_css_color
    [982] => register_admin_color_schemes
    [983] => wp_admin_css_uri
    [984] => wp_admin_css
    [985] => add_thickbox
    [986] => wp_generator
    [987] => the_generator
    [988] => get_the_generator
    [989] => checked
    [990] => selected
    [991] => disabled
    [992] => wp_readonly
    [993] => __checked_selected_helper
    [994] => wp_required_field_indicator
    [995] => wp_required_field_message
    [996] => wp_heartbeat_settings
    [997] => the_permalink
    [998] => user_trailingslashit
    [999] => permalink_anchor
    [1000] => wp_force_plain_post_permalink
    [1001] => get_the_permalink
    [1002] => get_permalink
    [1003] => get_post_permalink
    [1004] => get_page_link
    [1005] => _get_page_link
    [1006] => get_attachment_link
    [1007] => get_year_link
    [1008] => get_month_link
    [1009] => get_day_link
    [1010] => the_feed_link
    [1011] => get_feed_link
    [1012] => get_post_comments_feed_link
    [1013] => post_comments_feed_link
    [1014] => get_author_feed_link
    [1015] => get_category_feed_link
    [1016] => get_term_feed_link
    [1017] => get_tag_feed_link
    [1018] => get_edit_tag_link
    [1019] => edit_tag_link
    [1020] => get_edit_term_link
    [1021] => edit_term_link
    [1022] => get_search_link
    [1023] => get_search_feed_link
    [1024] => get_search_comments_feed_link
    [1025] => get_post_type_archive_link
    [1026] => get_post_type_archive_feed_link
    [1027] => get_preview_post_link
    [1028] => get_edit_post_link
    [1029] => edit_post_link
    [1030] => get_delete_post_link
    [1031] => get_edit_comment_link
    [1032] => edit_comment_link
    [1033] => get_edit_bookmark_link
    [1034] => edit_bookmark_link
    [1035] => get_edit_user_link
    [1036] => get_previous_post
    [1037] => get_next_post
    [1038] => get_adjacent_post
    [1039] => get_adjacent_post_rel_link
    [1040] => adjacent_posts_rel_link
    [1041] => adjacent_posts_rel_link_wp_head
    [1042] => next_post_rel_link
    [1043] => prev_post_rel_link
    [1044] => get_boundary_post
    [1045] => get_previous_post_link
    [1046] => previous_post_link
    [1047] => get_next_post_link
    [1048] => next_post_link
    [1049] => get_adjacent_post_link
    [1050] => adjacent_post_link
    [1051] => get_pagenum_link
    [1052] => get_next_posts_page_link
    [1053] => next_posts
    [1054] => get_next_posts_link
    [1055] => next_posts_link
    [1056] => get_previous_posts_page_link
    [1057] => previous_posts
    [1058] => get_previous_posts_link
    [1059] => previous_posts_link
    [1060] => get_posts_nav_link
    [1061] => posts_nav_link
    [1062] => get_the_post_navigation
    [1063] => the_post_navigation
    [1064] => get_the_posts_navigation
    [1065] => the_posts_navigation
    [1066] => get_the_posts_pagination
    [1067] => the_posts_pagination
    [1068] => _navigation_markup
    [1069] => get_comments_pagenum_link
    [1070] => get_next_comments_link
    [1071] => next_comments_link
    [1072] => get_previous_comments_link
    [1073] => previous_comments_link
    [1074] => paginate_comments_links
    [1075] => get_the_comments_navigation
    [1076] => the_comments_navigation
    [1077] => get_the_comments_pagination
    [1078] => the_comments_pagination
    [1079] => home_url
    [1080] => get_home_url
    [1081] => site_url
    [1082] => get_site_url
    [1083] => admin_url
    [1084] => get_admin_url
    [1085] => includes_url
    [1086] => content_url
    [1087] => plugins_url
    [1088] => network_site_url
    [1089] => network_home_url
    [1090] => network_admin_url
    [1091] => user_admin_url
    [1092] => self_admin_url
    [1093] => set_url_scheme
    [1094] => get_dashboard_url
    [1095] => get_edit_profile_url
    [1096] => wp_get_canonical_url
    [1097] => rel_canonical
    [1098] => wp_get_shortlink
    [1099] => wp_shortlink_wp_head
    [1100] => wp_shortlink_header
    [1101] => the_shortlink
    [1102] => get_avatar_url
    [1103] => is_avatar_comment_type
    [1104] => get_avatar_data
    [1105] => get_theme_file_uri
    [1106] => get_parent_theme_file_uri
    [1107] => get_theme_file_path
    [1108] => get_parent_theme_file_path
    [1109] => get_privacy_policy_url
    [1110] => the_privacy_policy_link
    [1111] => get_the_privacy_policy_link
    [1112] => wp_internal_hosts
    [1113] => wp_is_internal_link
    [1114] => get_the_author
    [1115] => the_author
    [1116] => get_the_modified_author
    [1117] => the_modified_author
    [1118] => get_the_author_meta
    [1119] => the_author_meta
    [1120] => get_the_author_link
    [1121] => the_author_link
    [1122] => get_the_author_posts
    [1123] => the_author_posts
    [1124] => get_the_author_posts_link
    [1125] => the_author_posts_link
    [1126] => get_author_posts_url
    [1127] => wp_list_authors
    [1128] => is_multi_author
    [1129] => __clear_multi_author_cache
    [1130] => wp_robots
    [1131] => wp_robots_noindex
    [1132] => wp_robots_noindex_embeds
    [1133] => wp_robots_noindex_search
    [1134] => wp_robots_no_robots
    [1135] => wp_robots_sensitive_page
    [1136] => wp_robots_max_image_preview_large
    [1137] => create_initial_post_types
    [1138] => get_attached_file
    [1139] => update_attached_file
    [1140] => _wp_relative_upload_path
    [1141] => get_children
    [1142] => get_extended
    [1143] => get_post
    [1144] => get_post_ancestors
    [1145] => get_post_field
    [1146] => get_post_mime_type
    [1147] => get_post_status
    [1148] => get_post_statuses
    [1149] => get_page_statuses
    [1150] => _wp_privacy_statuses
    [1151] => register_post_status
    [1152] => get_post_status_object
    [1153] => get_post_stati
    [1154] => is_post_type_hierarchical
    [1155] => post_type_exists
    [1156] => get_post_type
    [1157] => get_post_type_object
    [1158] => get_post_types
    [1159] => register_post_type
    [1160] => unregister_post_type
    [1161] => get_post_type_capabilities
    [1162] => _post_type_meta_capabilities
    [1163] => get_post_type_labels
    [1164] => _get_custom_object_labels
    [1165] => _add_post_type_submenus
    [1166] => add_post_type_support
    [1167] => remove_post_type_support
    [1168] => get_all_post_type_supports
    [1169] => post_type_supports
    [1170] => get_post_types_by_support
    [1171] => set_post_type
    [1172] => is_post_type_viewable
    [1173] => is_post_status_viewable
    [1174] => is_post_publicly_viewable
    [1175] => is_post_embeddable
    [1176] => get_posts
    [1177] => add_post_meta
    [1178] => delete_post_meta
    [1179] => get_post_meta
    [1180] => update_post_meta
    [1181] => delete_post_meta_by_key
    [1182] => register_post_meta
    [1183] => unregister_post_meta
    [1184] => get_post_custom
    [1185] => get_post_custom_keys
    [1186] => get_post_custom_values
    [1187] => is_sticky
    [1188] => sanitize_post
    [1189] => sanitize_post_field
    [1190] => stick_post
    [1191] => unstick_post
    [1192] => _count_posts_cache_key
    [1193] => wp_count_posts
    [1194] => wp_count_attachments
    [1195] => get_post_mime_types
    [1196] => wp_match_mime_types
    [1197] => wp_post_mime_type_where
    [1198] => wp_delete_post
    [1199] => _reset_front_page_settings_for_post
    [1200] => wp_trash_post
    [1201] => wp_untrash_post
    [1202] => wp_trash_post_comments
    [1203] => wp_untrash_post_comments
    [1204] => wp_get_post_categories
    [1205] => wp_get_post_tags
    [1206] => wp_get_post_terms
    [1207] => wp_get_recent_posts
    [1208] => wp_insert_post
    [1209] => wp_update_post
    [1210] => wp_publish_post
    [1211] => check_and_publish_future_post
    [1212] => wp_resolve_post_date
    [1213] => wp_unique_post_slug
    [1214] => _truncate_post_slug
    [1215] => wp_add_post_tags
    [1216] => wp_set_post_tags
    [1217] => wp_set_post_terms
    [1218] => wp_set_post_categories
    [1219] => wp_transition_post_status
    [1220] => wp_after_insert_post
    [1221] => add_ping
    [1222] => get_enclosed
    [1223] => get_pung
    [1224] => get_to_ping
    [1225] => trackback_url_list
    [1226] => get_all_page_ids
    [1227] => get_page
    [1228] => get_page_by_path
    [1229] => get_page_children
    [1230] => get_page_hierarchy
    [1231] => _page_traverse_name
    [1232] => get_page_uri
    [1233] => get_pages
    [1234] => is_local_attachment
    [1235] => wp_insert_attachment
    [1236] => wp_delete_attachment
    [1237] => wp_delete_attachment_files
    [1238] => wp_get_attachment_metadata
    [1239] => wp_update_attachment_metadata
    [1240] => wp_get_attachment_url
    [1241] => wp_get_attachment_caption
    [1242] => wp_get_attachment_thumb_url
    [1243] => wp_attachment_is
    [1244] => wp_attachment_is_image
    [1245] => wp_mime_type_icon
    [1246] => wp_check_for_changed_slugs
    [1247] => wp_check_for_changed_dates
    [1248] => get_private_posts_cap_sql
    [1249] => get_posts_by_author_sql
    [1250] => get_lastpostdate
    [1251] => get_lastpostmodified
    [1252] => _get_last_post_time
    [1253] => update_post_cache
    [1254] => clean_post_cache
    [1255] => update_post_caches
    [1256] => update_post_author_caches
    [1257] => update_post_parent_caches
    [1258] => update_postmeta_cache
    [1259] => clean_attachment_cache
    [1260] => _transition_post_status
    [1261] => _future_post_hook
    [1262] => _publish_post_hook
    [1263] => wp_get_post_parent_id
    [1264] => wp_check_post_hierarchy_for_loops
    [1265] => set_post_thumbnail
    [1266] => delete_post_thumbnail
    [1267] => wp_delete_auto_drafts
    [1268] => wp_queue_posts_for_term_meta_lazyload
    [1269] => _update_term_count_on_transition_post_status
    [1270] => _prime_post_caches
    [1271] => _prime_post_parent_id_caches
    [1272] => wp_add_trashed_suffix_to_post_name_for_trashed_posts
    [1273] => wp_add_trashed_suffix_to_post_name_for_post
    [1274] => wp_cache_set_posts_last_changed
    [1275] => get_available_post_mime_types
    [1276] => wp_get_original_image_path
    [1277] => wp_get_original_image_url
    [1278] => wp_untrash_post_set_previous_status
    [1279] => use_block_editor_for_post
    [1280] => use_block_editor_for_post_type
    [1281] => wp_create_initial_post_meta
    [1282] => the_id
    [1283] => get_the_id
    [1284] => the_title
    [1285] => the_title_attribute
    [1286] => get_the_title
    [1287] => the_guid
    [1288] => get_the_guid
    [1289] => the_content
    [1290] => get_the_content
    [1291] => the_excerpt
    [1292] => get_the_excerpt
    [1293] => has_excerpt
    [1294] => post_class
    [1295] => get_post_class
    [1296] => body_class
    [1297] => get_body_class
    [1298] => post_password_required
    [1299] => wp_link_pages
    [1300] => _wp_link_page
    [1301] => post_custom
    [1302] => the_meta
    [1303] => wp_dropdown_pages
    [1304] => wp_list_pages
    [1305] => wp_page_menu
    [1306] => walk_page_tree
    [1307] => walk_page_dropdown_tree
    [1308] => the_attachment_link
    [1309] => wp_get_attachment_link
    [1310] => prepend_attachment
    [1311] => get_the_password_form
    [1312] => is_page_template
    [1313] => get_page_template_slug
    [1314] => wp_post_revision_title
    [1315] => wp_post_revision_title_expanded
    [1316] => wp_list_post_revisions
    [1317] => get_post_parent
    [1318] => has_post_parent
    [1319] => _wp_post_revision_fields
    [1320] => _wp_post_revision_data
    [1321] => wp_save_post_revision_on_insert
    [1322] => wp_save_post_revision
    [1323] => wp_get_post_autosave
    [1324] => wp_is_post_revision
    [1325] => wp_is_post_autosave
    [1326] => _wp_put_post_revision
    [1327] => wp_save_revisioned_meta_fields
    [1328] => wp_get_post_revision
    [1329] => wp_restore_post_revision
    [1330] => wp_restore_post_revision_meta
    [1331] => _wp_copy_post_meta
    [1332] => wp_post_revision_meta_keys
    [1333] => wp_check_revisioned_meta_fields_have_changed
    [1334] => wp_delete_post_revision
    [1335] => wp_get_post_revisions
    [1336] => wp_get_latest_revision_id_and_total_count
    [1337] => wp_get_post_revisions_url
    [1338] => wp_revisions_enabled
    [1339] => wp_revisions_to_keep
    [1340] => _set_preview
    [1341] => _show_post_preview
    [1342] => _wp_preview_terms_filter
    [1343] => _wp_preview_post_thumbnail_filter
    [1344] => _wp_get_post_revision_version
    [1345] => _wp_upgrade_revisions_of_post
    [1346] => _wp_preview_meta_filter
    [1347] => get_post_format
    [1348] => has_post_format
    [1349] => set_post_format
    [1350] => get_post_format_strings
    [1351] => get_post_format_slugs
    [1352] => get_post_format_string
    [1353] => get_post_format_link
    [1354] => _post_format_request
    [1355] => _post_format_link
    [1356] => _post_format_get_term
    [1357] => _post_format_get_terms
    [1358] => _post_format_wp_get_object_terms
    [1359] => has_post_thumbnail
    [1360] => get_post_thumbnail_id
    [1361] => the_post_thumbnail
    [1362] => update_post_thumbnail_cache
    [1363] => get_the_post_thumbnail
    [1364] => get_the_post_thumbnail_url
    [1365] => the_post_thumbnail_url
    [1366] => get_the_post_thumbnail_caption
    [1367] => the_post_thumbnail_caption
    [1368] => get_categories
    [1369] => get_category
    [1370] => get_category_by_path
    [1371] => get_category_by_slug
    [1372] => get_cat_id
    [1373] => get_cat_name
    [1374] => cat_is_ancestor_of
    [1375] => sanitize_category
    [1376] => sanitize_category_field
    [1377] => get_tags
    [1378] => get_tag
    [1379] => clean_category_cache
    [1380] => _make_cat_compat
    [1381] => get_category_link
    [1382] => get_category_parents
    [1383] => get_the_category
    [1384] => get_the_category_by_id
    [1385] => get_the_category_list
    [1386] => in_category
    [1387] => the_category
    [1388] => category_description
    [1389] => wp_dropdown_categories
    [1390] => wp_list_categories
    [1391] => wp_tag_cloud
    [1392] => default_topic_count_scale
    [1393] => wp_generate_tag_cloud
    [1394] => _wp_object_name_sort_cb
    [1395] => _wp_object_count_sort_cb
    [1396] => walk_category_tree
    [1397] => walk_category_dropdown_tree
    [1398] => get_tag_link
    [1399] => get_the_tags
    [1400] => get_the_tag_list
    [1401] => the_tags
    [1402] => tag_description
    [1403] => term_description
    [1404] => get_the_terms
    [1405] => get_the_term_list
    [1406] => get_term_parents_list
    [1407] => the_terms
    [1408] => has_category
    [1409] => has_tag
    [1410] => has_term
    [1411] => check_comment
    [1412] => get_approved_comments
    [1413] => get_comment
    [1414] => get_comments
    [1415] => get_comment_statuses
    [1416] => get_default_comment_status
    [1417] => get_lastcommentmodified
    [1418] => get_comment_count
    [1419] => add_comment_meta
    [1420] => delete_comment_meta
    [1421] => get_comment_meta
    [1422] => wp_lazyload_comment_meta
    [1423] => update_comment_meta
    [1424] => wp_set_comment_cookies
    [1425] => sanitize_comment_cookies
    [1426] => wp_allow_comment
    [1427] => check_comment_flood_db
    [1428] => wp_check_comment_flood
    [1429] => separate_comments
    [1430] => get_comment_pages_count
    [1431] => get_page_of_comment
    [1432] => wp_get_comment_fields_max_lengths
    [1433] => wp_check_comment_data_max_lengths
    [1434] => wp_check_comment_data
    [1435] => wp_check_comment_disallowed_list
    [1436] => wp_count_comments
    [1437] => wp_delete_comment
    [1438] => wp_trash_comment
    [1439] => wp_untrash_comment
    [1440] => wp_spam_comment
    [1441] => wp_unspam_comment
    [1442] => wp_get_comment_status
    [1443] => wp_transition_comment_status
    [1444] => _clear_modified_cache_on_transition_comment_status
    [1445] => wp_get_current_commenter
    [1446] => wp_get_unapproved_comment_author_email
    [1447] => wp_insert_comment
    [1448] => wp_filter_comment
    [1449] => wp_throttle_comment_flood
    [1450] => wp_new_comment
    [1451] => wp_new_comment_notify_moderator
    [1452] => wp_new_comment_notify_postauthor
    [1453] => wp_set_comment_status
    [1454] => wp_update_comment
    [1455] => wp_defer_comment_counting
    [1456] => wp_update_comment_count
    [1457] => wp_update_comment_count_now
    [1458] => discover_pingback_server_uri
    [1459] => do_all_pings
    [1460] => do_all_pingbacks
    [1461] => do_all_enclosures
    [1462] => do_all_trackbacks
    [1463] => do_trackbacks
    [1464] => generic_ping
    [1465] => pingback
    [1466] => privacy_ping_filter
    [1467] => trackback
    [1468] => weblog_ping
    [1469] => pingback_ping_source_uri
    [1470] => xmlrpc_pingback_error
    [1471] => clean_comment_cache
    [1472] => update_comment_cache
    [1473] => _prime_comment_caches
    [1474] => _close_comments_for_old_posts
    [1475] => _close_comments_for_old_post
    [1476] => wp_handle_comment_submission
    [1477] => wp_register_comment_personal_data_exporter
    [1478] => wp_comments_personal_data_exporter
    [1479] => wp_register_comment_personal_data_eraser
    [1480] => wp_comments_personal_data_eraser
    [1481] => wp_cache_set_comments_last_changed
    [1482] => _wp_batch_update_comment_type
    [1483] => _wp_check_for_scheduled_update_comment_type
    [1484] => get_comment_author
    [1485] => comment_author
    [1486] => get_comment_author_email
    [1487] => comment_author_email
    [1488] => comment_author_email_link
    [1489] => get_comment_author_email_link
    [1490] => get_comment_author_link
    [1491] => comment_author_link
    [1492] => get_comment_author_ip
    [1493] => comment_author_ip
    [1494] => get_comment_author_url
    [1495] => comment_author_url
    [1496] => get_comment_author_url_link
    [1497] => comment_author_url_link
    [1498] => comment_class
    [1499] => get_comment_class
    [1500] => get_comment_date
    [1501] => comment_date
    [1502] => get_comment_excerpt
    [1503] => comment_excerpt
    [1504] => get_comment_id
    [1505] => comment_id
    [1506] => get_comment_link
    [1507] => get_comments_link
    [1508] => comments_link
    [1509] => get_comments_number
    [1510] => comments_number
    [1511] => get_comments_number_text
    [1512] => get_comment_text
    [1513] => comment_text
    [1514] => get_comment_time
    [1515] => comment_time
    [1516] => get_comment_type
    [1517] => comment_type
    [1518] => get_trackback_url
    [1519] => trackback_url
    [1520] => trackback_rdf
    [1521] => comments_open
    [1522] => pings_open
    [1523] => wp_comment_form_unfiltered_html_nonce
    [1524] => comments_template
    [1525] => comments_popup_link
    [1526] => get_comment_reply_link
    [1527] => comment_reply_link
    [1528] => get_post_reply_link
    [1529] => post_reply_link
    [1530] => get_cancel_comment_reply_link
    [1531] => cancel_comment_reply_link
    [1532] => get_comment_id_fields
    [1533] => comment_id_fields
    [1534] => comment_form_title
    [1535] => _get_comment_reply_id
    [1536] => wp_list_comments
    [1537] => comment_form
    [1538] => add_rewrite_rule
    [1539] => add_rewrite_tag
    [1540] => remove_rewrite_tag
    [1541] => add_permastruct
    [1542] => remove_permastruct
    [1543] => add_feed
    [1544] => flush_rewrite_rules
    [1545] => add_rewrite_endpoint
    [1546] => _wp_filter_taxonomy_base
    [1547] => wp_resolve_numeric_slug_conflicts
    [1548] => url_to_postid
    [1549] => get_bloginfo_rss
    [1550] => bloginfo_rss
    [1551] => get_default_feed
    [1552] => get_wp_title_rss
    [1553] => wp_title_rss
    [1554] => get_the_title_rss
    [1555] => the_title_rss
    [1556] => get_the_content_feed
    [1557] => the_content_feed
    [1558] => the_excerpt_rss
    [1559] => the_permalink_rss
    [1560] => comments_link_feed
    [1561] => comment_guid
    [1562] => get_comment_guid
    [1563] => comment_link
    [1564] => get_comment_author_rss
    [1565] => comment_author_rss
    [1566] => comment_text_rss
    [1567] => get_the_category_rss
    [1568] => the_category_rss
    [1569] => html_type_rss
    [1570] => rss_enclosure
    [1571] => atom_enclosure
    [1572] => prep_atom_text_construct
    [1573] => atom_site_icon
    [1574] => rss2_site_icon
    [1575] => get_self_link
    [1576] => self_link
    [1577] => get_feed_build_date
    [1578] => feed_content_type
    [1579] => fetch_feed
    [1580] => get_bookmark
    [1581] => get_bookmark_field
    [1582] => get_bookmarks
    [1583] => sanitize_bookmark
    [1584] => sanitize_bookmark_field
    [1585] => clean_bookmark_cache
    [1586] => _walk_bookmarks
    [1587] => wp_list_bookmarks
    [1588] => wp_kses
    [1589] => wp_kses_one_attr
    [1590] => wp_kses_allowed_html
    [1591] => wp_kses_hook
    [1592] => wp_kses_version
    [1593] => wp_kses_split
    [1594] => wp_kses_uri_attributes
    [1595] => _wp_kses_split_callback
    [1596] => wp_kses_split2
    [1597] => wp_kses_attr
    [1598] => wp_kses_attr_check
    [1599] => wp_kses_hair
    [1600] => wp_kses_attr_parse
    [1601] => wp_kses_hair_parse
    [1602] => wp_kses_check_attr_val
    [1603] => wp_kses_bad_protocol
    [1604] => wp_kses_no_null
    [1605] => wp_kses_stripslashes
    [1606] => wp_kses_array_lc
    [1607] => wp_kses_html_error
    [1608] => wp_kses_bad_protocol_once
    [1609] => wp_kses_bad_protocol_once2
    [1610] => wp_kses_normalize_entities
    [1611] => wp_kses_named_entities
    [1612] => wp_kses_xml_named_entities
    [1613] => wp_kses_normalize_entities2
    [1614] => wp_kses_normalize_entities3
    [1615] => valid_unicode
    [1616] => wp_kses_decode_entities
    [1617] => _wp_kses_decode_entities_chr
    [1618] => _wp_kses_decode_entities_chr_hexdec
    [1619] => wp_filter_kses
    [1620] => wp_kses_data
    [1621] => wp_filter_post_kses
    [1622] => wp_filter_global_styles_post
    [1623] => wp_kses_post
    [1624] => wp_kses_post_deep
    [1625] => wp_filter_nohtml_kses
    [1626] => kses_init_filters
    [1627] => kses_remove_filters
    [1628] => kses_init
    [1629] => safecss_filter_attr
    [1630] => _wp_add_global_attributes
    [1631] => _wp_kses_allow_pdf_objects
    [1632] => wp_schedule_single_event
    [1633] => wp_schedule_event
    [1634] => wp_reschedule_event
    [1635] => wp_unschedule_event
    [1636] => wp_clear_scheduled_hook
    [1637] => wp_unschedule_hook
    [1638] => wp_get_scheduled_event
    [1639] => wp_next_scheduled
    [1640] => spawn_cron
    [1641] => wp_cron
    [1642] => _wp_cron
    [1643] => wp_get_schedules
    [1644] => wp_get_schedule
    [1645] => wp_get_ready_cron_jobs
    [1646] => _get_cron_array
    [1647] => _set_cron_array
    [1648] => _upgrade_cron_array
    [1649] => get_postdata
    [1650] => start_wp
    [1651] => the_category_id
    [1652] => the_category_head
    [1653] => previous_post
    [1654] => next_post
    [1655] => user_can_create_post
    [1656] => user_can_create_draft
    [1657] => user_can_edit_post
    [1658] => user_can_delete_post
    [1659] => user_can_set_post_date
    [1660] => user_can_edit_post_date
    [1661] => user_can_edit_post_comments
    [1662] => user_can_delete_post_comments
    [1663] => user_can_edit_user
    [1664] => get_linksbyname
    [1665] => wp_get_linksbyname
    [1666] => get_linkobjectsbyname
    [1667] => get_linkobjects
    [1668] => get_linksbyname_withrating
    [1669] => get_links_withrating
    [1670] => get_autotoggle
    [1671] => list_cats
    [1672] => wp_list_cats
    [1673] => dropdown_cats
    [1674] => list_authors
    [1675] => wp_get_post_cats
    [1676] => wp_set_post_cats
    [1677] => get_archives
    [1678] => get_author_link
    [1679] => link_pages
    [1680] => get_settings
    [1681] => permalink_link
    [1682] => permalink_single_rss
    [1683] => wp_get_links
    [1684] => get_links
    [1685] => get_links_list
    [1686] => links_popup_script
    [1687] => get_linkrating
    [1688] => get_linkcatname
    [1689] => comments_rss_link
    [1690] => get_category_rss_link
    [1691] => get_author_rss_link
    [1692] => comments_rss
    [1693] => create_user
    [1694] => gzip_compression
    [1695] => get_commentdata
    [1696] => get_catname
    [1697] => get_category_children
    [1698] => get_all_category_ids
    [1699] => get_the_author_description
    [1700] => the_author_description
    [1701] => get_the_author_login
    [1702] => the_author_login
    [1703] => get_the_author_firstname
    [1704] => the_author_firstname
    [1705] => get_the_author_lastname
    [1706] => the_author_lastname
    [1707] => get_the_author_nickname
    [1708] => the_author_nickname
    [1709] => get_the_author_email
    [1710] => the_author_email
    [1711] => get_the_author_icq
    [1712] => the_author_icq
    [1713] => get_the_author_yim
    [1714] => the_author_yim
    [1715] => get_the_author_msn
    [1716] => the_author_msn
    [1717] => get_the_author_aim
    [1718] => the_author_aim
    [1719] => get_author_name
    [1720] => get_the_author_url
    [1721] => the_author_url
    [1722] => get_the_author_id
    [1723] => the_author_id
    [1724] => the_content_rss
    [1725] => make_url_footnote
    [1726] => _c
    [1727] => translate_with_context
    [1728] => _nc
    [1729] => __ngettext
    [1730] => __ngettext_noop
    [1731] => get_alloptions
    [1732] => get_the_attachment_link
    [1733] => get_attachment_icon_src
    [1734] => get_attachment_icon
    [1735] => get_attachment_innerhtml
    [1736] => get_link
    [1737] => clean_url
    [1738] => js_escape
    [1739] => wp_specialchars
    [1740] => attribute_escape
    [1741] => register_sidebar_widget
    [1742] => unregister_sidebar_widget
    [1743] => register_widget_control
    [1744] => unregister_widget_control
    [1745] => delete_usermeta
    [1746] => get_usermeta
    [1747] => update_usermeta
    [1748] => get_users_of_blog
    [1749] => automatic_feed_links
    [1750] => get_profile
    [1751] => get_usernumposts
    [1752] => funky_javascript_callback
    [1753] => funky_javascript_fix
    [1754] => is_taxonomy
    [1755] => is_term
    [1756] => is_plugin_page
    [1757] => update_category_cache
    [1758] => wp_timezone_supported
    [1759] => the_editor
    [1760] => get_user_metavalues
    [1761] => sanitize_user_object
    [1762] => get_boundary_post_rel_link
    [1763] => start_post_rel_link
    [1764] => get_index_rel_link
    [1765] => index_rel_link
    [1766] => get_parent_post_rel_link
    [1767] => parent_post_rel_link
    [1768] => wp_admin_bar_dashboard_view_site_menu
    [1769] => is_blog_user
    [1770] => debug_fopen
    [1771] => debug_fwrite
    [1772] => debug_fclose
    [1773] => get_themes
    [1774] => get_theme
    [1775] => get_current_theme
    [1776] => clean_pre
    [1777] => add_custom_image_header
    [1778] => remove_custom_image_header
    [1779] => add_custom_background
    [1780] => remove_custom_background
    [1781] => get_theme_data
    [1782] => update_page_cache
    [1783] => clean_page_cache
    [1784] => wp_explain_nonce
    [1785] => sticky_class
    [1786] => _get_post_ancestors
    [1787] => wp_load_image
    [1788] => image_resize
    [1789] => wp_get_single_post
    [1790] => user_pass_ok
    [1791] => _save_post_hook
    [1792] => gd_edit_image_support
    [1793] => wp_convert_bytes_to_hr
    [1794] => _search_terms_tidy
    [1795] => rich_edit_exists
    [1796] => default_topic_count_text
    [1797] => format_to_post
    [1798] => like_escape
    [1799] => url_is_accessable_via_ssl
    [1800] => preview_theme
    [1801] => _preview_theme_template_filter
    [1802] => _preview_theme_stylesheet_filter
    [1803] => preview_theme_ob_filter
    [1804] => preview_theme_ob_filter_callback
    [1805] => wp_richedit_pre
    [1806] => wp_htmledit_pre
    [1807] => post_permalink
    [1808] => wp_get_http
    [1809] => force_ssl_login
    [1810] => get_comments_popup_template
    [1811] => is_comments_popup
    [1812] => comments_popup_script
    [1813] => popuplinks
    [1814] => wp_embed_handler_googlevideo
    [1815] => get_paged_template
    [1816] => wp_kses_js_entities
    [1817] => _usort_terms_by_id
    [1818] => _usort_terms_by_name
    [1819] => _sort_nav_menu_items
    [1820] => get_shortcut_link
    [1821] => wp_ajax_press_this_save_post
    [1822] => wp_ajax_press_this_add_category
    [1823] => wp_get_user_request_data
    [1824] => wp_make_content_images_responsive
    [1825] => wp_unregister_globals
    [1826] => wp_blacklist_check
    [1827] => _wp_register_meta_args_whitelist
    [1828] => add_option_whitelist
    [1829] => remove_option_whitelist
    [1830] => wp_slash_strings_only
    [1831] => addslashes_strings_only
    [1832] => noindex
    [1833] => wp_no_robots
    [1834] => wp_sensitive_page_meta
    [1835] => _excerpt_render_inner_columns_blocks
    [1836] => wp_render_duotone_filter_preset
    [1837] => wp_skip_border_serialization
    [1838] => wp_skip_dimensions_serialization
    [1839] => wp_skip_spacing_serialization
    [1840] => wp_add_iframed_editor_assets_html
    [1841] => wp_get_attachment_thumb_file
    [1842] => _get_path_to_translation
    [1843] => _get_path_to_translation_from_lang_dir
    [1844] => _wp_multiple_block_styles
    [1845] => wp_typography_get_css_variable_inline_style
    [1846] => global_terms_enabled
    [1847] => _filter_query_attachment_filenames
    [1848] => get_page_by_title
    [1849] => _resolve_home_block_template
    [1850] => wlwmanifest_link
    [1851] => wp_queue_comments_for_comment_meta_lazyload
    [1852] => wp_get_loading_attr_default
    [1853] => wp_img_tag_add_loading_attr
    [1854] => wp_tinycolor_bound01
    [1855] => _wp_tinycolor_bound_alpha
    [1856] => wp_tinycolor_rgb_to_rgb
    [1857] => wp_tinycolor_hue_to_rgb
    [1858] => wp_tinycolor_hsl_to_rgb
    [1859] => wp_tinycolor_string_to_rgb
    [1860] => wp_get_duotone_filter_id
    [1861] => wp_get_duotone_filter_property
    [1862] => wp_get_duotone_filter_svg
    [1863] => wp_register_duotone_support
    [1864] => wp_render_duotone_support
    [1865] => wp_get_global_styles_svg_filters
    [1866] => wp_global_styles_render_svg_filters
    [1867] => block_core_navigation_submenu_build_css_colors
    [1868] => _wp_theme_json_webfonts_handler
    [1869] => print_embed_styles
    [1870] => print_emoji_styles
    [1871] => wp_admin_bar_header
    [1872] => _admin_bar_bump_cb
    [1873] => wp_update_https_detection_errors
    [1874] => wp_img_tag_add_decoding_attr
    [1875] => _inject_theme_attribute_in_block_template_content
    [1876] => _remove_theme_attribute_in_block_template_content
    [1877] => the_block_template_skip_link
    [1878] => block_core_query_ensure_interactivity_dependency
    [1879] => block_core_file_ensure_interactivity_dependency
    [1880] => block_core_image_ensure_interactivity_dependency
    [1881] => wp_render_elements_support
    [1882] => wp_interactivity_process_directives_of_interactive_blocks
    [1883] => wp_get_global_styles_custom_css
    [1884] => wp_enqueue_global_styles_custom_css
    [1885] => wp_create_block_style_variation_instance_name
    [1886] => current_user_can_for_blog
    [1887] => wp_add_editor_classic_theme_styles
    [1888] => wp_register_tinymce_scripts
    [1889] => wp_default_packages_vendor
    [1890] => wp_get_script_polyfill
    [1891] => wp_register_development_scripts
    [1892] => wp_default_packages_scripts
    [1893] => wp_default_packages_inline_scripts
    [1894] => wp_tinymce_inline_scripts
    [1895] => wp_default_packages
    [1896] => wp_scripts_get_suffix
    [1897] => wp_default_scripts
    [1898] => wp_default_styles
    [1899] => wp_prototype_before_jquery
    [1900] => wp_just_in_time_script_localization
    [1901] => wp_localize_jquery_ui_datepicker
    [1902] => wp_localize_community_events
    [1903] => wp_style_loader_src
    [1904] => print_head_scripts
    [1905] => print_footer_scripts
    [1906] => _print_scripts
    [1907] => wp_print_head_scripts
    [1908] => _wp_footer_scripts
    [1909] => wp_print_footer_scripts
    [1910] => wp_enqueue_scripts
    [1911] => print_admin_styles
    [1912] => print_late_styles
    [1913] => _print_styles
    [1914] => script_concat_settings
    [1915] => wp_common_block_scripts_and_styles
    [1916] => wp_filter_out_block_nodes
    [1917] => wp_enqueue_global_styles
    [1918] => wp_should_load_block_editor_scripts_and_styles
    [1919] => wp_should_load_separate_core_block_assets
    [1920] => wp_should_load_block_assets_on_demand
    [1921] => wp_enqueue_registered_block_scripts_and_styles
    [1922] => enqueue_block_styles_assets
    [1923] => enqueue_editor_block_styles_assets
    [1924] => wp_enqueue_editor_block_directory_assets
    [1925] => wp_enqueue_editor_format_library_assets
    [1926] => wp_sanitize_script_attributes
    [1927] => wp_get_script_tag
    [1928] => wp_print_script_tag
    [1929] => wp_get_inline_script_tag
    [1930] => wp_print_inline_script_tag
    [1931] => wp_maybe_inline_styles
    [1932] => _wp_normalize_relative_css_links
    [1933] => wp_enqueue_global_styles_css_custom_properties
    [1934] => wp_enqueue_block_support_styles
    [1935] => wp_enqueue_stored_styles
    [1936] => wp_enqueue_block_style
    [1937] => wp_enqueue_classic_theme_styles
    [1938] => wp_remove_surrounding_empty_script_tags
    [1939] => wp_scripts
    [1940] => _wp_scripts_maybe_doing_it_wrong
    [1941] => wp_print_scripts
    [1942] => wp_add_inline_script
    [1943] => wp_register_script
    [1944] => wp_localize_script
    [1945] => wp_set_script_translations
    [1946] => wp_deregister_script
    [1947] => wp_enqueue_script
    [1948] => wp_dequeue_script
    [1949] => wp_script_is
    [1950] => wp_script_add_data
    [1951] => wp_styles
    [1952] => wp_print_styles
    [1953] => wp_add_inline_style
    [1954] => wp_register_style
    [1955] => wp_deregister_style
    [1956] => wp_enqueue_style
    [1957] => wp_dequeue_style
    [1958] => wp_style_is
    [1959] => wp_style_add_data
    [1960] => create_initial_taxonomies
    [1961] => get_taxonomies
    [1962] => get_object_taxonomies
    [1963] => get_taxonomy
    [1964] => taxonomy_exists
    [1965] => is_taxonomy_hierarchical
    [1966] => register_taxonomy
    [1967] => unregister_taxonomy
    [1968] => get_taxonomy_labels
    [1969] => register_taxonomy_for_object_type
    [1970] => unregister_taxonomy_for_object_type
    [1971] => get_objects_in_term
    [1972] => get_tax_sql
    [1973] => get_term
    [1974] => get_term_by
    [1975] => get_term_children
    [1976] => get_term_field
    [1977] => get_term_to_edit
    [1978] => get_terms
    [1979] => add_term_meta
    [1980] => delete_term_meta
    [1981] => get_term_meta
    [1982] => update_term_meta
    [1983] => update_termmeta_cache
    [1984] => wp_lazyload_term_meta
    [1985] => has_term_meta
    [1986] => register_term_meta
    [1987] => unregister_term_meta
    [1988] => term_exists
    [1989] => term_is_ancestor_of
    [1990] => sanitize_term
    [1991] => sanitize_term_field
    [1992] => wp_count_terms
    [1993] => wp_delete_object_term_relationships
    [1994] => wp_delete_term
    [1995] => wp_delete_category
    [1996] => wp_get_object_terms
    [1997] => wp_insert_term
    [1998] => wp_set_object_terms
    [1999] => wp_add_object_terms
    [2000] => wp_remove_object_terms
    [2001] => wp_unique_term_slug
    [2002] => wp_update_term
    [2003] => wp_defer_term_counting
    [2004] => wp_update_term_count
    [2005] => wp_update_term_count_now
    [2006] => clean_object_term_cache
    [2007] => clean_term_cache
    [2008] => clean_taxonomy_cache
    [2009] => get_object_term_cache
    [2010] => update_object_term_cache
    [2011] => update_term_cache
    [2012] => _get_term_hierarchy
    [2013] => _get_term_children
    [2014] => _pad_term_counts
    [2015] => _prime_term_caches
    [2016] => _update_post_term_count
    [2017] => _update_generic_term_count
    [2018] => _split_shared_term
    [2019] => _wp_batch_split_terms
    [2020] => _wp_check_for_scheduled_split_terms
    [2021] => _wp_check_split_default_terms
    [2022] => _wp_check_split_terms_in_menus
    [2023] => _wp_check_split_nav_menu_terms
    [2024] => wp_get_split_terms
    [2025] => wp_get_split_term
    [2026] => wp_term_is_shared
    [2027] => get_term_link
    [2028] => the_taxonomies
    [2029] => get_the_taxonomies
    [2030] => get_post_taxonomies
    [2031] => is_object_in_term
    [2032] => is_object_in_taxonomy
    [2033] => get_ancestors
    [2034] => wp_get_term_taxonomy_parent_id
    [2035] => wp_check_term_hierarchy_for_loops
    [2036] => is_taxonomy_viewable
    [2037] => is_term_publicly_viewable
    [2038] => wp_cache_set_terms_last_changed
    [2039] => wp_check_term_meta_support_prefilter
    [2040] => wp_version_check
    [2041] => wp_update_plugins
    [2042] => wp_update_themes
    [2043] => wp_maybe_auto_update
    [2044] => wp_get_translation_updates
    [2045] => wp_get_update_data
    [2046] => _maybe_update_core
    [2047] => _maybe_update_plugins
    [2048] => _maybe_update_themes
    [2049] => wp_schedule_update_checks
    [2050] => wp_clean_update_cache
    [2051] => wp_delete_all_temp_backups
    [2052] => _wp_delete_all_temp_backups
    [2053] => redirect_canonical
    [2054] => _remove_qs_args_if_not_in_url
    [2055] => strip_fragment_from_url
    [2056] => redirect_guess_404_permalink
    [2057] => wp_redirect_admin_locations
    [2058] => add_shortcode
    [2059] => remove_shortcode
    [2060] => remove_all_shortcodes
    [2061] => shortcode_exists
    [2062] => has_shortcode
    [2063] => get_shortcode_tags_in_content
    [2064] => apply_shortcodes
    [2065] => do_shortcode
    [2066] => _filter_do_shortcode_context
    [2067] => get_shortcode_regex
    [2068] => do_shortcode_tag
    [2069] => do_shortcodes_in_html_tags
    [2070] => unescape_invalid_shortcodes
    [2071] => get_shortcode_atts_regex
    [2072] => shortcode_parse_atts
    [2073] => shortcode_atts
    [2074] => strip_shortcodes
    [2075] => strip_shortcode_tag
    [2076] => wp_embed_register_handler
    [2077] => wp_embed_unregister_handler
    [2078] => wp_embed_defaults
    [2079] => wp_oembed_get
    [2080] => _wp_oembed_get_object
    [2081] => wp_oembed_add_provider
    [2082] => wp_oembed_remove_provider
    [2083] => wp_maybe_load_embeds
    [2084] => wp_embed_handler_youtube
    [2085] => wp_embed_handler_audio
    [2086] => wp_embed_handler_video
    [2087] => wp_oembed_register_route
    [2088] => wp_oembed_add_discovery_links
    [2089] => wp_oembed_add_host_js
    [2090] => wp_maybe_enqueue_oembed_host_js
    [2091] => get_post_embed_url
    [2092] => get_oembed_endpoint_url
    [2093] => get_post_embed_html
    [2094] => get_oembed_response_data
    [2095] => get_oembed_response_data_for_url
    [2096] => get_oembed_response_data_rich
    [2097] => wp_oembed_ensure_format
    [2098] => _oembed_rest_pre_serve_request
    [2099] => _oembed_create_xml
    [2100] => wp_filter_oembed_iframe_title_attribute
    [2101] => wp_filter_oembed_result
    [2102] => wp_embed_excerpt_more
    [2103] => the_excerpt_embed
    [2104] => wp_embed_excerpt_attachment
    [2105] => enqueue_embed_scripts
    [2106] => wp_enqueue_embed_styles
    [2107] => print_embed_scripts
    [2108] => _oembed_filter_feed_content
    [2109] => print_embed_comments_button
    [2110] => print_embed_sharing_button
    [2111] => print_embed_sharing_dialog
    [2112] => the_embed_site_title
    [2113] => wp_filter_pre_oembed_result
    [2114] => wp_get_additional_image_sizes
    [2115] => image_constrain_size_for_editor
    [2116] => image_hwstring
    [2117] => image_downsize
    [2118] => add_image_size
    [2119] => has_image_size
    [2120] => remove_image_size
    [2121] => set_post_thumbnail_size
    [2122] => get_image_tag
    [2123] => wp_constrain_dimensions
    [2124] => image_resize_dimensions
    [2125] => image_make_intermediate_size
    [2126] => wp_image_matches_ratio
    [2127] => image_get_intermediate_size
    [2128] => get_intermediate_image_sizes
    [2129] => wp_get_registered_image_subsizes
    [2130] => wp_get_attachment_image_src
    [2131] => wp_get_attachment_image
    [2132] => wp_get_attachment_image_url
    [2133] => _wp_get_attachment_relative_path
    [2134] => _wp_get_image_size_from_meta
    [2135] => wp_get_attachment_image_srcset
    [2136] => wp_calculate_image_srcset
    [2137] => wp_get_attachment_image_sizes
    [2138] => wp_calculate_image_sizes
    [2139] => wp_image_file_matches_image_meta
    [2140] => wp_image_src_get_dimensions
    [2141] => wp_image_add_srcset_and_sizes
    [2142] => wp_lazy_loading_enabled
    [2143] => wp_filter_content_tags
    [2144] => wp_img_tag_add_auto_sizes
    [2145] => wp_sizes_attribute_includes_valid_auto
    [2146] => wp_print_auto_sizes_contain_css_fix
    [2147] => wp_img_tag_add_loading_optimization_attrs
    [2148] => wp_img_tag_add_width_and_height_attr
    [2149] => wp_img_tag_add_srcset_and_sizes_attr
    [2150] => wp_iframe_tag_add_loading_attr
    [2151] => _wp_post_thumbnail_class_filter
    [2152] => _wp_post_thumbnail_class_filter_add
    [2153] => _wp_post_thumbnail_class_filter_remove
    [2154] => _wp_post_thumbnail_context_filter
    [2155] => _wp_post_thumbnail_context_filter_add
    [2156] => _wp_post_thumbnail_context_filter_remove
    [2157] => img_caption_shortcode
    [2158] => gallery_shortcode
    [2159] => wp_underscore_playlist_templates
    [2160] => wp_playlist_scripts
    [2161] => wp_playlist_shortcode
    [2162] => wp_mediaelement_fallback
    [2163] => wp_get_audio_extensions
    [2164] => wp_get_attachment_id3_keys
    [2165] => wp_audio_shortcode
    [2166] => wp_get_video_extensions
    [2167] => wp_video_shortcode
    [2168] => get_previous_image_link
    [2169] => previous_image_link
    [2170] => get_next_image_link
    [2171] => next_image_link
    [2172] => get_adjacent_image_link
    [2173] => adjacent_image_link
    [2174] => get_attachment_taxonomies
    [2175] => get_taxonomies_for_attachments
    [2176] => is_gd_image
    [2177] => wp_imagecreatetruecolor
    [2178] => wp_expand_dimensions
    [2179] => wp_max_upload_size
    [2180] => wp_get_image_editor
    [2181] => wp_image_editor_supports
    [2182] => _wp_image_editor_choose
    [2183] => wp_plupload_default_settings
    [2184] => wp_prepare_attachment_for_js
    [2185] => wp_enqueue_media
    [2186] => get_attached_media
    [2187] => get_media_embedded_in_content
    [2188] => get_post_galleries
    [2189] => get_post_gallery
    [2190] => get_post_galleries_images
    [2191] => get_post_gallery_images
    [2192] => wp_maybe_generate_attachment_metadata
    [2193] => attachment_url_to_postid
    [2194] => wpview_media_sandbox_styles
    [2195] => wp_register_media_personal_data_exporter
    [2196] => wp_media_personal_data_exporter
    [2197] => _wp_add_additional_image_sizes
    [2198] => wp_show_heic_upload_error
    [2199] => wp_getimagesize
    [2200] => wp_get_avif_info
    [2201] => wp_get_webp_info
    [2202] => wp_get_loading_optimization_attributes
    [2203] => wp_omit_loading_attr_threshold
    [2204] => wp_increase_content_media_count
    [2205] => wp_maybe_add_fetchpriority_high_attr
    [2206] => wp_high_priority_element_flag
    [2207] => wp_get_image_editor_output_format
    [2208] => _wp_http_get_object
    [2209] => wp_safe_remote_request
    [2210] => wp_safe_remote_get
    [2211] => wp_safe_remote_post
    [2212] => wp_safe_remote_head
    [2213] => wp_remote_request
    [2214] => wp_remote_get
    [2215] => wp_remote_post
    [2216] => wp_remote_head
    [2217] => wp_remote_retrieve_headers
    [2218] => wp_remote_retrieve_header
    [2219] => wp_remote_retrieve_response_code
    [2220] => wp_remote_retrieve_response_message
    [2221] => wp_remote_retrieve_body
    [2222] => wp_remote_retrieve_cookies
    [2223] => wp_remote_retrieve_cookie
    [2224] => wp_remote_retrieve_cookie_value
    [2225] => wp_http_supports
    [2226] => get_http_origin
    [2227] => get_allowed_http_origins
    [2228] => is_allowed_http_origin
    [2229] => send_origin_headers
    [2230] => wp_http_validate_url
    [2231] => allowed_http_request_hosts
    [2232] => ms_allowed_http_request_hosts
    [2233] => wp_parse_url
    [2234] => _get_component_from_parsed_url_array
    [2235] => _wp_translate_php_url_constant_to_key
    [2236] => register_widget
    [2237] => unregister_widget
    [2238] => register_sidebars
    [2239] => register_sidebar
    [2240] => unregister_sidebar
    [2241] => is_registered_sidebar
    [2242] => wp_register_sidebar_widget
    [2243] => wp_widget_description
    [2244] => wp_sidebar_description
    [2245] => wp_unregister_sidebar_widget
    [2246] => wp_register_widget_control
    [2247] => _register_widget_update_callback
    [2248] => _register_widget_form_callback
    [2249] => wp_unregister_widget_control
    [2250] => dynamic_sidebar
    [2251] => is_active_widget
    [2252] => is_dynamic_sidebar
    [2253] => is_active_sidebar
    [2254] => wp_get_sidebars_widgets
    [2255] => wp_get_sidebar
    [2256] => wp_set_sidebars_widgets
    [2257] => wp_get_widget_defaults
    [2258] => wp_convert_widget_settings
    [2259] => the_widget
    [2260] => _get_widget_id_base
    [2261] => _wp_sidebars_changed
    [2262] => retrieve_widgets
    [2263] => wp_map_sidebars_widgets
    [2264] => _wp_remove_unregistered_widgets
    [2265] => wp_widget_rss_output
    [2266] => wp_widget_rss_form
    [2267] => wp_widget_rss_process
    [2268] => wp_widgets_init
    [2269] => wp_setup_widgets_block_editor
    [2270] => wp_use_widgets_block_editor
    [2271] => wp_parse_widget_id
    [2272] => wp_find_widgets_sidebar
    [2273] => wp_assign_widget_to_sidebar
    [2274] => wp_render_widget
    [2275] => wp_render_widget_control
    [2276] => wp_check_widget_editor_deps
    [2277] => _wp_block_theme_register_classic_sidebars
    [2278] => wp_nav_menu
    [2279] => _wp_menu_item_classes_by_context
    [2280] => walk_nav_menu_tree
    [2281] => _nav_menu_item_id_use_once
    [2282] => wp_nav_menu_remove_menu_item_has_children_class
    [2283] => wp_get_nav_menu_object
    [2284] => is_nav_menu
    [2285] => register_nav_menus
    [2286] => unregister_nav_menu
    [2287] => register_nav_menu
    [2288] => get_registered_nav_menus
    [2289] => get_nav_menu_locations
    [2290] => has_nav_menu
    [2291] => wp_get_nav_menu_name
    [2292] => is_nav_menu_item
    [2293] => wp_create_nav_menu
    [2294] => wp_delete_nav_menu
    [2295] => wp_update_nav_menu_object
    [2296] => wp_update_nav_menu_item
    [2297] => wp_get_nav_menus
    [2298] => _is_valid_nav_menu_item
    [2299] => wp_get_nav_menu_items
    [2300] => update_menu_item_cache
    [2301] => wp_setup_nav_menu_item
    [2302] => wp_get_associated_nav_menu_items
    [2303] => _wp_delete_post_menu_item
    [2304] => _wp_delete_tax_menu_item
    [2305] => _wp_auto_add_pages_to_menu
    [2306] => _wp_delete_customize_changeset_dependent_auto_drafts
    [2307] => _wp_menus_changed
    [2308] => wp_map_nav_menu_locations
    [2309] => _wp_reset_invalid_menu_item_parent
    [2310] => _wp_admin_bar_init
    [2311] => wp_admin_bar_render
    [2312] => wp_admin_bar_wp_menu
    [2313] => wp_admin_bar_sidebar_toggle
    [2314] => wp_admin_bar_my_account_item
    [2315] => wp_admin_bar_my_account_menu
    [2316] => wp_admin_bar_site_menu
    [2317] => wp_admin_bar_edit_site_menu
    [2318] => wp_admin_bar_customize_menu
    [2319] => wp_admin_bar_my_sites_menu
    [2320] => wp_admin_bar_shortlink_menu
    [2321] => wp_admin_bar_edit_menu
    [2322] => wp_admin_bar_new_content_menu
    [2323] => wp_admin_bar_comments_menu
    [2324] => wp_admin_bar_appearance_menu
    [2325] => wp_admin_bar_updates_menu
    [2326] => wp_admin_bar_search_menu
    [2327] => wp_admin_bar_recovery_mode_menu
    [2328] => wp_admin_bar_add_secondary_groups
    [2329] => wp_enqueue_admin_bar_header_styles
    [2330] => wp_enqueue_admin_bar_bump_styles
    [2331] => show_admin_bar
    [2332] => is_admin_bar_showing
    [2333] => _get_admin_bar_pref
    [2334] => register_rest_route
    [2335] => register_rest_field
    [2336] => rest_api_init
    [2337] => rest_api_register_rewrites
    [2338] => rest_api_default_filters
    [2339] => create_initial_rest_routes
    [2340] => rest_api_loaded
    [2341] => rest_get_url_prefix
    [2342] => get_rest_url
    [2343] => rest_url
    [2344] => rest_do_request
    [2345] => rest_get_server
    [2346] => rest_ensure_request
    [2347] => rest_ensure_response
    [2348] => rest_handle_deprecated_function
    [2349] => rest_handle_deprecated_argument
    [2350] => rest_handle_doing_it_wrong
    [2351] => rest_send_cors_headers
    [2352] => rest_handle_options_request
    [2353] => rest_send_allow_header
    [2354] => _rest_array_intersect_key_recursive
    [2355] => rest_filter_response_fields
    [2356] => rest_is_field_included
    [2357] => rest_output_rsd
    [2358] => rest_output_link_wp_head
    [2359] => rest_output_link_header
    [2360] => rest_cookie_check_errors
    [2361] => rest_cookie_collect_status
    [2362] => rest_application_password_collect_status
    [2363] => rest_get_authenticated_app_password
    [2364] => rest_application_password_check_errors
    [2365] => rest_add_application_passwords_to_index
    [2366] => rest_get_avatar_urls
    [2367] => rest_get_avatar_sizes
    [2368] => rest_parse_date
    [2369] => rest_parse_hex_color
    [2370] => rest_get_date_with_gmt
    [2371] => rest_authorization_required_code
    [2372] => rest_validate_request_arg
    [2373] => rest_sanitize_request_arg
    [2374] => rest_parse_request_arg
    [2375] => rest_is_ip_address
    [2376] => rest_sanitize_boolean
    [2377] => rest_is_boolean
    [2378] => rest_is_integer
    [2379] => rest_is_array
    [2380] => rest_sanitize_array
    [2381] => rest_is_object
    [2382] => rest_sanitize_object
    [2383] => rest_get_best_type_for_value
    [2384] => rest_handle_multi_type_schema
    [2385] => rest_validate_array_contains_unique_items
    [2386] => rest_stabilize_value
    [2387] => rest_validate_json_schema_pattern
    [2388] => rest_find_matching_pattern_property_schema
    [2389] => rest_format_combining_operation_error
    [2390] => rest_get_combining_operation_error
    [2391] => rest_find_any_matching_schema
    [2392] => rest_find_one_matching_schema
    [2393] => rest_are_values_equal
    [2394] => rest_validate_enum
    [2395] => rest_get_allowed_schema_keywords
    [2396] => rest_validate_value_from_schema
    [2397] => rest_validate_null_value_from_schema
    [2398] => rest_validate_boolean_value_from_schema
    [2399] => rest_validate_object_value_from_schema
    [2400] => rest_validate_array_value_from_schema
    [2401] => rest_validate_number_value_from_schema
    [2402] => rest_validate_string_value_from_schema
    [2403] => rest_validate_integer_value_from_schema
    [2404] => rest_sanitize_value_from_schema
    [2405] => rest_preload_api_request
    [2406] => rest_parse_embed_param
    [2407] => rest_filter_response_by_context
    [2408] => rest_default_additional_properties_to_false
    [2409] => rest_get_route_for_post
    [2410] => rest_get_route_for_post_type_items
    [2411] => rest_get_route_for_term
    [2412] => rest_get_route_for_taxonomy_items
    [2413] => rest_get_queried_resource_route
    [2414] => rest_get_endpoint_args_for_schema
    [2415] => rest_convert_error_to_response
    [2416] => wp_is_rest_endpoint
    [2417] => wp_sitemaps_get_server
    [2418] => wp_get_sitemap_providers
    [2419] => wp_register_sitemap_provider
    [2420] => wp_sitemaps_get_max_urls
    [2421] => get_sitemap_url
    [2422] => register_block_pattern_category
    [2423] => unregister_block_pattern_category
    [2424] => register_block_pattern
    [2425] => unregister_block_pattern
    [2426] => register_block_bindings_source
    [2427] => unregister_block_bindings_source
    [2428] => get_all_registered_block_bindings_sources
    [2429] => get_block_bindings_source
    [2430] => _block_bindings_pattern_overrides_get_value
    [2431] => _register_block_bindings_pattern_overrides_source
    [2432] => _block_bindings_post_meta_get_value
    [2433] => _register_block_bindings_post_meta_source
    [2434] => remove_block_asset_path_prefix
    [2435] => generate_block_asset_handle
    [2436] => get_block_asset_url
    [2437] => register_block_script_module_id
    [2438] => register_block_script_handle
    [2439] => register_block_style_handle
    [2440] => get_block_metadata_i18n_schema
    [2441] => wp_register_block_types_from_metadata_collection
    [2442] => wp_register_block_metadata_collection
    [2443] => register_block_type_from_metadata
    [2444] => register_block_type
    [2445] => unregister_block_type
    [2446] => has_blocks
    [2447] => has_block
    [2448] => get_dynamic_block_names
    [2449] => get_hooked_blocks
    [2450] => insert_hooked_blocks
    [2451] => set_ignored_hooked_blocks_metadata
    [2452] => apply_block_hooks_to_content
    [2453] => apply_block_hooks_to_content_from_post_object
    [2454] => remove_serialized_parent_block
    [2455] => extract_serialized_parent_block
    [2456] => update_ignored_hooked_blocks_postmeta
    [2457] => insert_hooked_blocks_and_set_ignored_hooked_blocks_metadata
    [2458] => insert_hooked_blocks_into_rest_response
    [2459] => make_before_block_visitor
    [2460] => make_after_block_visitor
    [2461] => serialize_block_attributes
    [2462] => strip_core_block_namespace
    [2463] => get_comment_delimited_block_content
    [2464] => serialize_block
    [2465] => serialize_blocks
    [2466] => traverse_and_serialize_block
    [2467] => resolve_pattern_blocks
    [2468] => traverse_and_serialize_blocks
    [2469] => filter_block_content
    [2470] => _filter_block_content_callback
    [2471] => filter_block_kses
    [2472] => filter_block_kses_value
    [2473] => filter_block_core_template_part_attributes
    [2474] => excerpt_remove_blocks
    [2475] => excerpt_remove_footnotes
    [2476] => _excerpt_render_inner_blocks
    [2477] => render_block
    [2478] => parse_blocks
    [2479] => do_blocks
    [2480] => _restore_wpautop_hook
    [2481] => block_version
    [2482] => register_block_style
    [2483] => unregister_block_style
    [2484] => block_has_support
    [2485] => wp_migrate_old_typography_shape
    [2486] => build_query_vars_from_query_block
    [2487] => get_query_pagination_arrow
    [2488] => build_comment_query_vars_from_block
    [2489] => get_comments_pagination_arrow
    [2490] => _wp_filter_post_meta_footnotes
    [2491] => _wp_footnotes_kses_init_filters
    [2492] => _wp_footnotes_remove_filters
    [2493] => _wp_footnotes_kses_init
    [2494] => _wp_footnotes_force_filtered_html_on_import_filter
    [2495] => register_core_block_style_handles
    [2496] => register_core_block_types_from_metadata
    [2497] => wp_register_core_block_metadata_collection
    [2498] => render_block_core_legacy_widget
    [2499] => register_block_core_legacy_widget
    [2500] => handle_legacy_widget_preview_iframe
    [2501] => render_block_core_widget_group
    [2502] => register_block_core_widget_group
    [2503] => note_sidebar_being_rendered
    [2504] => discard_sidebar_being_rendered
    [2505] => render_block_core_archives
    [2506] => register_block_core_archives
    [2507] => render_block_core_avatar
    [2508] => get_block_core_avatar_border_attributes
    [2509] => register_block_core_avatar
    [2510] => render_block_core_block
    [2511] => register_block_core_block
    [2512] => render_block_core_button
    [2513] => register_block_core_button
    [2514] => render_block_core_calendar
    [2515] => register_block_core_calendar
    [2516] => block_core_calendar_has_published_posts
    [2517] => block_core_calendar_update_has_published_posts
    [2518] => block_core_calendar_update_has_published_post_on_delete
    [2519] => block_core_calendar_update_has_published_post_on_transition_post_status
    [2520] => render_block_core_categories
    [2521] => build_dropdown_script_block_core_categories
    [2522] => register_block_core_categories
    [2523] => render_block_core_comment_author_name
    [2524] => register_block_core_comment_author_name
    [2525] => render_block_core_comment_content
    [2526] => register_block_core_comment_content
    [2527] => render_block_core_comment_date
    [2528] => register_block_core_comment_date
    [2529] => render_block_core_comment_edit_link
    [2530] => register_block_core_comment_edit_link
    [2531] => render_block_core_comment_reply_link
    [2532] => register_block_core_comment_reply_link
    [2533] => block_core_comment_template_render_comments
    [2534] => render_block_core_comment_template
    [2535] => register_block_core_comment_template
    [2536] => render_block_core_comments
    [2537] => register_block_core_comments
    [2538] => comments_block_form_defaults
    [2539] => enqueue_legacy_post_comments_block_styles
    [2540] => register_legacy_post_comments_block
    [2541] => render_block_core_comments_pagination
    [2542] => register_block_core_comments_pagination
    [2543] => render_block_core_comments_pagination_next
    [2544] => register_block_core_comments_pagination_next
    [2545] => render_block_core_comments_pagination_numbers
    [2546] => register_block_core_comments_pagination_numbers
    [2547] => render_block_core_comments_pagination_previous
    [2548] => register_block_core_comments_pagination_previous
    [2549] => render_block_core_comments_title
    [2550] => register_block_core_comments_title
    [2551] => render_block_core_cover
    [2552] => register_block_core_cover
    [2553] => render_block_core_file
    [2554] => register_block_core_file
    [2555] => render_block_core_footnotes
    [2556] => register_block_core_footnotes
    [2557] => register_block_core_footnotes_post_meta
    [2558] => wp_add_footnotes_to_revision
    [2559] => wp_get_footnotes_from_revision
    [2560] => block_core_gallery_data_id_backcompatibility
    [2561] => block_core_gallery_render
    [2562] => register_block_core_gallery
    [2563] => block_core_heading_render
    [2564] => register_block_core_heading
    [2565] => block_core_home_link_build_css_colors
    [2566] => block_core_home_link_build_css_font_sizes
    [2567] => block_core_home_link_build_li_wrapper_attributes
    [2568] => render_block_core_home_link
    [2569] => register_block_core_home_link
    [2570] => render_block_core_image
    [2571] => block_core_image_get_lightbox_settings
    [2572] => block_core_image_render_lightbox
    [2573] => block_core_image_print_lightbox_overlay
    [2574] => register_block_core_image
    [2575] => wp_latest_comments_draft_or_post_title
    [2576] => render_block_core_latest_comments
    [2577] => register_block_core_latest_comments
    [2578] => block_core_latest_posts_get_excerpt_length
    [2579] => render_block_core_latest_posts
    [2580] => register_block_core_latest_posts
    [2581] => block_core_latest_posts_migrate_categories
    [2582] => block_core_list_render
    [2583] => register_block_core_list
    [2584] => render_block_core_loginout
    [2585] => register_block_core_loginout
    [2586] => render_block_core_media_text
    [2587] => register_block_core_media_text
    [2588] => block_core_navigation_add_directives_to_submenu
    [2589] => block_core_navigation_build_css_colors
    [2590] => block_core_navigation_build_css_font_sizes
    [2591] => block_core_navigation_render_submenu_icon
    [2592] => block_core_navigation_filter_out_empty_blocks
    [2593] => block_core_navigation_block_contains_core_navigation
    [2594] => block_core_navigation_get_fallback_blocks
    [2595] => block_core_navigation_get_post_ids
    [2596] => block_core_navigation_from_block_get_post_ids
    [2597] => render_block_core_navigation
    [2598] => register_block_core_navigation
    [2599] => block_core_navigation_typographic_presets_backcompatibility
    [2600] => block_core_navigation_parse_blocks_from_menu_items
    [2601] => block_core_navigation_get_classic_menu_fallback
    [2602] => block_core_navigation_get_classic_menu_fallback_blocks
    [2603] => block_core_navigation_maybe_use_classic_menu_fallback
    [2604] => block_core_navigation_get_most_recently_published_navigation
    [2605] => block_core_navigation_link_build_css_colors
    [2606] => block_core_navigation_link_build_css_font_sizes
    [2607] => block_core_navigation_link_render_submenu_icon
    [2608] => block_core_navigation_link_maybe_urldecode
    [2609] => render_block_core_navigation_link
    [2610] => build_variation_for_navigation_link
    [2611] => block_core_navigation_link_filter_variations
    [2612] => block_core_navigation_link_build_variations
    [2613] => register_block_core_navigation_link
    [2614] => block_core_navigation_submenu_build_css_font_sizes
    [2615] => block_core_navigation_submenu_render_submenu_icon
    [2616] => render_block_core_navigation_submenu
    [2617] => register_block_core_navigation_submenu
    [2618] => block_core_page_list_build_css_colors
    [2619] => block_core_page_list_build_css_font_sizes
    [2620] => block_core_page_list_render_nested_page_list
    [2621] => block_core_page_list_nest_pages
    [2622] => render_block_core_page_list
    [2623] => register_block_core_page_list
    [2624] => register_block_core_page_list_item
    [2625] => register_block_core_pattern
    [2626] => render_block_core_pattern
    [2627] => render_block_core_post_author
    [2628] => register_block_core_post_author
    [2629] => render_block_core_post_author_biography
    [2630] => register_block_core_post_author_biography
    [2631] => render_block_core_post_author_name
    [2632] => register_block_core_post_author_name
    [2633] => render_block_core_post_comments_form
    [2634] => register_block_core_post_comments_form
    [2635] => post_comments_form_block_form_defaults
    [2636] => render_block_core_post_content
    [2637] => register_block_core_post_content
    [2638] => render_block_core_post_date
    [2639] => register_block_core_post_date
    [2640] => render_block_core_post_excerpt
    [2641] => register_block_core_post_excerpt
    [2642] => render_block_core_post_featured_image
    [2643] => get_block_core_post_featured_image_overlay_element_markup
    [2644] => get_block_core_post_featured_image_border_attributes
    [2645] => register_block_core_post_featured_image
    [2646] => render_block_core_post_navigation_link
    [2647] => register_block_core_post_navigation_link
    [2648] => block_core_post_template_uses_featured_image
    [2649] => render_block_core_post_template
    [2650] => register_block_core_post_template
    [2651] => render_block_core_post_terms
    [2652] => block_core_post_terms_build_variations
    [2653] => register_block_core_post_terms
    [2654] => render_block_core_post_title
    [2655] => register_block_core_post_title
    [2656] => render_block_core_query
    [2657] => register_block_core_query
    [2658] => block_core_query_disable_enhanced_pagination
    [2659] => render_block_core_query_no_results
    [2660] => register_block_core_query_no_results
    [2661] => render_block_core_query_pagination
    [2662] => register_block_core_query_pagination
    [2663] => render_block_core_query_pagination_next
    [2664] => register_block_core_query_pagination_next
    [2665] => render_block_core_query_pagination_numbers
    [2666] => register_block_core_query_pagination_numbers
    [2667] => render_block_core_query_pagination_previous
    [2668] => register_block_core_query_pagination_previous
    [2669] => render_block_core_query_title
    [2670] => register_block_core_query_title
    [2671] => render_block_core_query_total
    [2672] => register_block_core_query_total
    [2673] => render_block_core_read_more
    [2674] => register_block_core_read_more
    [2675] => render_block_core_rss
    [2676] => register_block_core_rss
    [2677] => render_block_core_search
    [2678] => register_block_core_search
    [2679] => classnames_for_block_core_search
    [2680] => apply_block_core_search_border_style
    [2681] => apply_block_core_search_border_styles
    [2682] => styles_for_block_core_search
    [2683] => get_typography_classes_for_block_core_search
    [2684] => get_typography_styles_for_block_core_search
    [2685] => get_border_color_classes_for_block_core_search
    [2686] => get_color_classes_for_block_core_search
    [2687] => render_block_core_shortcode
    [2688] => register_block_core_shortcode
    [2689] => render_block_core_site_logo
    [2690] => register_block_core_site_logo_setting
    [2691] => register_block_core_site_icon_setting
    [2692] => register_block_core_site_logo
    [2693] => _override_custom_logo_theme_mod
    [2694] => _sync_custom_logo_to_site_logo
    [2695] => _delete_site_logo_on_remove_custom_logo
    [2696] => _delete_site_logo_on_remove_theme_mods
    [2697] => _delete_site_logo_on_remove_custom_logo_on_setup_theme
    [2698] => _delete_custom_logo_on_remove_site_logo
    [2699] => render_block_core_site_tagline
    [2700] => register_block_core_site_tagline
    [2701] => render_block_core_site_title
    [2702] => register_block_core_site_title
    [2703] => render_block_core_social_link
    [2704] => register_block_core_social_link
    [2705] => block_core_social_link_get_icon
    [2706] => block_core_social_link_get_name
    [2707] => block_core_social_link_services
    [2708] => block_core_social_link_get_color_styles
    [2709] => block_core_social_link_get_color_classes
    [2710] => render_block_core_tag_cloud
    [2711] => register_block_core_tag_cloud
    [2712] => render_block_core_template_part
    [2713] => build_template_part_block_area_variations
    [2714] => build_template_part_block_instance_variations
    [2715] => build_template_part_block_variations
    [2716] => register_block_core_template_part
    [2717] => render_block_core_term_description
    [2718] => register_block_core_term_description
    [2719] => get_default_block_categories
    [2720] => get_block_categories
    [2721] => get_allowed_block_types
    [2722] => get_default_block_editor_settings
    [2723] => get_legacy_widget_block_editor_settings
    [2724] => _wp_get_iframed_editor_assets
    [2725] => wp_get_first_block
    [2726] => wp_get_post_content_block_attributes
    [2727] => get_block_editor_settings
    [2728] => block_editor_rest_api_preload
    [2729] => get_block_editor_theme_styles
    [2730] => get_classic_theme_supports_block_editor_settings
    [2731] => wp_initialize_site_preview_hooks
    [2732] => _register_core_block_patterns_and_categories
    [2733] => wp_normalize_remote_block_pattern
    [2734] => _load_remote_block_patterns
    [2735] => _load_remote_featured_patterns
    [2736] => _register_remote_theme_patterns
    [2737] => _register_theme_block_patterns
    [2738] => get_block_wrapper_attributes
    [2739] => wp_should_skip_block_supports_serialization
    [2740] => wp_register_alignment_support
    [2741] => wp_apply_alignment_support
    [2742] => wp_register_custom_classname_support
    [2743] => wp_apply_custom_classname_support
    [2744] => wp_get_block_default_classname
    [2745] => wp_apply_generated_classname_support
    [2746] => _wp_get_presets_class_name
    [2747] => _wp_add_block_level_presets_class
    [2748] => _wp_add_block_level_preset_styles
    [2749] => wp_get_elements_class_name
    [2750] => wp_should_add_elements_class_name
    [2751] => wp_render_elements_support_styles
    [2752] => wp_render_elements_class_name
    [2753] => wp_register_colors_support
    [2754] => wp_apply_colors_support
    [2755] => wp_register_typography_support
    [2756] => wp_apply_typography_support
    [2757] => wp_typography_get_preset_inline_style_value
    [2758] => wp_render_typography_support
    [2759] => wp_get_typography_value_and_unit
    [2760] => wp_get_computed_fluid_typography_value
    [2761] => wp_get_typography_font_size_value
    [2762] => wp_register_border_support
    [2763] => wp_apply_border_support
    [2764] => wp_has_border_feature_support
    [2765] => wp_get_layout_definitions
    [2766] => wp_register_layout_support
    [2767] => wp_get_layout_style
    [2768] => wp_render_layout_support_flag
    [2769] => wp_add_parent_layout_to_parsed_block
    [2770] => wp_restore_group_inner_container
    [2771] => wp_restore_image_outer_container
    [2772] => wp_register_position_support
    [2773] => wp_render_position_support
    [2774] => wp_register_spacing_support
    [2775] => wp_apply_spacing_support
    [2776] => wp_register_dimensions_support
    [2777] => wp_apply_dimensions_support
    [2778] => wp_render_dimensions_support
    [2779] => wp_register_shadow_support
    [2780] => wp_apply_shadow_support
    [2781] => wp_register_background_support
    [2782] => wp_render_background_support
    [2783] => wp_get_block_style_variation_name_from_class
    [2784] => wp_resolve_block_style_variation_ref_values
    [2785] => wp_render_block_style_variation_support_styles
    [2786] => wp_render_block_style_variation_class_name
    [2787] => wp_enqueue_block_style_variation_styles
    [2788] => wp_register_block_style_variations_from_theme_json_partials
    [2789] => wp_register_aria_label_support
    [2790] => wp_apply_aria_label_support
    [2791] => wp_style_engine_get_styles
    [2792] => wp_style_engine_get_stylesheet_from_css_rules
    [2793] => wp_style_engine_get_stylesheet_from_context
    [2794] => wp_print_font_faces
    [2795] => wp_print_font_faces_from_style_variations
    [2796] => wp_register_font_collection
    [2797] => wp_unregister_font_collection
    [2798] => wp_get_font_dir
    [2799] => wp_font_dir
    [2800] => _wp_filter_font_directory
    [2801] => _wp_after_delete_font_family
    [2802] => _wp_before_delete_font_face
    [2803] => _wp_register_default_font_collections
    [2804] => wp_script_modules
    [2805] => wp_register_script_module
    [2806] => wp_enqueue_script_module
    [2807] => wp_dequeue_script_module
    [2808] => wp_deregister_script_module
    [2809] => wp_default_script_modules
    [2810] => wp_interactivity
    [2811] => wp_interactivity_process_directives
    [2812] => wp_interactivity_state
    [2813] => wp_interactivity_config
    [2814] => wp_interactivity_data_wp_context
    [2815] => wp_interactivity_get_context
    [2816] => wp_interactivity_get_element
    [2817] => wp_get_speculation_rules_configuration
    [2818] => wp_get_speculation_rules
    [2819] => wp_print_speculation_rules
    [2820] => wp_is_mobile
    [2821] => get_plugin_data
    [2822] => _get_plugin_data_markup_translate
    [2823] => get_plugin_files
    [2824] => get_plugins
    [2825] => get_mu_plugins
    [2826] => _sort_uname_callback
    [2827] => get_dropins
    [2828] => _get_dropins
    [2829] => is_plugin_active
    [2830] => is_plugin_inactive
    [2831] => is_plugin_active_for_network
    [2832] => is_network_only_plugin
    [2833] => activate_plugin
    [2834] => deactivate_plugins
    [2835] => activate_plugins
    [2836] => delete_plugins
    [2837] => validate_active_plugins
    [2838] => validate_plugin
    [2839] => validate_plugin_requirements
    [2840] => is_uninstallable_plugin
    [2841] => uninstall_plugin
    [2842] => add_menu_page
    [2843] => add_submenu_page
    [2844] => add_management_page
    [2845] => add_options_page
    [2846] => add_theme_page
    [2847] => add_plugins_page
    [2848] => add_users_page
    [2849] => add_dashboard_page
    [2850] => add_posts_page
    [2851] => add_media_page
    [2852] => add_links_page
    [2853] => add_pages_page
    [2854] => add_comments_page
    [2855] => remove_menu_page
    [2856] => remove_submenu_page
    [2857] => menu_page_url
    [2858] => get_admin_page_parent
    [2859] => get_admin_page_title
    [2860] => get_plugin_page_hook
    [2861] => get_plugin_page_hookname
    [2862] => user_can_access_admin_page
    [2863] => option_update_filter
    [2864] => add_allowed_options
    [2865] => remove_allowed_options
    [2866] => settings_fields
    [2867] => wp_clean_plugins_cache
    [2868] => plugin_sandbox_scrape
    [2869] => wp_add_privacy_policy_content
    [2870] => is_plugin_paused
    [2871] => wp_get_plugin_error
    [2872] => resume_plugin
    [2873] => paused_plugins_notice
    [2874] => deactivated_plugins_notice
    [2875] => akismet_register_widgets
    [2876] => akismet_test_mode
    [2877] => akismet_http_post
    [2878] => akismet_microtime
    [2879] => akismet_delete_old
    [2880] => akismet_delete_old_metadata
    [2881] => akismet_check_db_comment
    [2882] => akismet_rightnow
    [2883] => akismet_admin_init
    [2884] => akismet_version_warning
    [2885] => akismet_load_js_and_css
    [2886] => akismet_nonce_field
    [2887] => akismet_plugin_action_links
    [2888] => akismet_conf
    [2889] => akismet_stats_display
    [2890] => akismet_stats
    [2891] => akismet_admin_warnings
    [2892] => akismet_comment_row_action
    [2893] => akismet_comment_status_meta_box
    [2894] => akismet_comments_columns
    [2895] => akismet_comment_column_row
    [2896] => akismet_text_add_link_callback
    [2897] => akismet_text_add_link_class
    [2898] => akismet_check_for_spam_button
    [2899] => akismet_submit_nonspam_comment
    [2900] => akismet_submit_spam_comment
    [2901] => akismet_transition_comment_status
    [2902] => akismet_spam_count
    [2903] => akismet_recheck_queue
    [2904] => akismet_remove_comment_author_url
    [2905] => akismet_add_comment_author_url
    [2906] => akismet_check_server_connectivity
    [2907] => akismet_get_server_connectivity
    [2908] => akismet_server_connectivity_ok
    [2909] => akismet_admin_menu
    [2910] => akismet_load_menu
    [2911] => akismet_init
    [2912] => akismet_get_key
    [2913] => akismet_check_key_status
    [2914] => akismet_update_alert
    [2915] => akismet_verify_key
    [2916] => akismet_get_user_roles
    [2917] => akismet_result_spam
    [2918] => akismet_result_hold
    [2919] => akismet_get_user_comments_approved
    [2920] => akismet_update_comment_history
    [2921] => akismet_get_comment_history
    [2922] => akismet_cmp_time
    [2923] => akismet_auto_check_update_meta
    [2924] => akismet_auto_check_comment
    [2925] => akismet_get_ip_address
    [2926] => akismet_cron_recheck
    [2927] => akismet_add_comment_nonce
    [2928] => akismet_fix_scheduled_recheck
    [2929] => akismet_spam_comments
    [2930] => akismet_spam_totals
    [2931] => akismet_manage_page
    [2932] => akismet_caught
    [2933] => redirect_old_akismet_urls
    [2934] => akismet_kill_proxy_check
    [2935] => akismet_pingback_forwarded_for
    [2936] => akismet_pre_check_pingback
    [2937] => wpcf7
    [2938] => wpcf7_init
    [2939] => wpcf7_upgrade
    [2940] => wpcf7_install
    [2941] => wpcf7_l10n
    [2942] => wpcf7_is_valid_locale
    [2943] => wpcf7_is_rtl
    [2944] => wpcf7_load_textdomain
    [2945] => wpcf7_unload_textdomain
    [2946] => wpcf7_switch_locale
    [2947] => wpcf7_map_meta_cap
    [2948] => wpcf7_plugin_path
    [2949] => wpcf7_plugin_url
    [2950] => wpcf7_include_module_file
    [2951] => wpcf7_upload_dir
    [2952] => wpcf7_verify_nonce
    [2953] => wpcf7_create_nonce
    [2954] => wpcf7_array_flatten
    [2955] => wpcf7_exclude_blank
    [2956] => wpcf7_flat_join
    [2957] => wpcf7_support_html5
    [2958] => wpcf7_support_html5_fallback
    [2959] => wpcf7_use_really_simple_captcha
    [2960] => wpcf7_validate_configuration
    [2961] => wpcf7_autop_or_not
    [2962] => wpcf7_load_js
    [2963] => wpcf7_load_css
    [2964] => wpcf7_link
    [2965] => wpcf7_get_request_uri
    [2966] => wpcf7_register_post_types
    [2967] => wpcf7_version
    [2968] => wpcf7_version_grep
    [2969] => wpcf7_enctype_value
    [2970] => wpcf7_rmdir_p
    [2971] => wpcf7_build_query
    [2972] => wpcf7_count_code_units
    [2973] => wpcf7_is_localhost
    [2974] => wpcf7_deprecated_function
    [2975] => wpcf7_apply_filters_deprecated
    [2976] => wpcf7_doing_it_wrong
    [2977] => wpcf7_log_remote_request
    [2978] => wpcf7_anonymize_ip_addr
    [2979] => wpcf7_superglobal_get
    [2980] => wpcf7_superglobal_post
    [2981] => wpcf7_superglobal_request
    [2982] => wpcf7_superglobal_server
    [2983] => wpcf7_superglobal
    [2984] => wpcf7_autop
    [2985] => wpcf7_autop_preserve_newline_callback
    [2986] => wpcf7_sanitize_query_var
    [2987] => wpcf7_strip_quote
    [2988] => wpcf7_strip_quote_deep
    [2989] => wpcf7_normalize_newline
    [2990] => wpcf7_normalize_newline_deep
    [2991] => wpcf7_strip_newline
    [2992] => wpcf7_canonicalize
    [2993] => wpcf7_canonicalize_name
    [2994] => wpcf7_sanitize_unit_tag
    [2995] => wpcf7_antiscript_file_name
    [2996] => wpcf7_mask_password
    [2997] => wpcf7_kses_allowed_html
    [2998] => wpcf7_kses
    [2999] => wpcf7_format_atts
    [3000] => wpcf7_get_unicode_whitespaces
    [3001] => wpcf7_strip_whitespaces
    [3002] => wpcf7_add_form_tag
    [3003] => wpcf7_remove_form_tag
    [3004] => wpcf7_replace_all_form_tags
    [3005] => wpcf7_scan_form_tags
    [3006] => wpcf7_form_tag_supports
    [3007] => wpcf7_add_shortcode
    [3008] => wpcf7_remove_shortcode
    [3009] => wpcf7_do_shortcode
    [3010] => wpcf7_scan_shortcode
    [3011] => wpcf7_swv_available_rules
    [3012] => wpcf7_swv_load_rules
    [3013] => wpcf7_swv_create_rule
    [3014] => wpcf7_swv_get_meta_schema
    [3015] => wpcf7_contact_form
    [3016] => wpcf7_get_contact_form_by_old_id
    [3017] => wpcf7_get_contact_form_by_hash
    [3018] => wpcf7_get_contact_form_by_title
    [3019] => wpcf7_get_current_contact_form
    [3020] => wpcf7_is_posted
    [3021] => wpcf7_get_hangover
    [3022] => wpcf7_get_validation_error
    [3023] => wpcf7_get_validation_error_reference
    [3024] => wpcf7_get_message
    [3025] => wpcf7_form_controls_class
    [3026] => wpcf7_contact_form_tag_func
    [3027] => wpcf7_save_contact_form
    [3028] => wpcf7_sanitize_form
    [3029] => wpcf7_sanitize_mail
    [3030] => wpcf7_sanitize_messages
    [3031] => wpcf7_sanitize_additional_settings
    [3032] => wpcf7_generate_contact_form_hash
    [3033] => wpcf7_messages
    [3034] => wpcf7_mail_html_body_autop
    [3035] => wpcf7_mail_replace_tags
    [3036] => wpcf7_phpmailer_init
    [3037] => wpcf7_special_mail_tag
    [3038] => wpcf7_post_related_smt
    [3039] => wpcf7_site_related_smt
    [3040] => wpcf7_user_related_smt
    [3041] => wpcf7_unship_uploaded_file
    [3042] => wpcf7_file_messages
    [3043] => wpcf7_file_form_enctype_filter
    [3044] => wpcf7_convert_mime_to_ext
    [3045] => wpcf7_acceptable_filetypes
    [3046] => wpcf7_init_uploads
    [3047] => wpcf7_maybe_add_random_dir
    [3048] => wpcf7_upload_tmp_dir
    [3049] => wpcf7_cleanup_upload_files
    [3050] => wpcf7_file_display_warning_message
    [3051] => wpcf7_is_name
    [3052] => wpcf7_is_email
    [3053] => wpcf7_is_url
    [3054] => wpcf7_is_tel
    [3055] => wpcf7_is_number
    [3056] => wpcf7_is_date
    [3057] => wpcf7_is_time
    [3058] => wpcf7_is_mailbox_list
    [3059] => wpcf7_is_email_in_domain
    [3060] => wpcf7_is_email_in_site_domain
    [3061] => wpcf7_is_file_path_in_content_dir
    [3062] => wpcf7_upgrade_58
    [3063] => wpcf7_convert_to_cpt
    [3064] => wpcf7_prepend_underscore
    [3065] => wpcf7_config_validator_update_option
    [3066] => wpcf7_init_block_editor_assets
    [3067] => wpcf7_control_init
    [3068] => wpcf7_enqueue_scripts
    [3069] => wpcf7_script_is
    [3070] => wpcf7_enqueue_styles
    [3071] => wpcf7_style_is
    [3072] => wpcf7_html5_fallback
    [3073] => elementor_fail_php_version
    [3074] => elementor_fail_wp_version
    [3075] => elementordeps\di\value
    [3076] => elementordeps\di\create
    [3077] => elementordeps\di\autowire
    [3078] => elementordeps\di\factory
    [3079] => elementordeps\di\decorate
    [3080] => elementordeps\di\get
    [3081] => elementordeps\di\env
    [3082] => elementordeps\di\add
    [3083] => elementordeps\di\string
    [3084] => happyforms_get_version
    [3085] => happyforms_plugin_file
    [3086] => happyforms_plugin_name
    [3087] => happyforms_get_plugin_url
    [3088] => happyforms_get_plugin_path
    [3089] => happyforms_get_include_folder
    [3090] => happyforms_get_core_folder
    [3091] => happyforms_get_integrations_folder
    [3092] => happyforms_activate
    [3093] => happyforms_deactivate
    [3094] => happyforms_create_samples
    [3095] => happyforms
    [3096] => if_menu_user_ip
    [3097] => if_menu_user_country_code_woocommerce
    [3098] => if_menu_user_country_code_headers
    [3099] => if_menu_user_country_code_metaapis
    [3100] => get_user_ip
    [3101] => get_user_country_code
    [3102] => if_menu_basic_conditions
    [3103] => ifmenuadvancedconditions
    [3104] => tutor_lms
    [3105] => tutor
    [3106] => tutor_utils
    [3107] => tutils
    [3108] => tutor_sanitize_data
    [3109] => tutor_placeholder_img_src
    [3110] => tutor_course_categories_dropdown
    [3111] => tutor_course_tags_dropdown
    [3112] => _generate_categories_dropdown_option
    [3113] => _generate_tags_dropdown_option
    [3114] => tutor_course_categories_checkbox
    [3115] => tutor_course_tags_checkbox
    [3116] => __tutor_generate_categories_checkbox
    [3117] => __tutor_generate_tags_checkbox
    [3118] => course_builder_section_wrap
    [3119] => get_tutor_header
    [3120] => get_tutor_footer
    [3121] => get_tutor_option
    [3122] => update_tutor_option
    [3123] => get_tutor_course_settings
    [3124] => get_item_content_drip_settings
    [3125] => tutor_alert
    [3126] => tutor_nonce_field
    [3127] => tutor_flash_set
    [3128] => tutor_flash_get
    [3129] => tutor_redirect_back
    [3130] => tutor_action_field
    [3131] => tutor_time
    [3132] => tutor_maintenance_mode
    [3133] => is_single_course
    [3134] => tutor_js_date_format_against_wp
    [3135] => tutor_get_formated_date
    [3136] => tutor_i18n_get_formated_date
    [3137] => _tutor_search_by_title_only
    [3138] => get_request
    [3139] => tutor_kses_allowed_html
    [3140] => tutor_kses_allowed_css
    [3141] => tutor_kses_html
    [3142] => get_tutor_all_withdrawal_methods
    [3143] => tutor_log
    [3144] => tutor_wc_price_currency_format
    [3145] => tutor_meta_box_wrapper
    [3146] => tutor_closeable_alert_msg
    [3147] => tutor_set_flash_message
    [3148] => tutor_snackbar
    [3149] => tutor_is_rest
    [3150] => tutor_getallheaders
    [3151] => tutor_entry_box_buttons
    [3152] => tutor_global_timezone_lists
    [3153] => tutor_get_all_active_payment_gateways
    [3154] => tutor_get_subscription_supported_payment_gateways
    [3155] => tutor_get_manual_payment_gateways
    [3156] => tutor_get_course_formatted_price_html
    [3157] => tutor_get_formatted_price
    [3158] => tutor_print_formatted_price
    [3159] => tutor_get_locale_price
    [3160] => tutor_is_json
    [3161] => tutor_is_dev_mode
    [3162] => tutor_redirect_after_payment
    [3163] => tutor_split_amounts
    [3164] => tutor_is_local_env
    [3165] => get_tutor_post_types
    [3166] => tutor_course_loop_before_content
    [3167] => tutor_course_loop_after_content
    [3168] => get_tutor_course_author_id
    [3169] => tutor_course_question_and_answer
    [3170] => tutor_course_info_tab
    [3171] => tutor_course_announcements
    [3172] => tutor_single_quiz_top
    [3173] => tutor_single_quiz_body
    [3174] => tutor_single_quiz_content
    [3175] => tutor_single_quiz_no_course_belongs
    [3176] => single_quiz_contents
    [3177] => get_tutor_course_level
    [3178] => tutor_next_previous_pagination
    [3179] => tutor_get_template
    [3180] => tutor_get_template_path
    [3181] => tutor_load_template
    [3182] => tutor_load_template_part
    [3183] => tutor_get_template_html
    [3184] => tutor_course_loop_start
    [3185] => tutor_course_loop_end
    [3186] => tutor_course_loop_title
    [3187] => tutor_course_loop_header
    [3188] => tutor_course_loop_footer
    [3189] => tutor_course_loop_start_content_wrap
    [3190] => tutor_course_loop_end_content_wrap
    [3191] => tutor_course_loop_thumbnail
    [3192] => tutor_course_loop_wrap_classes
    [3193] => tutor_course_loop_col_classes
    [3194] => tutor_container_classes
    [3195] => tutor_post_class
    [3196] => tutor_widget_course_loop_classes
    [3197] => get_tutor_course_thumbnail
    [3198] => get_tutor_course_thumbnail_src
    [3199] => tutor_course_loop_meta
    [3200] => tutor_course_loop_author
    [3201] => tutor_course_loop_price
    [3202] => tutor_course_loop_rating
    [3203] => tutor_course_loop_add_to_cart
    [3204] => tutor_course_price
    [3205] => tutor_the_excerpt
    [3206] => tutor_get_the_excerpt
    [3207] => get_tutor_course_author
    [3208] => tutor_course_benefits
    [3209] => tutor_course_benefits_html
    [3210] => tutor_course_topics
    [3211] => tutor_course_requirements
    [3212] => tutor_course_requirements_html
    [3213] => tutor_course_target_audience
    [3214] => tutor_course_target_audience_html
    [3215] => tutor_course_material_includes
    [3216] => tutor_course_material_includes_html
    [3217] => tutor_course_instructors_html
    [3218] => tutor_course_target_reviews_html
    [3219] => tutor_course_content
    [3220] => tutor_course_lead_info
    [3221] => tutor_course_enrolled_lead_info
    [3222] => tutor_lesson_lead_info
    [3223] => tutor_course_video
    [3224] => tutor_lesson_video
    [3225] => get_tutor_posts_attachments
    [3226] => tutor_lesson_content
    [3227] => tutor_lesson_mark_complete_html
    [3228] => get_tutor_course_duration_context
    [3229] => get_tutor_course_categories
    [3230] => get_tutor_course_tags
    [3231] => tutor_course_tags_html
    [3232] => tutor_lesson_sidebar_question_and_answer
    [3233] => tutor_assignment_content
    [3234] => get_tnotice
    [3235] => tutor_load_template_from_custom_path
    [3236] => tutor_enrolled_course_progress
    [3237] => tutor_permission_denied_template
    [3238] => tutor_get_translate_text
    [3239] => tutor_get_country_list
    [3240] => tutor_get_country_info_by_name
    [3241] => tutor_add_to_cart
    [3242] => tutor_get_cart_url
    [3243] => tutor_get_cart_items
    [3244] => tutor_is_item_in_cart
    [3245] => tutor_get_cart_object
    [3246] => tutor_astra_scripts
    [3247] => get_tutor_currencies
    [3248] => tutor_get_currencies_info_by_code
    [3249] => tutor_get_currency_symbol_by_code
    [3250] => um
    [3251] => action_scheduler_register_3_dot_9_dot_2
    [3252] => action_scheduler_initialize_3_dot_9_dot_2
    [3253] => um\core\members_get_capabilities
    [3254] => um_predefined_page_slug_exists
    [3255] => um_get_predefined_page_id
    [3256] => um_is_predefined_page
    [3257] => um_get_predefined_page_url
    [3258] => um_trim_string
    [3259] => um_dynamic_login_page_redirect
    [3260] => um_is_session_started
    [3261] => um_clean_user_basename
    [3262] => um_replace_placeholders
    [3263] => um_convert_tags
    [3264] => um_user_ip
    [3265] => um_field_conditions_are_met
    [3266] => um_redirect_home
    [3267] => um_js_redirect
    [3268] => um_get_snippet
    [3269] => um_user_submitted_registration_formatted
    [3270] => um_user_submited_display
    [3271] => um_filtered_social_link
    [3272] => um_filtered_value
    [3273] => um_profile_id
    [3274] => um_is_temp_upload
    [3275] => um_is_temp_image
    [3276] => um_is_file_owner
    [3277] => um_is_temp_file
    [3278] => um_user_last_login_timestamp
    [3279] => um_user_last_login
    [3280] => um_get_core_page
    [3281] => um_is_core_page
    [3282] => um_is_core_post
    [3283] => um_styling_defaults
    [3284] => um_get_metadefault
    [3285] => um_submitting_account_page
    [3286] => um_get_display_name
    [3287] => um_reset_user_clean
    [3288] => um_reset_user
    [3289] => um_queried_user
    [3290] => um_set_requested_user
    [3291] => um_get_requested_user
    [3292] => um_edit_my_profile_cancel_uri
    [3293] => um_is_on_edit_profile
    [3294] => um_can_view_field
    [3295] => um_can_view_profile
    [3296] => um_is_user_himself
    [3297] => um_can_edit_field
    [3298] => um_is_myprofile
    [3299] => um_edit_profile_url
    [3300] => um_can_edit_my_profile
    [3301] => um_admin_email
    [3302] => um_multi_admin_email
    [3303] => um_user_profile_url
    [3304] => um_get_roles
    [3305] => um_fetch_user
    [3306] => um_profile
    [3307] => um_youtube_id_from_url
    [3308] => um_closest_num
    [3309] => um_get_cover_uri
    [3310] => um_get_avatar_url
    [3311] => um_get_avatar_uri
    [3312] => um_get_default_avatar_uri
    [3313] => um_get_user_avatar_data
    [3314] => um_get_user_avatar_url
    [3315] => um_get_default_cover_uri
    [3316] => um_user
    [3317] => um_get_domain_protocol
    [3318] => um_secure_media_uri
    [3319] => um_force_utf8_string
    [3320] => um_get_host
    [3321] => um_let_to_num
    [3322] => is_ultimatemember
    [3323] => um_maybe_unset_time_limit
    [3324] => um_is_amp
    [3325] => um_safe_redirect
    [3326] => um_allowed_redirect_hosts
    [3327] => um_wp_safe_redirect_fallback
    [3328] => um_is_profile_owner
    [3329] => um_deprecated_function
    [3330] => um_get_option
    [3331] => um_update_option
    [3332] => um_remove_option
    [3333] => um_mail_content_type
    [3334] => um_clickable_links
    [3335] => um_set_redirect_url
    [3336] => um_get_redirect_url
    [3337] => um_user_last_login_date
    [3338] => um_is_core_uri
    [3339] => um_is_meta_value_exists
    [3340] => um_get_locale
    [3341] => um_get_current_page_type
    [3342] => um_core_is_local
    [3343] => um_get_url_for_language
    [3344] => um_user_uploads_dir
    [3345] => um_user_uploads_uri
    [3346] => um_requesting_password_reset
    [3347] => um_requesting_password_change
    [3348] => um_time_diff
    [3349] => um_members
    [3350] => um_get_search_form
    [3351] => um_search_form
    [3352] => um_filter_search
    [3353] => um_get_search_query
    [3354] => um_queried_search_value
    [3355] => um_select_if_in_query_params
    [3356] => um_user_submitted_registration
    [3357] => wp_set_current_user
    [3358] => wp_get_current_user
    [3359] => get_userdata
    [3360] => get_user_by
    [3361] => cache_users
    [3362] => wp_mail
    [3363] => wp_authenticate
    [3364] => wp_logout
    [3365] => wp_validate_auth_cookie
    [3366] => wp_generate_auth_cookie
    [3367] => wp_parse_auth_cookie
    [3368] => wp_set_auth_cookie
    [3369] => wp_clear_auth_cookie
    [3370] => is_user_logged_in
    [3371] => auth_redirect
    [3372] => check_admin_referer
    [3373] => check_ajax_referer
    [3374] => wp_redirect
    [3375] => wp_sanitize_redirect
    [3376] => _wp_sanitize_utf8_in_redirect
    [3377] => wp_safe_redirect
    [3378] => wp_validate_redirect
    [3379] => wp_notify_postauthor
    [3380] => wp_notify_moderator
    [3381] => wp_password_change_notification
    [3382] => wp_new_user_notification
    [3383] => wp_nonce_tick
    [3384] => wp_verify_nonce
    [3385] => wp_create_nonce
    [3386] => wp_salt
    [3387] => wp_hash
    [3388] => wp_hash_password
    [3389] => wp_check_password
    [3390] => wp_password_needs_rehash
    [3391] => wp_generate_password
    [3392] => wp_rand
    [3393] => wp_set_password
    [3394] => get_avatar
    [3395] => wp_text_diff
    [3396] => set_current_user
    [3397] => get_currentuserinfo
    [3398] => get_userdatabylogin
    [3399] => get_user_by_email
    [3400] => wp_setcookie
    [3401] => wp_clearcookie
    [3402] => wp_get_cookie_login
    [3403] => wp_login
    [3404] => um_submit_form_errors_hook__blockedemails
    [3405] => um_submit_form_errors_hook__blockedips
    [3406] => um_submit_form_errors_hook__blockedwords
    [3407] => um_submit_form_errors_hook
    [3408] => um_check_conditions_on_submit
    [3409] => um_submit_form_errors_hook_
    [3410] => um_invalid_nonce_redirect_url
    [3411] => um_access_profile
    [3412] => um_block_wpadmin_by_user_role
    [3413] => um_control_admin_bar
    [3414] => um_force_admin_bar
    [3415] => ultimatemember_check_username_exists
    [3416] => um_submit_form_errors_hook_login
    [3417] => um_display_login_errors
    [3418] => um_submit_form_errors_hook_logincheck
    [3419] => um_store_lastlogin_timestamp
    [3420] => um_store_lastlogin_timestamp_
    [3421] => um_user_login
    [3422] => um_submit_form_login
    [3423] => um_add_submit_button_to_login
    [3424] => um_after_login_submit
    [3425] => um_add_login_fields
    [3426] => um_post_registration_approved_hook
    [3427] => um_post_registration_checkmail_hook
    [3428] => um_post_registration_pending_hook
    [3429] => um_after_insert_user
    [3430] => um_send_registration_notification
    [3431] => um_check_user_status
    [3432] => um_submit_form_errors_hook__registration
    [3433] => um_submit_form_register
    [3434] => um_add_submit_button_to_register
    [3435] => um_add_register_fields
    [3436] => um_registration_save_files
    [3437] => um_registration_set_profile_full_name
    [3438] => um_form_register_redirect
    [3439] => um_profile_content_main
    [3440] => um_user_edit_profile
    [3441] => um_profile_validate_nonce
    [3442] => um_restore_default_roles
    [3443] => um_editing_user_id_input
    [3444] => um_profile_dynamic_meta_desc
    [3445] => um_profile_header_cover_area
    [3446] => um_social_links_icons
    [3447] => um_profile_header
    [3448] => um_pre_profile_shortcode
    [3449] => um_add_edit_icon
    [3450] => um_add_profile_fields
    [3451] => um_submit_form_profile
    [3452] => um_add_submit_button_to_profile
    [3453] => um_profile_menu
    [3454] => um_profile_remove_wpseo
    [3455] => um_submit_account_errors_hook
    [3456] => um_submit_account_details
    [3457] => um_maybe_flush_users_session_update_user
    [3458] => um_account_page_hidden_fields
    [3459] => um_before_account_delete
    [3460] => um_before_account_notifications
    [3461] => um_after_user_account_updated_permalink
    [3462] => um_account_updated_notification
    [3463] => um_disable_native_email_notificatiion
    [3464] => um_after_account_privacy
    [3465] => um_request_user_data
    [3466] => um_add_form_identifier
    [3467] => um_add_security_checks
    [3468] => um_logout_user_links
    [3469] => um_update_profile_full_name
    [3470] => um_browser_url_redirect_to
    [3471] => um_add_update_notice
    [3472] => um_form_notices_additional_tags
    [3473] => um_custom_wp_err_messages
    [3474] => um_wp_form_errors_hook_ip_test
    [3475] => um_wp_form_errors_hook_logincheck
    [3476] => um_lostpassword_url
    [3477] => um_profile_field_filter_hook__oembed
    [3478] => um_profile_field_filter_hook__soundcloud_track
    [3479] => um_profile_field_filter_hook__youtube_video
    [3480] => um_profile_field_filter_hook__spotify
    [3481] => um_profile_field_filter_hook__vimeo_video
    [3482] => um_profile_field_filter_hook__phone
    [3483] => um_profile_field_filter_hook__viber
    [3484] => um_profile_field_filter_hook__whatsapp
    [3485] => um_profile_field_filter_hook__googlemap
    [3486] => um_profile_field_filter_hook__user_registered
    [3487] => um_profile_field_filter_hook__last_login
    [3488] => um_profile_field_filter_hook__textarea
    [3489] => um_profile_field_filter_hook__time
    [3490] => um_profile_field_filter_hook__date
    [3491] => um_profile_field_filter_hook__file
    [3492] => um_profile_field_filter_hook__image
    [3493] => um_profile_field_filter_hook__
    [3494] => um_get_form_fields
    [3495] => um_get_custom_field_array
    [3496] => um_force_utf8_fields
    [3497] => um_is_selected_filter_value
    [3498] => um_select_dropdown_dynamic_options_to_utf8
    [3499] => um_field_non_utf8_value
    [3500] => um_select_dropdown_dynamic_callback_options
    [3501] => um_option_match_callback_view_field
    [3502] => um_profile_field__select_translate
    [3503] => um_profile_field_filter_xss_validation
    [3504] => um_submit_form_data_trim_fields
    [3505] => um_submit_form_data_role_fields
    [3506] => um_edit_url_field_value
    [3507] => um_view_label_birth_date
    [3508] => um_md_label_birth_date
    [3509] => um_multisite_urls_support
    [3510] => um_add_custom_message_to_menu
    [3511] => um_conditional_nav_menu
    [3512] => um_get_nav_menu_items
    [3513] => um_avatar_defaults
    [3514] => um_get_avatar
    [3515] => um_filter_get_avatar_url
    [3516] => um_clean_user_basename_filter
    [3517] => um_before_update_profile
    [3518] => um_dynamic_user_profile_pagetitle
    [3519] => um_dynamic_user_profile_title
    [3520] => um_get_canonical_url
    [3521] => um_change_profile_cover_photo_label
    [3522] => um_change_profile_photo_label
    [3523] => um_account_disable_name_fields
    [3524] => um_account_sanitize_data
    [3525] => um_account_profile_noindex_value
    [3526] => um_pretty_number_formatting
    [3527] => um_comment_link_to_profile
    [3528] => as_enqueue_async_action
    [3529] => as_schedule_single_action
    [3530] => as_schedule_recurring_action
    [3531] => as_schedule_cron_action
    [3532] => as_unschedule_action
    [3533] => as_unschedule_all_actions
    [3534] => as_next_scheduled_action
    [3535] => as_has_scheduled_action
    [3536] => as_get_scheduled_actions
    [3537] => as_get_datetime_object
    [3538] => wc_schedule_single_action
    [3539] => wc_schedule_recurring_action
    [3540] => wc_schedule_cron_action
    [3541] => wc_unschedule_action
    [3542] => wc_next_scheduled_action
    [3543] => wc_get_scheduled_actions
    [3544] => wpcf7_add_form_tag_acceptance
    [3545] => wpcf7_acceptance_form_tag_handler
    [3546] => wpcf7_acceptance_validation_filter
    [3547] => wpcf7_acceptance_filter
    [3548] => wpcf7_acceptance_form_class_attr
    [3549] => wpcf7_acceptance_as_validation
    [3550] => wpcf7_acceptance_mail_tag
    [3551] => wpcf7_add_tag_generator_acceptance
    [3552] => wpcf7_tag_generator_acceptance
    [3553] => wpcf7_akismet_register_service
    [3554] => wpcf7_akismet
    [3555] => wpcf7_akismet_is_available
    [3556] => wpcf7_akismet_submitted_params
    [3557] => wpcf7_akismet_comment_check
    [3558] => wpcf7_akismet_posted_data
    [3559] => wpcf7_akismet_default_template
    [3560] => wpcf7_add_form_tag_checkbox
    [3561] => wpcf7_checkbox_form_tag_handler
    [3562] => wpcf7_swv_add_checkbox_rules
    [3563] => wpcf7_swv_add_checkbox_enum_rules
    [3564] => wpcf7_posted_data_checkbox
    [3565] => wpcf7_add_tag_generator_checkbox_and_radio
    [3566] => wpcf7_tag_generator_checkbox
    [3567] => wpcf7_constant_contact_register_service
    [3568] => wpcf7_add_form_tag_count
    [3569] => wpcf7_count_form_tag_handler
    [3570] => wpcf7_add_form_tag_date
    [3571] => wpcf7_date_form_tag_handler
    [3572] => wpcf7_swv_add_date_rules
    [3573] => wpcf7_date_messages
    [3574] => wpcf7_add_tag_generator_date
    [3575] => wpcf7_tag_generator_date
    [3576] => wpcf7_disallowed_list
    [3577] => wpcf7_check_disallowed_list
    [3578] => wpcf7_blacklist_check
    [3579] => wpcf7_doihelper_start_session
    [3580] => wpcf7_add_form_tag_file
    [3581] => wpcf7_file_form_tag_handler
    [3582] => wpcf7_swv_add_file_rules
    [3583] => wpcf7_file_mail_tag
    [3584] => wpcf7_add_tag_generator_file
    [3585] => wpcf7_tag_generator_file
    [3586] => wpcf7_flamingo_submit
    [3587] => wpcf7_flamingo_get_value
    [3588] => wpcf7_flamingo_add_channel
    [3589] => wpcf7_flamingo_update_channel
    [3590] => wpcf7_flamingo_serial_number
    [3591] => wpcf7_add_form_tag_hidden
    [3592] => wpcf7_hidden_form_tag_handler
    [3593] => wpcf7_listo
    [3594] => wpcf7_add_form_tag_number
    [3595] => wpcf7_number_form_tag_handler
    [3596] => wpcf7_swv_add_number_rules
    [3597] => wpcf7_number_messages
    [3598] => wpcf7_add_tag_generator_number
    [3599] => wpcf7_tag_generator_number
    [3600] => wpcf7_add_form_tag_quiz
    [3601] => wpcf7_quiz_form_tag_handler
    [3602] => wpcf7_quiz_validation_filter
    [3603] => wpcf7_quiz_ajax_refill
    [3604] => wpcf7_quiz_messages
    [3605] => wpcf7_add_tag_generator_quiz
    [3606] => wpcf7_tag_generator_quiz
    [3607] => wpcf7_add_form_tag_captcha
    [3608] => wpcf7_captchac_form_tag_handler
    [3609] => wpcf7_captchar_form_tag_handler
    [3610] => wpcf7_captcha_validation_filter
    [3611] => wpcf7_captcha_ajax_refill
    [3612] => wpcf7_captcha_messages
    [3613] => wpcf7_captcha_display_warning_message
    [3614] => wpcf7_init_captcha
    [3615] => wpcf7_captcha_tmp_dir
    [3616] => wpcf7_captcha_tmp_url
    [3617] => wpcf7_captcha_url
    [3618] => wpcf7_generate_captcha
    [3619] => wpcf7_check_captcha
    [3620] => wpcf7_remove_captcha
    [3621] => wpcf7_cleanup_captcha_files
    [3622] => wpcf7_captchac_options
    [3623] => wpcf7_recaptcha_register_service
    [3624] => wpcf7_recaptcha_enqueue_scripts
    [3625] => wpcf7_recaptcha_add_hidden_fields
    [3626] => wpcf7_recaptcha_verify_response
    [3627] => wpcf7_recaptcha_add_form_tag_recaptcha
    [3628] => wpcf7_upgrade_recaptcha_v2_v3
    [3629] => wpcf7_admin_init_recaptcha_v2_v3
    [3630] => wpcf7_admin_menu_change_notice_recaptcha_v2_v3
    [3631] => wpcf7_admin_warnings_recaptcha_v2_v3
    [3632] => wpcf7_add_form_tag_reflection
    [3633] => wpcf7_reflection_form_tag_handler
    [3634] => wpcf7_output_form_tag_handler
    [3635] => wpcf7_add_form_tag_response
    [3636] => wpcf7_response_form_tag_handler
    [3637] => wpcf7_add_form_tag_select
    [3638] => wpcf7_select_form_tag_handler
    [3639] => wpcf7_swv_add_select_rules
    [3640] => wpcf7_swv_add_select_enum_rules
    [3641] => wpcf7_add_tag_generator_menu
    [3642] => wpcf7_tag_generator_menu
    [3643] => wpcf7_sendinblue_register_service
    [3644] => wpcf7_sendinblue_submit
    [3645] => wpcf7_sendinblue_collect_parameters
    [3646] => wpcf7_sendinblue_register_property
    [3647] => wpcf7_sendinblue_save_contact_form
    [3648] => wpcf7_sendinblue_editor_panels
    [3649] => wpcf7_sendinblue_get_lists
    [3650] => wpcf7_sendinblue_doi_register_agent
    [3651] => wpcf7_sendinblue_doi_default_optin_callback
    [3652] => wpcf7_sendinblue_doi_default_email_callback
    [3653] => wpcf7_stripe_register_service
    [3654] => wpcf7_stripe_enqueue_scripts
    [3655] => wpcf7_stripe_skip_spam_check
    [3656] => wpcf7_stripe_verify_payment_intent
    [3657] => wpcf7_stripe_before_send_mail
    [3658] => wpcf7_stripe_get_payment_link
    [3659] => wpcf7_stripe_smt
    [3660] => wpcf7_stripe_add_flamingo_inbound_message_params
    [3661] => wpcf7_add_form_tag_stripe
    [3662] => wpcf7_stripe_form_tag_handler
    [3663] => wpcf7_add_form_tag_submit
    [3664] => wpcf7_submit_form_tag_handler
    [3665] => wpcf7_add_tag_generator_submit
    [3666] => wpcf7_tag_generator_submit
    [3667] => wpcf7_add_form_tag_text
    [3668] => wpcf7_text_form_tag_handler
    [3669] => wpcf7_swv_add_text_rules
    [3670] => wpcf7_text_messages
    [3671] => wpcf7_add_tag_generator_text
    [3672] => wpcf7_tag_generator_text
    [3673] => wpcf7_add_form_tag_textarea
    [3674] => wpcf7_textarea_form_tag_handler
    [3675] => wpcf7_swv_add_textarea_rules
    [3676] => wpcf7_add_tag_generator_textarea
    [3677] => wpcf7_tag_generator_textarea
    [3678] => wpcf7_turnstile_register_service
    [3679] => wpcf7_turnstile_enqueue_scripts
    [3680] => wpcf7_add_form_tag_turnstile
    [3681] => wpcf7_turnstile_form_tag_handler
    [3682] => wpcf7_turnstile_prepend_widget
    [3683] => wpcf7_turnstile_verify_response
    [3684] => wpcf7_flamingo_inbound_message_parameters_turnstile
    [3685] => happyforms_get_cache
    [3686] => happyforms_get_part_label
    [3687] => happyforms_csv_is_part_visible
    [3688] => happyforms_get_csv_header
    [3689] => happyforms_get_csv_value
    [3690] => happyforms_get_message_part_value
    [3691] => happyforms_the_message_part_value
    [3692] => happyforms_stringify_part_value
    [3693] => happyforms_customizer_url
    [3694] => happyforms_get_form_edit_link
    [3695] => happyforms_get_all_form_link
    [3696] => happyforms_admin_footer
    [3697] => happyforms_get_countries
    [3698] => happyforms_is_preview
    [3699] => happyforms_get_email_part_label
    [3700] => happyforms_get_email_part_value
    [3701] => happyforms_email_is_part_visible
    [3702] => happyforms_owner_email_template_path
    [3703] => happyforms_user_email_template_path
    [3704] => happyforms_is_preview_context
    [3705] => happyforms_is_block_context
    [3706] => happyforms_is_gutenberg
    [3707] => happyforms_update_meta
    [3708] => happyforms_get_meta
    [3709] => happyforms_delete_meta
    [3710] => happyforms_meta_exists
    [3711] => happyforms_unprefix_meta
    [3712] => happyforms_prefix_meta
    [3713] => happyforms_get_message_title
    [3714] => happyforms_explode_value
    [3715] => happyforms_customize_get_current_form
    [3716] => happyforms_get_part_customize_fields
    [3717] => happyforms_get_part_customize_template_path
    [3718] => happyforms_get_part_frontend_template_path
    [3719] => happyforms_get_php_locales
    [3720] => happyforms_customize_part_footer
    [3721] => happyforms_customize_part_logic
    [3722] => happyforms_customize_part_choice_logic
    [3723] => happyforms_customize_part_choice_footer
    [3724] => happyforms_customize_part_width_control
    [3725] => happyforms_get_validation_message
    [3726] => happyforms_debug_log_enabled
    [3727] => happyforms_log_error
    [3728] => happyforms_cache_get
    [3729] => happyforms_cache_set
    [3730] => happyforms_is_email
    [3731] => happyforms_is_admin_screen
    [3732] => happyforms_safe_array_merge
    [3733] => happyforms_concatenate_scripts
    [3734] => happyforms_concatenate_styles
    [3735] => happyforms_random_number
    [3736] => happyforms_random_range
    [3737] => happyforms_shuffle_array
    [3738] => happyforms_the_external_link_icon
    [3739] => happyforms_is_form_edit_screen
    [3740] => happyforms_is_spambot
    [3741] => happyforms_validate_honeypot
    [3742] => happyforms_validate_hash
    [3743] => happyforms_validate_browser
    [3744] => happyforms_parse_pixel_value
    [3745] => happyforms_get_frontend_stylesheet_url
    [3746] => happyforms_validation_messages
    [3747] => happyforms_get_tracking
    [3748] => happyforms_get_form_assets
    [3749] => happyforms_get_form_controller
    [3750] => happyforms_get_message_controller
    [3751] => happyforms_get_part_library
    [3752] => happyforms_get_styles
    [3753] => happyforms_get_setup
    [3754] => happyforms_get_email
    [3755] => happyforms_get_messages
    [3756] => happyforms_get_session
    [3757] => happyforms_form_field
    [3758] => happyforms_action_field
    [3759] => happyforms_client_referer_field
    [3760] => happyforms_current_post_id
    [3761] => happyforms_honeypot
    [3762] => happyforms_submit
    [3763] => happyforms_message_notices
    [3764] => happyforms_part_error_message
    [3765] => happyforms_the_message_notices
    [3766] => happyforms_the_part_error_message
    [3767] => happyforms_get_error_icon
    [3768] => happyforms_print_part_description
    [3769] => happyforms_get_form_action
    [3770] => happyforms_form_action
    [3771] => happyforms_get_part_name
    [3772] => happyforms_the_part_name
    [3773] => happyforms_get_part_value
    [3774] => happyforms_the_part_value
    [3775] => happyforms_get_part_preview_value
    [3776] => happyforms_the_part_preview_value
    [3777] => happyforms_get_part_attributes
    [3778] => happyforms_the_part_attributes
    [3779] => happyforms_get_form_title
    [3780] => happyforms_get_form_wrapper_id
    [3781] => happyforms_get_form_id
    [3782] => happyforms_the_form_id
    [3783] => happyforms_get_form_container_id
    [3784] => happyforms_the_form_container_id
    [3785] => happyforms_get_form_class
    [3786] => happyforms_the_form_class
    [3787] => happyforms_get_form_part
    [3788] => happyforms_the_form_part
    [3789] => happyforms_get_part_class
    [3790] => happyforms_the_part_class
    [3791] => happyforms_get_part_id
    [3792] => happyforms_the_part_id
    [3793] => happyforms_get_form_styles
    [3794] => happyforms_the_form_styles
    [3795] => happyforms_additional_css
    [3796] => happyforms_get_form_property
    [3797] => happyforms_get_part_data_attributes
    [3798] => happyforms_the_part_data_attributes
    [3799] => happyforms_the_part_label
    [3800] => happyforms_get_part_options
    [3801] => happyforms_get_months
    [3802] => happyforms_get_days
    [3803] => happyforms_get_site_date_format
    [3804] => happyforms_select
    [3805] => happyforms_get_steps
    [3806] => happyforms_get_current_step
    [3807] => happyforms_get_next_step
    [3808] => happyforms_get_last_step
    [3809] => happyforms_is_last_step
    [3810] => happyforms_step_field
    [3811] => happyforms_is_falsy
    [3812] => happyforms_is_truthy
    [3813] => happyforms_get_rating_icons
    [3814] => happyforms_get_narrative_format
    [3815] => happyforms_get_narrative_tokens
    [3816] => happyforms_get_form_attributes
    [3817] => happyforms_the_form_attributes
    [3818] => happyforms_get_shortcode
    [3819] => happyforms_get_previous_part
    [3820] => happyforms_get_next_part
    [3821] => happyforms_get_form_partial
    [3822] => happyforms_is_stepping
    [3823] => happyforms_get_part_states
    [3824] => happyforms_get_prefixed_css
    [3825] => happyforms_parts_autocorrect_attribute
    [3826] => happyforms_get_client_ip
    [3827] => happyforms_upgrade_get_option_limiter
    [3828] => happyforms_get_shuffle_parts
    [3829] => happyforms_get_block
    [3830] => happyforms_get_email_encoder
    [3831] => happyforms_get_deactivation
    [3832] => happyforms_answer_limiter_dummy
    [3833] => replace_user_info_in_menu
    [3834] => register_course_key_cpt
    [3835] => course_key_meta_boxes
    [3836] => course_key_meta_callback
    [3837] => save_course_key_meta
    [3838] => auto_generate_course_key
    [3839] => start_session
    [3840] => handle_course_key_activation
    [3841] => display_course_key_notices
    [3842] => add_course_key_columns
    [3843] => populate_course_key_columns
    [3844] => course_key_activation_url_shortcode
    [3845] => debug_tutor_lms_status
    [3846] => fallback_enroll_student
    [3847] => astra_default_filter_input
    [3848] => astra_default_strings
    [3849] => astra_use_dynamic_blog_layouts
    [3850] => astra_get_taxonomy_banner_legacy_layout
    [3851] => astra_is_amp_endpoint
    [3852] => astra_get_tablet_breakpoint
    [3853] => astra_get_mobile_breakpoint
    [3854] => astra_get_fonts_display_property
    [3855] => astra_get_responsive_background_obj
    [3856] => astra_check_pagination_enabled
    [3857] => astra_check_current_post_comment_enabled
    [3858] => astra_zero_font_size_case
    [3859] => astra_wp_version_compare
    [3860] => astra_block_based_legacy_setup
    [3861] => astra_check_is_structural_setup
    [3862] => astra_check_old_sidebar_user
    [3863] => astra_load_woocommerce_login_form_password_icon
    [3864] => astra_narrow_container_width
    [3865] => astra_get_sidebar_layout_for_editor
    [3866] => astra_get_filter_svg
    [3867] => astra_hex_to_rgb
    [3868] => astra_split_rgba
    [3869] => astra_render_svg_mask
    [3870] => astra_get_logo_svg_icons_array
    [3871] => astra_get_post_type
    [3872] => astra_get_upgrade_url
    [3873] => astra_icon_selector_svg
    [3874] => astra_get_foreground_color
    [3875] => astra_css
    [3876] => astra_responsive_font
    [3877] => astra_get_font_css_value
    [3878] => astra_get_font_family
    [3879] => astra_get_css_value
    [3880] => astra_get_background_obj
    [3881] => astra_parse_css
    [3882] => astra_get_options
    [3883] => astra_get_option
    [3884] => astra_get_i18n_option
    [3885] => astra_get_i18n_string
    [3886] => astra_update_option
    [3887] => astra_delete_option
    [3888] => astra_get_option_meta
    [3889] => astra_get_post_id
    [3890] => astra_primary_class
    [3891] => astra_get_primary_class
    [3892] => astra_secondary_class
    [3893] => astra_get_secondary_class
    [3894] => astra_get_post_format
    [3895] => astra_the_post_title
    [3896] => astra_the_search_page_title
    [3897] => astra_the_title
    [3898] => astra_get_the_title
    [3899] => astra_archive_page_info
    [3900] => astra_adjust_brightness
    [3901] => astra_hex_to_rgba
    [3902] => astra_enable_page_builder_compatibility
    [3903] => astra_get_pro_url
    [3904] => astra_get_search_form
    [3905] => astra_responsive_spacing
    [3906] => astra_color_responsive_css
    [3907] => astra_check_is_bb_themer_layout
    [3908] => astra_is_white_labelled
    [3909] => astra_clear_all_assets_cache
    [3910] => astra_theme_background_updater_4_0_0
    [3911] => astra_theme_background_updater_4_0_2
    [3912] => astra_theme_background_updater_4_1_0
    [3913] => astra_theme_background_updater_4_1_4
    [3914] => astra_theme_background_updater_4_1_6
    [3915] => astra_theme_background_updater_4_1_7
    [3916] => astra_theme_background_updater_4_2_0
    [3917] => astra_apply_layout_migration
    [3918] => astra_theme_background_updater_4_2_2
    [3919] => astra_theme_background_updater_4_4_0
    [3920] => astra_theme_background_updater_4_5_0
    [3921] => astra_theme_background_updater_4_5_2
    [3922] => astra_theme_background_updater_4_6_0
    [3923] => astra_theme_background_updater_4_6_2
    [3924] => astra_theme_background_updater_4_6_4
    [3925] => astra_theme_background_updater_4_6_5
    [3926] => astra_theme_background_updater_4_6_6
    [3927] => astra_theme_background_updater_4_6_11
    [3928] => astra_theme_background_updater_4_6_12
    [3929] => astra_theme_background_updater_4_6_14
    [3930] => astra_theme_background_updater_4_7_0
    [3931] => astra_theme_background_updater_4_7_1
    [3932] => astra_theme_background_updater_4_8_0
    [3933] => astra_theme_background_updater_4_8_2
    [3934] => astra_theme_background_updater_4_8_4
    [3935] => astra_theme_background_updater_4_8_7
    [3936] => astra_theme_background_updater_4_8_9
    [3937] => astra_theme_background_updater_4_8_10
    [3938] => astra_theme_background_updater_4_9_0
    [3939] => astra_theme_background_updater_4_10_0
    [3940] => astra_webfont_loader_instance
    [3941] => astra_docs_loader_instance
    [3942] => astra_old_header_custom_menu_css
    [3943] => astra_check_any_page_builder_is_active
    [3944] => astra_container_layout_css
    [3945] => astra_icons_static_css
    [3946] => astra_get_block_editor_required_css
    [3947] => astra_block_editor_compatibility_css
    [3948] => astra_load_modern_block_editor_ui
    [3949] => astra_inline_on_mobile_css
    [3950] => astra_content_background_css
    [3951] => astra_apply_unboxed_container
    [3952] => astra_dark_palette_css
    [3953] => astra_generate_global_palette_style
    [3954] => astra_entry_footer
    [3955] => astra_widget_tag_cloud_args
    [3956] => astra_filter_widget_tag_cloud
    [3957] => astra_widgets_init
    [3958] => astra_current_theme_supports
    [3959] => astra_html_before
    [3960] => astra_body_top
    [3961] => astra_body_bottom
    [3962] => astra_head_top
    [3963] => astra_head_bottom
    [3964] => astra_header_before
    [3965] => astra_header
    [3966] => astra_masthead_top
    [3967] => astra_masthead
    [3968] => astra_masthead_bottom
    [3969] => astra_header_after
    [3970] => astra_main_header_bar_top
    [3971] => astra_main_header_bar_bottom
    [3972] => astra_masthead_content
    [3973] => astra_masthead_toggle_buttons_before
    [3974] => astra_masthead_toggle_buttons
    [3975] => astra_masthead_toggle_buttons_after
    [3976] => astra_content_before
    [3977] => astra_content_after
    [3978] => astra_content_top
    [3979] => astra_content_bottom
    [3980] => astra_content_while_before
    [3981] => astra_content_loop
    [3982] => astra_content_page_loop
    [3983] => astra_content_while_after
    [3984] => astra_entry_before
    [3985] => astra_entry_after
    [3986] => astra_entry_content_before
    [3987] => astra_entry_content_after
    [3988] => astra_entry_top
    [3989] => astra_entry_bottom
    [3990] => astra_single_header_before
    [3991] => astra_single_header_after
    [3992] => astra_single_header_top
    [3993] => astra_single_header_bottom
    [3994] => astra_comments_before
    [3995] => astra_comments_after
    [3996] => astra_sidebars_before
    [3997] => astra_sidebars_after
    [3998] => astra_footer
    [3999] => astra_footer_before
    [4000] => astra_footer_after
    [4001] => astra_footer_content_top
    [4002] => astra_footer_content
    [4003] => astra_footer_content_bottom
    [4004] => astra_archive_header
    [4005] => astra_pagination
    [4006] => astra_entry_content_single
    [4007] => astra_entry_content_single_page
    [4008] => astra_entry_content_404_page
    [4009] => astra_entry_content_blog
    [4010] => astra_blog_post_featured_format
    [4011] => astra_primary_content_top
    [4012] => astra_primary_content_bottom
    [4013] => astra_404_content_template
    [4014] => astra_register_menu_locations
    [4015] => astra_page_layout
    [4016] => astra_pingback_header
    [4017] => astra_is_content_style_boxed
    [4018] => astra_with_third_party
    [4019] => astra_is_sidebar_style_boxed
    [4020] => astra_apply_boxed_layouts
    [4021] => astra_third_party_archive_meta
    [4022] => astra_add_custom_logo_attributes
    [4023] => astra_logo_svg_icon
    [4024] => astra_get_site_title_tagline
    [4025] => astra_menu_anchor_class_for_nav_menus
    [4026] => astra_menu_anchor_class_for_page_menus
    [4027] => astra_page_css_class
    [4028] => astra_get_header_classes
    [4029] => astra_get_footer_classes
    [4030] => astra_post_navigation_template
    [4031] => astra_skip_elementor_onboarding
    [4032] => astra_bbpress_issue
    [4033] => astra_render_header_svg_mask
    [4034] => astra_single_post_entry_featured_image
    [4035] => astra_setup_article_featured_image
    [4036] => astra_add_aria_expanded_submenu_items_attr
    [4037] => astra_schema_body
    [4038] => astra_body_classes
    [4039] => astra_number_pagination
    [4040] => astra_logo
    [4041] => astra_get_dynamic_header_content
    [4042] => astra_get_search_icon
    [4043] => astra_get_search
    [4044] => astra_get_custom_html
    [4045] => astra_get_custom_button
    [4046] => astra_get_custom_widget
    [4047] => astra_get_small_footer
    [4048] => astra_get_small_footer_custom_text
    [4049] => astra_get_small_footer_menu
    [4050] => astra_header_markup
    [4051] => astra_site_branding_markup
    [4052] => astra_toggle_buttons_markup
    [4053] => astra_primary_navigation_markup
    [4054] => astra_footer_markup
    [4055] => astra_header_break_point
    [4056] => astra_edit_post_link
    [4057] => astra_header_classes
    [4058] => astra_footer_classes
    [4059] => astra_comment_form_default_fields_markup
    [4060] => astra_comment_form_default_markup
    [4061] => astra_the_excerpt
    [4062] => astra_get_sidebar
    [4063] => astra_get_footer_widget
    [4064] => astra_entry_header_class
    [4065] => astra_get_post_thumbnail
    [4066] => astra_replace_header_attr
    [4067] => astra_color_palette
    [4068] => astra_get_theme_name
    [4069] => astra_get_addon_name
    [4070] => astra_toggle_layout
    [4071] => astra_migrate_meta_layout
    [4072] => astra_attr
    [4073] => astra_get_theme_author_details
    [4074] => astra_dropdown_icon_to_menu_link
    [4075] => astra_existing_header_footer_configs
    [4076] => astra_calculate_spacing
    [4077] => astra_markup_open
    [4078] => astra_markup_close
    [4079] => astra_target_rules_for_related_posts
    [4080] => astra_is_elemetor_active
    [4081] => astra_addon_check_version
    [4082] => astra_get_webfont_url
    [4083] => astra_load_preload_local_fonts
    [4084] => astra_get_transparent_header_default_value
    [4085] => astra_has_gcp_typo_preset_compatibility
    [4086] => astra_button_default_padding_updated
    [4087] => astra_scndry_btn_default_padding
    [4088] => astra_has_widgets_block_editor
    [4089] => astra_can_remove_elementor_toc_margin_space
    [4090] => astra_can_add_styling_for_hr
    [4091] => astra_has_global_color_format_support
    [4092] => astra_get_palette_colors
    [4093] => astra_get_palette_names
    [4094] => astra_get_typography_presets
    [4095] => astra_clear_theme_addon_asset_cache
    [4096] => astra_maybe_disable_global_color_in_elementor
    [4097] => astra_check_elementor_pro_3_5_version
    [4098] => astra_apply_content_background_fullwidth_layouts
    [4099] => astra_search_static_css
    [4100] => astra_showcase_upgrade_notices
    [4101] => astra_get_font_extras
    [4102] => astra_get_font_array_css
    [4103] => astra_get_site_image_sizes
    [4104] => astra_get_dynamic_image_aspect_ratio
    [4105] => astra_get_current_language_slug
    [4106] => astra_get_queried_post_types
    [4107] => astra_get_palette_presets
    [4108] => astra_get_blog_layout
    [4109] => astra_get_blog_posts_per_page
    [4110] => astra_remote_docs_data
    [4111] => astra_customizer_live_search_posttypes
    [4112] => astra_customizer_search_post_types_choices
    [4113] => astra_enable_edd_featured_image_defaults
    [4114] => astra_body_font_family
    [4115] => astra_header_breakpoint_style
    [4116] => astra_404_page_layout
    [4117] => astra_is_logo_in_section
    [4118] => astra_get_content_layout
    [4119] => astra_check_is_ie
    [4120] => astra_replace_header_logo
    [4121] => astra_strposa
    [4122] => astra_get_prop
    [4123] => astra_get_dynamic_taxonomy
    [4124] => astra_get_author_id
    [4125] => astra_author_avatar
    [4126] => astra_get_dynamic_post_format
    [4127] => astra_get_category_list
    [4128] => astra_get_tag_list
    [4129] => astra_post_author_name
    [4130] => astra_get_post_meta
    [4131] => astra_post_date
    [4132] => astra_post_author
    [4133] => astra_post_link
    [4134] => astra_post_comments
    [4135] => astra_post_tags
    [4136] => astra_post_categories
    [4137] => astra_blog_layout_class
    [4138] => astra_get_blog_layout_class
    [4139] => astra_the_content_more_link
    [4140] => astra_add_blog_layout_class
    [4141] => astra_get_blog_post_title
    [4142] => astra_get_last_meta_word
    [4143] => astra_get_archive_description
    [4144] => astra_banner_elements_order
    [4145] => astra_blog_post_per_page
    [4146] => astra_primary_class_blog_layout
    [4147] => astra_blog_layout_customization
    [4148] => astra_blog_layout_template
    [4149] => astra_custom_excerpt_length
    [4150] => astra_remove_link_from_featured_image
    [4151] => astra_blog_body_classes
    [4152] => astra_post_class_blog_grid
    [4153] => astra_blog_get_post_meta
    [4154] => astra_blog_post_get_featured_item
    [4155] => astra_blog_post_thumbnail_and_title_order
    [4156] => astra_get_blog_post_thumbnail
    [4157] => astra_get_blog_post_title_meta
    [4158] => astra_get_audios_from_post
    [4159] => astra_get_video_from_post
    [4160] => astra_adjacent_post_links_title
    [4161] => astra_single_body_class
    [4162] => astra_single_post_class
    [4163] => astra_theme_comment
    [4164] => astra_single_post_navigation_markup
    [4165] => astra_entry_content_single_page_template
    [4166] => astra_masthead_get_menu_items
    [4167] => astra_masthead_custom_page_menu_items
    [4168] => astra_masthead_custom_nav_menu_items
    [4169] => astra_masthead_toggle_buttons_primary
    [4170] => astra_footer_small_footer_template
    [4171] => astra_masthead_primary_template
    [4172] => astra_entry_content_single_template
    [4173] => astra_entry_content_blog_template
    [4174] => astra_entry_content_404_page_template
    [4175] => astra_advanced_footer_markup
    [4176] => astra_header_custom_item_outside_menu
    [4177] => astra_footer_bar_display_cb
    [4178] => astra_save_header_customizer_configs
    [4179] => astra_save_footer_customizer_configs
    [4180] => astra_post_single_structure_dynamic_css
    [4181] => astra_post_archive_structure_dynamic_css
    [4182] => astra_special_archive_dynamic_css
    [4183] => astra_related_posts_static_css
    [4184] => astra_related_posts_css
    [4185] => astra_has_submenu_transperent_styling
    [4186] => astra_get_transparent_header_last_active_row
    [4187] => astra_ext_transparent_header_dynamic_css
    [4188] => astra_ext_transparent_above_header_sections_dynamic_css
    [4189] => astra_ext_transparent_below_header_sections_dynamic_css
    [4190] => astra_get_breadcrumb
    [4191] => astra_get_selected_breadcrumb
    [4192] => astra_breadcrumb_trail
    [4193] => astra_get_breadcrumb_trail
    [4194] => astra_breadcrumb_section_dynamic_css
    [4195] => astra_scroll_to_top_static_css
    [4196] => astra_scroll_to_top_dynamic_css
    [4197] => astra_heading_colors_section_dynamic_css
    [4198] => astra_hf_builder_customizer_defaults
    [4199] => astra_prepare_divider_defaults
    [4200] => astra_prepare_button_defaults
    [4201] => astra_prepare_html_defaults
    [4202] => astra_prepare_social_icon_defaults
    [4203] => astra_prepare_widget_defaults
    [4204] => astra_prepare_menu_defaults
    [4205] => astra_above_header_configuration
    [4206] => astra_header_account_configuration
    [4207] => astra_below_header_configuration
    [4208] => astra_header_button_configuration
    [4209] => astra_edd_cart_header_configuration
    [4210] => astra_header_header_builder_configuration
    [4211] => astra_header_widget_configuration
    [4212] => astra_header_html_configuration
    [4213] => astra_header_menu_configuration
    [4214] => astra_header_mobile_menu_configuration
    [4215] => astra_header_mobile_trigger_configuration
    [4216] => astra_header_off_canvas_configuration
    [4217] => astra_primary_header_configuration
    [4218] => astra_header_search_configuration
    [4219] => astra_header_site_identity_configuration
    [4220] => astra_header_social_configuration
    [4221] => astra_header_woo_cart_configuration
    [4222] => astra_above_footer_configuration
    [4223] => astra_below_footer_configuration
    [4224] => astra_button_footer_configuration
    [4225] => astra_copyright_footer_configuration
    [4226] => astra_builder_footer_configuration
    [4227] => astra_html_footer_configuration
    [4228] => astra_menu_footer_configuration
    [4229] => astra_primary_footer_configuration
    [4230] => astra_social_footer_configuration
    [4231] => astra_widget_footer_configuration
    [4232] => astra_hb_site_identity_dynamic_css
    [4233] => astra_off_canvas_row_setting
    [4234] => astra_off_canvas_static_css
    [4235] => astra_dropdown_type_static_css
    [4236] => astra_primary_header_breakpoint_style
    [4237] => astra_hb_button_dynamic_css
    [4238] => astra_hb_menu_dynamic_css
    [4239] => astra_menu_hover_style_css
    [4240] => astra_hb_html_dynamic_css
    [4241] => astra_hb_search_dynamic_css
    [4242] => astra_hb_account_dynamic_css
    [4243] => astra_hb_social_icon_dynamic_css
    [4244] => astra_hb_widget_dynamic_css
    [4245] => astra_mobile_trigger_row_setting
    [4246] => astra_hb_mobile_menu_dynamic_css
    [4247] => astra_above_header_row_setting
    [4248] => astra_below_header_row_setting
    [4249] => astra_fb_below_footer_dynamic_css
    [4250] => astra_hb_footer_menu_dynamic_css
    [4251] => astra_footer_menu_static_css
    [4252] => astra_fb_html_dynamic_css
    [4253] => astra_fb_button_dynamic_css
    [4254] => astra_fb_copyright_dynamic_css
    [4255] => astra_fb_social_icon_dynamic_css
    [4256] => astra_fb_above_footer_dynamic_css
    [4257] => astra_fb_primary_footer_dynamic_css
    [4258] => astra_support_footer_widget_right_margin
    [4259] => astra_fb_widget_dynamic_css
    [4260] => astra_builder
    [4261] => astra_deprecated_color_palette
    [4262] => astra_deprecated_sigle_post_navigation_enabled
    [4263] => astra_deprecated_primary_header_main_rt_section
    [4264] => astra_deprecated_ast_footer_bar_display_filter
    [4265] => astra_deprecated_ast_main_header_display_filter
    [4266] => astra_deprecated_secondary_submenu_border_class_filter
    [4267] => astra_deprecated_gtn_image_group_css_comp_filter
    [4268] => astra_deprecated_ast_footer_sml_layout_filter
    [4269] => astra_deprecated_primary_submenu_border_class_filter
    [4270] => astra_deprecated_astra_single_banner_post_meta_filter
    [4271] => astra_deprecated_astra_get_option_dynamic_blog_layouts_filter
    [4272] => astra_apply_filters_deprecated
    [4273] => astra_deprecated_asta_register_admin_menu_hook
    [4274] => astra_show_deprecated_admin_hooks_warnings
    [4275] => astra_do_action_deprecated
    [4276] => footer_menu_static_css
    [4277] => is_support_footer_widget_right_margin
    [4278] => prepare_button_defaults
    [4279] => prepare_html_defaults
    [4280] => prepare_social_icon_defaults
    [4281] => prepare_widget_defaults
    [4282] => prepare_menu_defaults
    [4283] => prepare_divider_defaults
    [4284] => is_astra_pagination_enabled
    [4285] => is_current_post_comment_enabled
    [4286] => ast_load_preload_local_fonts
    [4287] => ast_get_webfont_url
    [4288] => get_file_description
    [4289] => get_home_path
    [4290] => list_files
    [4291] => wp_get_plugin_file_editable_extensions
    [4292] => wp_get_theme_file_editable_extensions
    [4293] => wp_print_file_editor_templates
    [4294] => wp_edit_theme_plugin_file
    [4295] => wp_tempnam
    [4296] => validate_file_to_edit
    [4297] => _wp_handle_upload
    [4298] => wp_handle_upload
    [4299] => wp_handle_sideload
    [4300] => download_url
    [4301] => verify_file_md5
    [4302] => verify_file_signature
    [4303] => wp_trusted_keys
    [4304] => wp_zip_file_is_valid
    [4305] => unzip_file
    [4306] => _unzip_file_ziparchive
    [4307] => _unzip_file_pclzip
    [4308] => copy_dir
    [4309] => move_dir
    [4310] => wp_filesystem
    [4311] => get_filesystem_method
    [4312] => request_filesystem_credentials
    [4313] => wp_print_request_filesystem_credentials_modal
    [4314] => wp_opcache_invalidate
    [4315] => wp_opcache_invalidate_directory
)

[14-Jul-2025 12:47:46 UTC] PHP Notice:  Function _load_textdomain_just_in_time was called <strong>incorrectly</strong>. Translation loading for the <code>happyforms</code> domain was triggered too early. This is usually an indicator for some code in the plugin or theme running too early. Translations should be loaded at the <code>init</code> action or later. Please see <a href="https://developer.wordpress.org/advanced-administration/debug/debug-wordpress/">Debugging in WordPress</a> for more information. (This message was added in version 6.7.0.) in /var/www/html/wp-includes/functions.php on line 6121
[14-Jul-2025 12:47:49 UTC] [DEBUG] ✅ handler started!
[14-Jul-2025 12:47:49 UTC] [DEBUG] handle_course_key_activation called
[14-Jul-2025 12:49:19 UTC] PHP Notice:  Function _load_textdomain_just_in_time was called <strong>incorrectly</strong>. Translation loading for the <code>happyforms</code> domain was triggered too early. This is usually an indicator for some code in the plugin or theme running too early. Translations should be loaded at the <code>init</code> action or later. Please see <a href="https://developer.wordpress.org/advanced-administration/debug/debug-wordpress/">Debugging in WordPress</a> for more information. (This message was added in version 6.7.0.) in /var/www/html/wp-includes/functions.php on line 6121
[14-Jul-2025 12:51:48 UTC] PHP Notice:  Function _load_textdomain_just_in_time was called <strong>incorrectly</strong>. Translation loading for the <code>happyforms</code> domain was triggered too early. This is usually an indicator for some code in the plugin or theme running too early. Translations should be loaded at the <code>init</code> action or later. Please see <a href="https://developer.wordpress.org/advanced-administration/debug/debug-wordpress/">Debugging in WordPress</a> for more information. (This message was added in version 6.7.0.) in /var/www/html/wp-includes/functions.php on line 6121
[14-Jul-2025 12:52:02 UTC] PHP Notice:  Function _load_textdomain_just_in_time was called <strong>incorrectly</strong>. Translation loading for the <code>happyforms</code> domain was triggered too early. This is usually an indicator for some code in the plugin or theme running too early. Translations should be loaded at the <code>init</code> action or later. Please see <a href="https://developer.wordpress.org/advanced-administration/debug/debug-wordpress/">Debugging in WordPress</a> for more information. (This message was added in version 6.7.0.) in /var/www/html/wp-includes/functions.php on line 6121
[14-Jul-2025 12:52:05 UTC] [CHECK] Function "tutor_enroll_a_student" exists? NO
[14-Jul-2025 12:52:05 UTC] [CHECK] Function "tutor_utils" exists? YES
[14-Jul-2025 12:52:05 UTC] [CHECK] Function "tutor" exists? YES
[14-Jul-2025 12:52:05 UTC] [CHECK] Function "tutor_get_course_by_enrollment" exists? NO
[14-Jul-2025 12:54:02 UTC] PHP Notice:  Function _load_textdomain_just_in_time was called <strong>incorrectly</strong>. Translation loading for the <code>happyforms</code> domain was triggered too early. This is usually an indicator for some code in the plugin or theme running too early. Translations should be loaded at the <code>init</code> action or later. Please see <a href="https://developer.wordpress.org/advanced-administration/debug/debug-wordpress/">Debugging in WordPress</a> for more information. (This message was added in version 6.7.0.) in /var/www/html/wp-includes/functions.php on line 6121
[14-Jul-2025 12:54:06 UTC] [DEBUG] ❌ active_key not found in URL.
[14-Jul-2025 12:54:06 UTC] [CHECK] Function "tutor_enroll_a_student" exists? NO
[14-Jul-2025 12:54:06 UTC] [CHECK] Function "tutor_utils" exists? YES
[14-Jul-2025 12:54:06 UTC] [CHECK] Function "tutor" exists? YES
[14-Jul-2025 12:54:06 UTC] [CHECK] Function "tutor_get_course_by_enrollment" exists? NO
[14-Jul-2025 12:54:44 UTC] PHP Notice:  Function _load_textdomain_just_in_time was called <strong>incorrectly</strong>. Translation loading for the <code>happyforms</code> domain was triggered too early. This is usually an indicator for some code in the plugin or theme running too early. Translations should be loaded at the <code>init</code> action or later. Please see <a href="https://developer.wordpress.org/advanced-administration/debug/debug-wordpress/">Debugging in WordPress</a> for more information. (This message was added in version 6.7.0.) in /var/www/html/wp-includes/functions.php on line 6121
[14-Jul-2025 12:55:15 UTC] [DEBUG] ✅ Received active_key = KEY_ABC123
[14-Jul-2025 12:55:15 UTC] PHP Deprecated:  Function get_page_by_title is <strong>deprecated</strong> since version 6.2.0! Use WP_Query instead. in /var/www/html/wp-includes/functions.php on line 6121
[14-Jul-2025 12:55:15 UTC] [DEBUG] 🔄 Enrolling user_id=10 to course_id=62
[14-Jul-2025 12:55:15 UTC] [DEBUG] ❌ Function tutor_enroll_a_student does NOT exist.
[14-Jul-2025 12:56:12 UTC] PHP Notice:  Function _load_textdomain_just_in_time was called <strong>incorrectly</strong>. Translation loading for the <code>happyforms</code> domain was triggered too early. This is usually an indicator for some code in the plugin or theme running too early. Translations should be loaded at the <code>init</code> action or later. Please see <a href="https://developer.wordpress.org/advanced-administration/debug/debug-wordpress/">Debugging in WordPress</a> for more information. (This message was added in version 6.7.0.) in /var/www/html/wp-includes/functions.php on line 6121
[14-Jul-2025 12:56:19 UTC] [DEBUG] ❌ active_key not found in URL.
[14-Jul-2025 12:56:20 UTC] [CHECK] Function "tutor_enroll_a_student" exists? NO
[14-Jul-2025 12:56:20 UTC] [CHECK] Function "tutor_utils" exists? YES
[14-Jul-2025 12:56:20 UTC] [CHECK] Function "tutor" exists? YES
[14-Jul-2025 12:56:20 UTC] [CHECK] Function "tutor_get_course_by_enrollment" exists? NO
[14-Jul-2025 12:58:05 UTC] PHP Notice:  Function _load_textdomain_just_in_time was called <strong>incorrectly</strong>. Translation loading for the <code>happyforms</code> domain was triggered too early. This is usually an indicator for some code in the plugin or theme running too early. Translations should be loaded at the <code>init</code> action or later. Please see <a href="https://developer.wordpress.org/advanced-administration/debug/debug-wordpress/">Debugging in WordPress</a> for more information. (This message was added in version 6.7.0.) in /var/www/html/wp-includes/functions.php on line 6121
[14-Jul-2025 12:58:11 UTC] [DEBUG] ❌ active_key not found in URL.
[14-Jul-2025 12:58:11 UTC] [CHECK] Function "tutor_enroll_a_student" exists? NO
[14-Jul-2025 12:58:11 UTC] [CHECK] Function "tutor_utils" exists? YES
[14-Jul-2025 12:58:11 UTC] [CHECK] Function "tutor" exists? YES
[14-Jul-2025 12:58:11 UTC] [CHECK] Function "tutor_get_course_by_enrollment" exists? NO
[14-Jul-2025 13:00:04 UTC] PHP Notice:  Function _load_textdomain_just_in_time was called <strong>incorrectly</strong>. Translation loading for the <code>happyforms</code> domain was triggered too early. This is usually an indicator for some code in the plugin or theme running too early. Translations should be loaded at the <code>init</code> action or later. Please see <a href="https://developer.wordpress.org/advanced-administration/debug/debug-wordpress/">Debugging in WordPress</a> for more information. (This message was added in version 6.7.0.) in /var/www/html/wp-includes/functions.php on line 6121
[14-Jul-2025 13:00:08 UTC] [DEBUG] ❌ active_key not found in URL.
[14-Jul-2025 13:00:08 UTC] [CHECK] Function "tutor_enroll_a_student" exists? NO
[14-Jul-2025 13:00:08 UTC] [CHECK] Function "tutor_utils" exists? YES
[14-Jul-2025 13:00:08 UTC] [CHECK] Function "tutor" exists? YES
[14-Jul-2025 13:00:08 UTC] [CHECK] Function "tutor_get_course_by_enrollment" exists? NO
[14-Jul-2025 13:00:30 UTC] PHP Notice:  Function _load_textdomain_just_in_time was called <strong>incorrectly</strong>. Translation loading for the <code>happyforms</code> domain was triggered too early. This is usually an indicator for some code in the plugin or theme running too early. Translations should be loaded at the <code>init</code> action or later. Please see <a href="https://developer.wordpress.org/advanced-administration/debug/debug-wordpress/">Debugging in WordPress</a> for more information. (This message was added in version 6.7.0.) in /var/www/html/wp-includes/functions.php on line 6121
[14-Jul-2025 13:02:47 UTC] PHP Notice:  Function _load_textdomain_just_in_time was called <strong>incorrectly</strong>. Translation loading for the <code>happyforms</code> domain was triggered too early. This is usually an indicator for some code in the plugin or theme running too early. Translations should be loaded at the <code>init</code> action or later. Please see <a href="https://developer.wordpress.org/advanced-administration/debug/debug-wordpress/">Debugging in WordPress</a> for more information. (This message was added in version 6.7.0.) in /var/www/html/wp-includes/functions.php on line 6121
[14-Jul-2025 13:03:19 UTC] PHP Notice:  Function _load_textdomain_just_in_time was called <strong>incorrectly</strong>. Translation loading for the <code>happyforms</code> domain was triggered too early. This is usually an indicator for some code in the plugin or theme running too early. Translations should be loaded at the <code>init</code> action or later. Please see <a href="https://developer.wordpress.org/advanced-administration/debug/debug-wordpress/">Debugging in WordPress</a> for more information. (This message was added in version 6.7.0.) in /var/www/html/wp-includes/functions.php on line 6121
[14-Jul-2025 13:04:20 UTC] PHP Notice:  Function _load_textdomain_just_in_time was called <strong>incorrectly</strong>. Translation loading for the <code>happyforms</code> domain was triggered too early. This is usually an indicator for some code in the plugin or theme running too early. Translations should be loaded at the <code>init</code> action or later. Please see <a href="https://developer.wordpress.org/advanced-administration/debug/debug-wordpress/">Debugging in WordPress</a> for more information. (This message was added in version 6.7.0.) in /var/www/html/wp-includes/functions.php on line 6121
[14-Jul-2025 13:05:11 UTC] PHP Notice:  Function _load_textdomain_just_in_time was called <strong>incorrectly</strong>. Translation loading for the <code>happyforms</code> domain was triggered too early. This is usually an indicator for some code in the plugin or theme running too early. Translations should be loaded at the <code>init</code> action or later. Please see <a href="https://developer.wordpress.org/advanced-administration/debug/debug-wordpress/">Debugging in WordPress</a> for more information. (This message was added in version 6.7.0.) in /var/www/html/wp-includes/functions.php on line 6121
[14-Jul-2025 13:05:20 UTC] PHP Notice:  Function _load_textdomain_just_in_time was called <strong>incorrectly</strong>. Translation loading for the <code>happyforms</code> domain was triggered too early. This is usually an indicator for some code in the plugin or theme running too early. Translations should be loaded at the <code>init</code> action or later. Please see <a href="https://developer.wordpress.org/advanced-administration/debug/debug-wordpress/">Debugging in WordPress</a> for more information. (This message was added in version 6.7.0.) in /var/www/html/wp-includes/functions.php on line 6121
[14-Jul-2025 13:05:55 UTC] PHP Notice:  Function _load_textdomain_just_in_time was called <strong>incorrectly</strong>. Translation loading for the <code>happyforms</code> domain was triggered too early. This is usually an indicator for some code in the plugin or theme running too early. Translations should be loaded at the <code>init</code> action or later. Please see <a href="https://developer.wordpress.org/advanced-administration/debug/debug-wordpress/">Debugging in WordPress</a> for more information. (This message was added in version 6.7.0.) in /var/www/html/wp-includes/functions.php on line 6121
[14-Jul-2025 13:06:02 UTC] PHP Notice:  Function _load_textdomain_just_in_time was called <strong>incorrectly</strong>. Translation loading for the <code>happyforms</code> domain was triggered too early. This is usually an indicator for some code in the plugin or theme running too early. Translations should be loaded at the <code>init</code> action or later. Please see <a href="https://developer.wordpress.org/advanced-administration/debug/debug-wordpress/">Debugging in WordPress</a> for more information. (This message was added in version 6.7.0.) in /var/www/html/wp-includes/functions.php on line 6121
[14-Jul-2025 13:06:03 UTC] PHP Notice:  Function _load_textdomain_just_in_time was called <strong>incorrectly</strong>. Translation loading for the <code>happyforms</code> domain was triggered too early. This is usually an indicator for some code in the plugin or theme running too early. Translations should be loaded at the <code>init</code> action or later. Please see <a href="https://developer.wordpress.org/advanced-administration/debug/debug-wordpress/">Debugging in WordPress</a> for more information. (This message was added in version 6.7.0.) in /var/www/html/wp-includes/functions.php on line 6121
[14-Jul-2025 13:06:05 UTC] [CHECK] Function "tutor_enroll_a_student" exists? NO
[14-Jul-2025 13:06:05 UTC] [CHECK] Function "tutor_utils" exists? YES
[14-Jul-2025 13:06:05 UTC] [CHECK] Function "tutor" exists? YES
[14-Jul-2025 13:06:05 UTC] [CHECK] Function "tutor_get_course_by_enrollment" exists? NO
[14-Jul-2025 13:06:05 UTC] [CHECK] Function "tutor_enroll_a_student" exists? NO
[14-Jul-2025 13:06:05 UTC] [CHECK] Function "tutor_utils" exists? YES
[14-Jul-2025 13:06:05 UTC] [CHECK] Function "tutor" exists? YES
[14-Jul-2025 13:06:05 UTC] [CHECK] Function "tutor_get_course_by_enrollment" exists? NO
[14-Jul-2025 13:06:07 UTC] [DEBUG] Function tutor_enroll_a_student: NOT FOUND
[14-Jul-2025 13:06:07 UTC] [DEBUG] Function tutor_utils: EXISTS
[14-Jul-2025 13:06:07 UTC] [DEBUG] Function tutor_get_course_id_by_lesson: NOT FOUND
[14-Jul-2025 13:06:07 UTC] [DEBUG] Function tutor_is_enrolled: NOT FOUND
[14-Jul-2025 13:06:07 UTC] [DEBUG] Tutor LMS plugin active: YES
[14-Jul-2025 13:06:07 UTC] [DEBUG] Tutor enrollments table exists: NO
[14-Jul-2025 13:06:12 UTC] PHP Notice:  Function _load_textdomain_just_in_time was called <strong>incorrectly</strong>. Translation loading for the <code>happyforms</code> domain was triggered too early. This is usually an indicator for some code in the plugin or theme running too early. Translations should be loaded at the <code>init</code> action or later. Please see <a href="https://developer.wordpress.org/advanced-administration/debug/debug-wordpress/">Debugging in WordPress</a> for more information. (This message was added in version 6.7.0.) in /var/www/html/wp-includes/functions.php on line 6121
[14-Jul-2025 13:06:16 UTC] [CHECK] Function "tutor_enroll_a_student" exists? NO
[14-Jul-2025 13:06:16 UTC] [CHECK] Function "tutor_utils" exists? YES
[14-Jul-2025 13:06:16 UTC] [CHECK] Function "tutor" exists? YES
[14-Jul-2025 13:06:16 UTC] [CHECK] Function "tutor_get_course_by_enrollment" exists? NO
[14-Jul-2025 13:06:21 UTC] PHP Notice:  Function _load_textdomain_just_in_time was called <strong>incorrectly</strong>. Translation loading for the <code>happyforms</code> domain was triggered too early. This is usually an indicator for some code in the plugin or theme running too early. Translations should be loaded at the <code>init</code> action or later. Please see <a href="https://developer.wordpress.org/advanced-administration/debug/debug-wordpress/">Debugging in WordPress</a> for more information. (This message was added in version 6.7.0.) in /var/www/html/wp-includes/functions.php on line 6121
[14-Jul-2025 13:06:21 UTC] PHP Notice:  Function _load_textdomain_just_in_time was called <strong>incorrectly</strong>. Translation loading for the <code>happyforms</code> domain was triggered too early. This is usually an indicator for some code in the plugin or theme running too early. Translations should be loaded at the <code>init</code> action or later. Please see <a href="https://developer.wordpress.org/advanced-administration/debug/debug-wordpress/">Debugging in WordPress</a> for more information. (This message was added in version 6.7.0.) in /var/www/html/wp-includes/functions.php on line 6121
[14-Jul-2025 13:06:22 UTC] [CHECK] Function "tutor_enroll_a_student" exists? NO
[14-Jul-2025 13:06:22 UTC] [CHECK] Function "tutor_utils" exists? YES
[14-Jul-2025 13:06:22 UTC] [CHECK] Function "tutor" exists? YES
[14-Jul-2025 13:06:22 UTC] [CHECK] Function "tutor_get_course_by_enrollment" exists? NO
[14-Jul-2025 13:06:23 UTC] [CHECK] Function "tutor_enroll_a_student" exists? NO
[14-Jul-2025 13:06:23 UTC] [CHECK] Function "tutor_utils" exists? YES
[14-Jul-2025 13:06:23 UTC] [CHECK] Function "tutor" exists? YES
[14-Jul-2025 13:06:23 UTC] [CHECK] Function "tutor_get_course_by_enrollment" exists? NO
[14-Jul-2025 13:06:26 UTC] PHP Notice:  Function _load_textdomain_just_in_time was called <strong>incorrectly</strong>. Translation loading for the <code>happyforms</code> domain was triggered too early. This is usually an indicator for some code in the plugin or theme running too early. Translations should be loaded at the <code>init</code> action or later. Please see <a href="https://developer.wordpress.org/advanced-administration/debug/debug-wordpress/">Debugging in WordPress</a> for more information. (This message was added in version 6.7.0.) in /var/www/html/wp-includes/functions.php on line 6121
[14-Jul-2025 13:06:30 UTC] [CHECK] Function "tutor_enroll_a_student" exists? NO
[14-Jul-2025 13:06:30 UTC] [CHECK] Function "tutor_utils" exists? YES
[14-Jul-2025 13:06:30 UTC] [CHECK] Function "tutor" exists? YES
[14-Jul-2025 13:06:30 UTC] [CHECK] Function "tutor_get_course_by_enrollment" exists? NO
[14-Jul-2025 13:06:30 UTC] [DEBUG] Function tutor_enroll_a_student: NOT FOUND
[14-Jul-2025 13:06:30 UTC] [DEBUG] Function tutor_utils: EXISTS
[14-Jul-2025 13:06:30 UTC] [DEBUG] Function tutor_get_course_id_by_lesson: NOT FOUND
[14-Jul-2025 13:06:30 UTC] [DEBUG] Function tutor_is_enrolled: NOT FOUND
[14-Jul-2025 13:06:31 UTC] [DEBUG] Tutor LMS plugin active: YES
[14-Jul-2025 13:06:31 UTC] [DEBUG] Tutor enrollments table exists: NO
[14-Jul-2025 13:06:32 UTC] PHP Notice:  Function _load_textdomain_just_in_time was called <strong>incorrectly</strong>. Translation loading for the <code>happyforms</code> domain was triggered too early. This is usually an indicator for some code in the plugin or theme running too early. Translations should be loaded at the <code>init</code> action or later. Please see <a href="https://developer.wordpress.org/advanced-administration/debug/debug-wordpress/">Debugging in WordPress</a> for more information. (This message was added in version 6.7.0.) in /var/www/html/wp-includes/functions.php on line 6121
[14-Jul-2025 13:06:35 UTC] PHP Notice:  Function _load_textdomain_just_in_time was called <strong>incorrectly</strong>. Translation loading for the <code>happyforms</code> domain was triggered too early. This is usually an indicator for some code in the plugin or theme running too early. Translations should be loaded at the <code>init</code> action or later. Please see <a href="https://developer.wordpress.org/advanced-administration/debug/debug-wordpress/">Debugging in WordPress</a> for more information. (This message was added in version 6.7.0.) in /var/www/html/wp-includes/functions.php on line 6121
[14-Jul-2025 13:06:36 UTC] PHP Notice:  Function _load_textdomain_just_in_time was called <strong>incorrectly</strong>. Translation loading for the <code>happyforms</code> domain was triggered too early. This is usually an indicator for some code in the plugin or theme running too early. Translations should be loaded at the <code>init</code> action or later. Please see <a href="https://developer.wordpress.org/advanced-administration/debug/debug-wordpress/">Debugging in WordPress</a> for more information. (This message was added in version 6.7.0.) in /var/www/html/wp-includes/functions.php on line 6121
[14-Jul-2025 13:06:37 UTC] [CHECK] Function "tutor_enroll_a_student" exists? NO
[14-Jul-2025 13:06:37 UTC] [CHECK] Function "tutor_utils" exists? YES
[14-Jul-2025 13:06:37 UTC] [CHECK] Function "tutor" exists? YES
[14-Jul-2025 13:06:37 UTC] [CHECK] Function "tutor_get_course_by_enrollment" exists? NO
[14-Jul-2025 13:06:37 UTC] [CHECK] Function "tutor_enroll_a_student" exists? NO
[14-Jul-2025 13:06:37 UTC] [CHECK] Function "tutor_utils" exists? YES
[14-Jul-2025 13:06:37 UTC] [CHECK] Function "tutor" exists? YES
[14-Jul-2025 13:06:37 UTC] [CHECK] Function "tutor_get_course_by_enrollment" exists? NO
[14-Jul-2025 13:06:38 UTC] [CHECK] Function "tutor_enroll_a_student" exists? NO
[14-Jul-2025 13:06:38 UTC] [CHECK] Function "tutor_utils" exists? YES
[14-Jul-2025 13:06:38 UTC] [CHECK] Function "tutor" exists? YES
[14-Jul-2025 13:06:38 UTC] [CHECK] Function "tutor_get_course_by_enrollment" exists? NO
[14-Jul-2025 13:06:52 UTC] PHP Notice:  Function _load_textdomain_just_in_time was called <strong>incorrectly</strong>. Translation loading for the <code>happyforms</code> domain was triggered too early. This is usually an indicator for some code in the plugin or theme running too early. Translations should be loaded at the <code>init</code> action or later. Please see <a href="https://developer.wordpress.org/advanced-administration/debug/debug-wordpress/">Debugging in WordPress</a> for more information. (This message was added in version 6.7.0.) in /var/www/html/wp-includes/functions.php on line 6121
[14-Jul-2025 13:06:57 UTC] [CHECK] Function "tutor_enroll_a_student" exists? NO
[14-Jul-2025 13:06:57 UTC] [CHECK] Function "tutor_utils" exists? YES
[14-Jul-2025 13:06:57 UTC] [CHECK] Function "tutor" exists? YES
[14-Jul-2025 13:06:57 UTC] [CHECK] Function "tutor_get_course_by_enrollment" exists? NO
[14-Jul-2025 13:08:00 UTC] PHP Notice:  Function _load_textdomain_just_in_time was called <strong>incorrectly</strong>. Translation loading for the <code>happyforms</code> domain was triggered too early. This is usually an indicator for some code in the plugin or theme running too early. Translations should be loaded at the <code>init</code> action or later. Please see <a href="https://developer.wordpress.org/advanced-administration/debug/debug-wordpress/">Debugging in WordPress</a> for more information. (This message was added in version 6.7.0.) in /var/www/html/wp-includes/functions.php on line 6121
[14-Jul-2025 13:08:05 UTC] [CHECK] Function "tutor_enroll_a_student" exists? NO
[14-Jul-2025 13:08:06 UTC] [CHECK] Function "tutor_utils" exists? YES
[14-Jul-2025 13:08:06 UTC] [CHECK] Function "tutor" exists? YES
[14-Jul-2025 13:08:06 UTC] [CHECK] Function "tutor_get_course_by_enrollment" exists? NO
[14-Jul-2025 13:08:10 UTC] PHP Notice:  Function _load_textdomain_just_in_time was called <strong>incorrectly</strong>. Translation loading for the <code>happyforms</code> domain was triggered too early. This is usually an indicator for some code in the plugin or theme running too early. Translations should be loaded at the <code>init</code> action or later. Please see <a href="https://developer.wordpress.org/advanced-administration/debug/debug-wordpress/">Debugging in WordPress</a> for more information. (This message was added in version 6.7.0.) in /var/www/html/wp-includes/functions.php on line 6121
[14-Jul-2025 13:08:14 UTC] [CHECK] Function "tutor_enroll_a_student" exists? NO
[14-Jul-2025 13:08:14 UTC] [CHECK] Function "tutor_utils" exists? YES
[14-Jul-2025 13:08:14 UTC] [CHECK] Function "tutor" exists? YES
[14-Jul-2025 13:08:14 UTC] [CHECK] Function "tutor_get_course_by_enrollment" exists? NO
[14-Jul-2025 13:10:19 UTC] PHP Notice:  Function _load_textdomain_just_in_time was called <strong>incorrectly</strong>. Translation loading for the <code>happyforms</code> domain was triggered too early. This is usually an indicator for some code in the plugin or theme running too early. Translations should be loaded at the <code>init</code> action or later. Please see <a href="https://developer.wordpress.org/advanced-administration/debug/debug-wordpress/">Debugging in WordPress</a> for more information. (This message was added in version 6.7.0.) in /var/www/html/wp-includes/functions.php on line 6121
[14-Jul-2025 13:10:23 UTC] [CHECK] Function "tutor_enroll_a_student" exists? NO
[14-Jul-2025 13:10:23 UTC] [CHECK] Function "tutor_utils" exists? YES
[14-Jul-2025 13:10:23 UTC] [CHECK] Function "tutor" exists? YES
[14-Jul-2025 13:10:23 UTC] [CHECK] Function "tutor_get_course_by_enrollment" exists? NO
[14-Jul-2025 13:11:45 UTC] PHP Notice:  Function _load_textdomain_just_in_time was called <strong>incorrectly</strong>. Translation loading for the <code>happyforms</code> domain was triggered too early. This is usually an indicator for some code in the plugin or theme running too early. Translations should be loaded at the <code>init</code> action or later. Please see <a href="https://developer.wordpress.org/advanced-administration/debug/debug-wordpress/">Debugging in WordPress</a> for more information. (This message was added in version 6.7.0.) in /var/www/html/wp-includes/functions.php on line 6121
[14-Jul-2025 13:11:50 UTC] [CHECK] Function "tutor_enroll_a_student" exists? NO
[14-Jul-2025 13:11:50 UTC] [CHECK] Function "tutor_utils" exists? YES
[14-Jul-2025 13:11:50 UTC] [CHECK] Function "tutor" exists? YES
[14-Jul-2025 13:11:50 UTC] [CHECK] Function "tutor_get_course_by_enrollment" exists? NO
[14-Jul-2025 13:12:47 UTC] PHP Notice:  Function _load_textdomain_just_in_time was called <strong>incorrectly</strong>. Translation loading for the <code>happyforms</code> domain was triggered too early. This is usually an indicator for some code in the plugin or theme running too early. Translations should be loaded at the <code>init</code> action or later. Please see <a href="https://developer.wordpress.org/advanced-administration/debug/debug-wordpress/">Debugging in WordPress</a> for more information. (This message was added in version 6.7.0.) in /var/www/html/wp-includes/functions.php on line 6121
[14-Jul-2025 13:12:53 UTC] [CHECK] Function "tutor_enroll_a_student" exists? NO
[14-Jul-2025 13:12:53 UTC] [CHECK] Function "tutor_utils" exists? YES
[14-Jul-2025 13:12:53 UTC] [CHECK] Function "tutor" exists? YES
[14-Jul-2025 13:12:53 UTC] [CHECK] Function "tutor_get_course_by_enrollment" exists? NO
[14-Jul-2025 13:13:47 UTC] PHP Notice:  Function _load_textdomain_just_in_time was called <strong>incorrectly</strong>. Translation loading for the <code>happyforms</code> domain was triggered too early. This is usually an indicator for some code in the plugin or theme running too early. Translations should be loaded at the <code>init</code> action or later. Please see <a href="https://developer.wordpress.org/advanced-administration/debug/debug-wordpress/">Debugging in WordPress</a> for more information. (This message was added in version 6.7.0.) in /var/www/html/wp-includes/functions.php on line 6121
[14-Jul-2025 13:13:51 UTC] [CHECK] Function "tutor_enroll_a_student" exists? NO
[14-Jul-2025 13:13:51 UTC] [CHECK] Function "tutor_utils" exists? YES
[14-Jul-2025 13:13:51 UTC] [CHECK] Function "tutor" exists? YES
[14-Jul-2025 13:13:51 UTC] [CHECK] Function "tutor_get_course_by_enrollment" exists? NO
[14-Jul-2025 13:14:48 UTC] PHP Notice:  Function _load_textdomain_just_in_time was called <strong>incorrectly</strong>. Translation loading for the <code>happyforms</code> domain was triggered too early. This is usually an indicator for some code in the plugin or theme running too early. Translations should be loaded at the <code>init</code> action or later. Please see <a href="https://developer.wordpress.org/advanced-administration/debug/debug-wordpress/">Debugging in WordPress</a> for more information. (This message was added in version 6.7.0.) in /var/www/html/wp-includes/functions.php on line 6121
[14-Jul-2025 13:14:52 UTC] [CHECK] Function "tutor_enroll_a_student" exists? NO
[14-Jul-2025 13:14:52 UTC] [CHECK] Function "tutor_utils" exists? YES
[14-Jul-2025 13:14:52 UTC] [CHECK] Function "tutor" exists? YES
[14-Jul-2025 13:14:52 UTC] [CHECK] Function "tutor_get_course_by_enrollment" exists? NO
[14-Jul-2025 13:15:50 UTC] PHP Notice:  Function _load_textdomain_just_in_time was called <strong>incorrectly</strong>. Translation loading for the <code>happyforms</code> domain was triggered too early. This is usually an indicator for some code in the plugin or theme running too early. Translations should be loaded at the <code>init</code> action or later. Please see <a href="https://developer.wordpress.org/advanced-administration/debug/debug-wordpress/">Debugging in WordPress</a> for more information. (This message was added in version 6.7.0.) in /var/www/html/wp-includes/functions.php on line 6121
[14-Jul-2025 13:15:54 UTC] [CHECK] Function "tutor_enroll_a_student" exists? NO
[14-Jul-2025 13:15:54 UTC] [CHECK] Function "tutor_utils" exists? YES
[14-Jul-2025 13:15:54 UTC] [CHECK] Function "tutor" exists? YES
[14-Jul-2025 13:15:54 UTC] [CHECK] Function "tutor_get_course_by_enrollment" exists? NO
[14-Jul-2025 13:17:49 UTC] PHP Notice:  Function _load_textdomain_just_in_time was called <strong>incorrectly</strong>. Translation loading for the <code>happyforms</code> domain was triggered too early. This is usually an indicator for some code in the plugin or theme running too early. Translations should be loaded at the <code>init</code> action or later. Please see <a href="https://developer.wordpress.org/advanced-administration/debug/debug-wordpress/">Debugging in WordPress</a> for more information. (This message was added in version 6.7.0.) in /var/www/html/wp-includes/functions.php on line 6121
[14-Jul-2025 13:17:52 UTC] [CHECK] Function "tutor_enroll_a_student" exists? NO
[14-Jul-2025 13:17:52 UTC] [CHECK] Function "tutor_utils" exists? YES
[14-Jul-2025 13:17:52 UTC] [CHECK] Function "tutor" exists? YES
[14-Jul-2025 13:17:52 UTC] [CHECK] Function "tutor_get_course_by_enrollment" exists? NO
[14-Jul-2025 13:19:50 UTC] PHP Notice:  Function _load_textdomain_just_in_time was called <strong>incorrectly</strong>. Translation loading for the <code>happyforms</code> domain was triggered too early. This is usually an indicator for some code in the plugin or theme running too early. Translations should be loaded at the <code>init</code> action or later. Please see <a href="https://developer.wordpress.org/advanced-administration/debug/debug-wordpress/">Debugging in WordPress</a> for more information. (This message was added in version 6.7.0.) in /var/www/html/wp-includes/functions.php on line 6121
[14-Jul-2025 13:19:55 UTC] [CHECK] Function "tutor_enroll_a_student" exists? NO
[14-Jul-2025 13:19:55 UTC] [CHECK] Function "tutor_utils" exists? YES
[14-Jul-2025 13:19:55 UTC] [CHECK] Function "tutor" exists? YES
[14-Jul-2025 13:19:55 UTC] [CHECK] Function "tutor_get_course_by_enrollment" exists? NO
[14-Jul-2025 13:21:52 UTC] PHP Notice:  Function _load_textdomain_just_in_time was called <strong>incorrectly</strong>. Translation loading for the <code>happyforms</code> domain was triggered too early. This is usually an indicator for some code in the plugin or theme running too early. Translations should be loaded at the <code>init</code> action or later. Please see <a href="https://developer.wordpress.org/advanced-administration/debug/debug-wordpress/">Debugging in WordPress</a> for more information. (This message was added in version 6.7.0.) in /var/www/html/wp-includes/functions.php on line 6121
[14-Jul-2025 13:21:56 UTC] [CHECK] Function "tutor_enroll_a_student" exists? NO
[14-Jul-2025 13:21:56 UTC] [CHECK] Function "tutor_utils" exists? YES
[14-Jul-2025 13:21:56 UTC] [CHECK] Function "tutor" exists? YES
[14-Jul-2025 13:21:56 UTC] [CHECK] Function "tutor_get_course_by_enrollment" exists? NO
[14-Jul-2025 13:23:53 UTC] PHP Notice:  Function _load_textdomain_just_in_time was called <strong>incorrectly</strong>. Translation loading for the <code>happyforms</code> domain was triggered too early. This is usually an indicator for some code in the plugin or theme running too early. Translations should be loaded at the <code>init</code> action or later. Please see <a href="https://developer.wordpress.org/advanced-administration/debug/debug-wordpress/">Debugging in WordPress</a> for more information. (This message was added in version 6.7.0.) in /var/www/html/wp-includes/functions.php on line 6121
[14-Jul-2025 13:23:57 UTC] [CHECK] Function "tutor_enroll_a_student" exists? NO
[14-Jul-2025 13:23:57 UTC] [CHECK] Function "tutor_utils" exists? YES
[14-Jul-2025 13:23:57 UTC] [CHECK] Function "tutor" exists? YES
[14-Jul-2025 13:23:57 UTC] [CHECK] Function "tutor_get_course_by_enrollment" exists? NO
[14-Jul-2025 13:25:55 UTC] PHP Notice:  Function _load_textdomain_just_in_time was called <strong>incorrectly</strong>. Translation loading for the <code>happyforms</code> domain was triggered too early. This is usually an indicator for some code in the plugin or theme running too early. Translations should be loaded at the <code>init</code> action or later. Please see <a href="https://developer.wordpress.org/advanced-administration/debug/debug-wordpress/">Debugging in WordPress</a> for more information. (This message was added in version 6.7.0.) in /var/www/html/wp-includes/functions.php on line 6121
[14-Jul-2025 13:26:06 UTC] [CHECK] Function "tutor_enroll_a_student" exists? NO
[14-Jul-2025 13:26:06 UTC] [CHECK] Function "tutor_utils" exists? YES
[14-Jul-2025 13:26:06 UTC] [CHECK] Function "tutor" exists? YES
[14-Jul-2025 13:26:06 UTC] [CHECK] Function "tutor_get_course_by_enrollment" exists? NO
[14-Jul-2025 13:28:07 UTC] PHP Notice:  Function _load_textdomain_just_in_time was called <strong>incorrectly</strong>. Translation loading for the <code>happyforms</code> domain was triggered too early. This is usually an indicator for some code in the plugin or theme running too early. Translations should be loaded at the <code>init</code> action or later. Please see <a href="https://developer.wordpress.org/advanced-administration/debug/debug-wordpress/">Debugging in WordPress</a> for more information. (This message was added in version 6.7.0.) in /var/www/html/wp-includes/functions.php on line 6121
[14-Jul-2025 13:28:10 UTC] [CHECK] Function "tutor_enroll_a_student" exists? NO
[14-Jul-2025 13:28:10 UTC] [CHECK] Function "tutor_utils" exists? YES
[14-Jul-2025 13:28:10 UTC] [CHECK] Function "tutor" exists? YES
[14-Jul-2025 13:28:10 UTC] [CHECK] Function "tutor_get_course_by_enrollment" exists? NO
[14-Jul-2025 13:29:06 UTC] PHP Notice:  Function _load_textdomain_just_in_time was called <strong>incorrectly</strong>. Translation loading for the <code>happyforms</code> domain was triggered too early. This is usually an indicator for some code in the plugin or theme running too early. Translations should be loaded at the <code>init</code> action or later. Please see <a href="https://developer.wordpress.org/advanced-administration/debug/debug-wordpress/">Debugging in WordPress</a> for more information. (This message was added in version 6.7.0.) in /var/www/html/wp-includes/functions.php on line 6121
[14-Jul-2025 13:29:11 UTC] [CHECK] Function "tutor_enroll_a_student" exists? NO
[14-Jul-2025 13:29:11 UTC] [CHECK] Function "tutor_utils" exists? YES
[14-Jul-2025 13:29:11 UTC] [CHECK] Function "tutor" exists? YES
[14-Jul-2025 13:29:11 UTC] [CHECK] Function "tutor_get_course_by_enrollment" exists? NO
[14-Jul-2025 13:31:08 UTC] PHP Notice:  Function _load_textdomain_just_in_time was called <strong>incorrectly</strong>. Translation loading for the <code>happyforms</code> domain was triggered too early. This is usually an indicator for some code in the plugin or theme running too early. Translations should be loaded at the <code>init</code> action or later. Please see <a href="https://developer.wordpress.org/advanced-administration/debug/debug-wordpress/">Debugging in WordPress</a> for more information. (This message was added in version 6.7.0.) in /var/www/html/wp-includes/functions.php on line 6121
[14-Jul-2025 13:31:14 UTC] [CHECK] Function "tutor_enroll_a_student" exists? NO
[14-Jul-2025 13:31:14 UTC] [CHECK] Function "tutor_utils" exists? YES
[14-Jul-2025 13:31:14 UTC] [CHECK] Function "tutor" exists? YES
[14-Jul-2025 13:31:14 UTC] [CHECK] Function "tutor_get_course_by_enrollment" exists? NO
[14-Jul-2025 14:44:47 UTC] PHP Notice:  Function _load_textdomain_just_in_time was called <strong>incorrectly</strong>. Translation loading for the <code>happyforms</code> domain was triggered too early. This is usually an indicator for some code in the plugin or theme running too early. Translations should be loaded at the <code>init</code> action or later. Please see <a href="https://developer.wordpress.org/advanced-administration/debug/debug-wordpress/">Debugging in WordPress</a> for more information. (This message was added in version 6.7.0.) in /var/www/html/wp-includes/functions.php on line 6121
[14-Jul-2025 14:44:56 UTC] [CHECK] Function "tutor_enroll_a_student" exists? NO
[14-Jul-2025 14:44:56 UTC] [CHECK] Function "tutor_utils" exists? YES
[14-Jul-2025 14:44:56 UTC] [CHECK] Function "tutor" exists? YES
[14-Jul-2025 14:44:56 UTC] [CHECK] Function "tutor_get_course_by_enrollment" exists? NO
[14-Jul-2025 14:45:02 UTC] PHP Notice:  Function _load_textdomain_just_in_time was called <strong>incorrectly</strong>. Translation loading for the <code>happyforms</code> domain was triggered too early. This is usually an indicator for some code in the plugin or theme running too early. Translations should be loaded at the <code>init</code> action or later. Please see <a href="https://developer.wordpress.org/advanced-administration/debug/debug-wordpress/">Debugging in WordPress</a> for more information. (This message was added in version 6.7.0.) in /var/www/html/wp-includes/functions.php on line 6121
[14-Jul-2025 14:45:07 UTC] [CHECK] Function "tutor_enroll_a_student" exists? NO
[14-Jul-2025 14:45:07 UTC] [CHECK] Function "tutor_utils" exists? YES
[14-Jul-2025 14:45:07 UTC] [CHECK] Function "tutor" exists? YES
[14-Jul-2025 14:45:07 UTC] [CHECK] Function "tutor_get_course_by_enrollment" exists? NO
[14-Jul-2025 14:45:11 UTC] PHP Notice:  Function _load_textdomain_just_in_time was called <strong>incorrectly</strong>. Translation loading for the <code>happyforms</code> domain was triggered too early. This is usually an indicator for some code in the plugin or theme running too early. Translations should be loaded at the <code>init</code> action or later. Please see <a href="https://developer.wordpress.org/advanced-administration/debug/debug-wordpress/">Debugging in WordPress</a> for more information. (This message was added in version 6.7.0.) in /var/www/html/wp-includes/functions.php on line 6121
[14-Jul-2025 14:45:14 UTC] [CHECK] Function "tutor_enroll_a_student" exists? NO
[14-Jul-2025 14:45:14 UTC] [CHECK] Function "tutor_utils" exists? YES
[14-Jul-2025 14:45:14 UTC] [CHECK] Function "tutor" exists? YES
[14-Jul-2025 14:45:14 UTC] [CHECK] Function "tutor_get_course_by_enrollment" exists? NO
[14-Jul-2025 14:45:14 UTC] [DEBUG] Function tutor_enroll_a_student: NOT FOUND
[14-Jul-2025 14:45:14 UTC] [DEBUG] Function tutor_utils: EXISTS
[14-Jul-2025 14:45:14 UTC] [DEBUG] Function tutor_get_course_id_by_lesson: NOT FOUND
[14-Jul-2025 14:45:14 UTC] [DEBUG] Function tutor_is_enrolled: NOT FOUND
[14-Jul-2025 14:45:14 UTC] [DEBUG] Tutor LMS plugin active: YES
[14-Jul-2025 14:45:14 UTC] [DEBUG] Tutor enrollments table exists: NO
[14-Jul-2025 14:45:21 UTC] PHP Notice:  Function _load_textdomain_just_in_time was called <strong>incorrectly</strong>. Translation loading for the <code>happyforms</code> domain was triggered too early. This is usually an indicator for some code in the plugin or theme running too early. Translations should be loaded at the <code>init</code> action or later. Please see <a href="https://developer.wordpress.org/advanced-administration/debug/debug-wordpress/">Debugging in WordPress</a> for more information. (This message was added in version 6.7.0.) in /var/www/html/wp-includes/functions.php on line 6121
[14-Jul-2025 14:45:22 UTC] PHP Notice:  Function _load_textdomain_just_in_time was called <strong>incorrectly</strong>. Translation loading for the <code>happyforms</code> domain was triggered too early. This is usually an indicator for some code in the plugin or theme running too early. Translations should be loaded at the <code>init</code> action or later. Please see <a href="https://developer.wordpress.org/advanced-administration/debug/debug-wordpress/">Debugging in WordPress</a> for more information. (This message was added in version 6.7.0.) in /var/www/html/wp-includes/functions.php on line 6121
[14-Jul-2025 14:45:23 UTC] [CHECK] Function "tutor_enroll_a_student" exists? NO
[14-Jul-2025 14:45:23 UTC] [CHECK] Function "tutor_utils" exists? YES
[14-Jul-2025 14:45:23 UTC] [CHECK] Function "tutor" exists? YES
[14-Jul-2025 14:45:23 UTC] [CHECK] Function "tutor_get_course_by_enrollment" exists? NO
[14-Jul-2025 14:45:23 UTC] [DEBUG] Function tutor_enroll_a_student: NOT FOUND
[14-Jul-2025 14:45:23 UTC] [DEBUG] Function tutor_utils: EXISTS
[14-Jul-2025 14:45:23 UTC] [DEBUG] Function tutor_get_course_id_by_lesson: NOT FOUND
[14-Jul-2025 14:45:23 UTC] [DEBUG] Function tutor_is_enrolled: NOT FOUND
[14-Jul-2025 14:45:23 UTC] [DEBUG] Tutor LMS plugin active: YES
[14-Jul-2025 14:45:23 UTC] [DEBUG] Tutor enrollments table exists: NO
[14-Jul-2025 14:45:24 UTC] [CHECK] Function "tutor_enroll_a_student" exists? NO
[14-Jul-2025 14:45:24 UTC] [CHECK] Function "tutor_utils" exists? YES
[14-Jul-2025 14:45:24 UTC] [CHECK] Function "tutor" exists? YES
[14-Jul-2025 14:45:24 UTC] [CHECK] Function "tutor_get_course_by_enrollment" exists? NO
[14-Jul-2025 14:45:25 UTC] [DEBUG] Function tutor_enroll_a_student: NOT FOUND
[14-Jul-2025 14:45:25 UTC] [DEBUG] Function tutor_utils: EXISTS
[14-Jul-2025 14:45:25 UTC] [DEBUG] Function tutor_get_course_id_by_lesson: NOT FOUND
[14-Jul-2025 14:45:25 UTC] [DEBUG] Function tutor_is_enrolled: NOT FOUND
[14-Jul-2025 14:45:25 UTC] [DEBUG] Tutor LMS plugin active: YES
[14-Jul-2025 14:45:25 UTC] [DEBUG] Tutor enrollments table exists: NO
[14-Jul-2025 14:45:31 UTC] PHP Notice:  Function _load_textdomain_just_in_time was called <strong>incorrectly</strong>. Translation loading for the <code>happyforms</code> domain was triggered too early. This is usually an indicator for some code in the plugin or theme running too early. Translations should be loaded at the <code>init</code> action or later. Please see <a href="https://developer.wordpress.org/advanced-administration/debug/debug-wordpress/">Debugging in WordPress</a> for more information. (This message was added in version 6.7.0.) in /var/www/html/wp-includes/functions.php on line 6121
[14-Jul-2025 14:45:38 UTC] [CHECK] Function "tutor_enroll_a_student" exists? NO
[14-Jul-2025 14:45:38 UTC] [CHECK] Function "tutor_utils" exists? YES
[14-Jul-2025 14:45:38 UTC] [CHECK] Function "tutor" exists? YES
[14-Jul-2025 14:45:38 UTC] [CHECK] Function "tutor_get_course_by_enrollment" exists? NO
[14-Jul-2025 14:45:46 UTC] PHP Notice:  Function _load_textdomain_just_in_time was called <strong>incorrectly</strong>. Translation loading for the <code>happyforms</code> domain was triggered too early. This is usually an indicator for some code in the plugin or theme running too early. Translations should be loaded at the <code>init</code> action or later. Please see <a href="https://developer.wordpress.org/advanced-administration/debug/debug-wordpress/">Debugging in WordPress</a> for more information. (This message was added in version 6.7.0.) in /var/www/html/wp-includes/functions.php on line 6121
[14-Jul-2025 14:45:51 UTC] [CHECK] Function "tutor_enroll_a_student" exists? NO
[14-Jul-2025 14:45:51 UTC] [CHECK] Function "tutor_utils" exists? YES
[14-Jul-2025 14:45:51 UTC] [CHECK] Function "tutor" exists? YES
[14-Jul-2025 14:45:51 UTC] [CHECK] Function "tutor_get_course_by_enrollment" exists? NO
[14-Jul-2025 14:46:30 UTC] PHP Notice:  Function _load_textdomain_just_in_time was called <strong>incorrectly</strong>. Translation loading for the <code>happyforms</code> domain was triggered too early. This is usually an indicator for some code in the plugin or theme running too early. Translations should be loaded at the <code>init</code> action or later. Please see <a href="https://developer.wordpress.org/advanced-administration/debug/debug-wordpress/">Debugging in WordPress</a> for more information. (This message was added in version 6.7.0.) in /var/www/html/wp-includes/functions.php on line 6121
[14-Jul-2025 14:46:38 UTC] [CHECK] Function "tutor_enroll_a_student" exists? NO
[14-Jul-2025 14:46:38 UTC] [CHECK] Function "tutor_utils" exists? YES
[14-Jul-2025 14:46:38 UTC] [CHECK] Function "tutor" exists? YES
[14-Jul-2025 14:46:38 UTC] [CHECK] Function "tutor_get_course_by_enrollment" exists? NO
[14-Jul-2025 14:47:01 UTC] PHP Notice:  Function _load_textdomain_just_in_time was called <strong>incorrectly</strong>. Translation loading for the <code>happyforms</code> domain was triggered too early. This is usually an indicator for some code in the plugin or theme running too early. Translations should be loaded at the <code>init</code> action or later. Please see <a href="https://developer.wordpress.org/advanced-administration/debug/debug-wordpress/">Debugging in WordPress</a> for more information. (This message was added in version 6.7.0.) in /var/www/html/wp-includes/functions.php on line 6121
[14-Jul-2025 14:47:06 UTC] PHP Notice:  Function _load_textdomain_just_in_time was called <strong>incorrectly</strong>. Translation loading for the <code>happyforms</code> domain was triggered too early. This is usually an indicator for some code in the plugin or theme running too early. Translations should be loaded at the <code>init</code> action or later. Please see <a href="https://developer.wordpress.org/advanced-administration/debug/debug-wordpress/">Debugging in WordPress</a> for more information. (This message was added in version 6.7.0.) in /var/www/html/wp-includes/functions.php on line 6121
[14-Jul-2025 14:47:07 UTC] [CHECK] Function "tutor_enroll_a_student" exists? NO
[14-Jul-2025 14:47:07 UTC] [CHECK] Function "tutor_utils" exists? YES
[14-Jul-2025 14:47:07 UTC] [CHECK] Function "tutor" exists? YES
[14-Jul-2025 14:47:07 UTC] [CHECK] Function "tutor_get_course_by_enrollment" exists? NO
[14-Jul-2025 14:47:55 UTC] PHP Notice:  Function _load_textdomain_just_in_time was called <strong>incorrectly</strong>. Translation loading for the <code>happyforms</code> domain was triggered too early. This is usually an indicator for some code in the plugin or theme running too early. Translations should be loaded at the <code>init</code> action or later. Please see <a href="https://developer.wordpress.org/advanced-administration/debug/debug-wordpress/">Debugging in WordPress</a> for more information. (This message was added in version 6.7.0.) in /var/www/html/wp-includes/functions.php on line 6121
[14-Jul-2025 14:48:31 UTC] PHP Notice:  Function _load_textdomain_just_in_time was called <strong>incorrectly</strong>. Translation loading for the <code>happyforms</code> domain was triggered too early. This is usually an indicator for some code in the plugin or theme running too early. Translations should be loaded at the <code>init</code> action or later. Please see <a href="https://developer.wordpress.org/advanced-administration/debug/debug-wordpress/">Debugging in WordPress</a> for more information. (This message was added in version 6.7.0.) in /var/www/html/wp-includes/functions.php on line 6121
[14-Jul-2025 14:48:38 UTC] [CHECK] Function "tutor_enroll_a_student" exists? NO
[14-Jul-2025 14:48:38 UTC] [CHECK] Function "tutor_utils" exists? YES
[14-Jul-2025 14:48:38 UTC] [CHECK] Function "tutor" exists? YES
[14-Jul-2025 14:48:38 UTC] [CHECK] Function "tutor_get_course_by_enrollment" exists? NO
[14-Jul-2025 14:50:14 UTC] PHP Notice:  Function _load_textdomain_just_in_time was called <strong>incorrectly</strong>. Translation loading for the <code>happyforms</code> domain was triggered too early. This is usually an indicator for some code in the plugin or theme running too early. Translations should be loaded at the <code>init</code> action or later. Please see <a href="https://developer.wordpress.org/advanced-administration/debug/debug-wordpress/">Debugging in WordPress</a> for more information. (This message was added in version 6.7.0.) in /var/www/html/wp-includes/functions.php on line 6121
[14-Jul-2025 14:50:19 UTC] PHP Notice:  Function _load_textdomain_just_in_time was called <strong>incorrectly</strong>. Translation loading for the <code>happyforms</code> domain was triggered too early. This is usually an indicator for some code in the plugin or theme running too early. Translations should be loaded at the <code>init</code> action or later. Please see <a href="https://developer.wordpress.org/advanced-administration/debug/debug-wordpress/">Debugging in WordPress</a> for more information. (This message was added in version 6.7.0.) in /var/www/html/wp-includes/functions.php on line 6121
[14-Jul-2025 14:50:20 UTC] [CHECK] Function "tutor_enroll_a_student" exists? NO
[14-Jul-2025 14:50:20 UTC] [CHECK] Function "tutor_utils" exists? YES
[14-Jul-2025 14:50:20 UTC] [CHECK] Function "tutor" exists? YES
[14-Jul-2025 14:50:20 UTC] [CHECK] Function "tutor_get_course_by_enrollment" exists? NO
[14-Jul-2025 14:50:23 UTC] PHP Notice:  Function _load_textdomain_just_in_time was called <strong>incorrectly</strong>. Translation loading for the <code>happyforms</code> domain was triggered too early. This is usually an indicator for some code in the plugin or theme running too early. Translations should be loaded at the <code>init</code> action or later. Please see <a href="https://developer.wordpress.org/advanced-administration/debug/debug-wordpress/">Debugging in WordPress</a> for more information. (This message was added in version 6.7.0.) in /var/www/html/wp-includes/functions.php on line 6121
[14-Jul-2025 14:50:23 UTC] [CHECK] Function "tutor_enroll_a_student" exists? NO
[14-Jul-2025 14:50:23 UTC] [CHECK] Function "tutor_utils" exists? YES
[14-Jul-2025 14:50:23 UTC] [CHECK] Function "tutor" exists? YES
[14-Jul-2025 14:50:23 UTC] [CHECK] Function "tutor_get_course_by_enrollment" exists? NO
[14-Jul-2025 14:50:29 UTC] [CHECK] Function "tutor_enroll_a_student" exists? NO
[14-Jul-2025 14:50:29 UTC] [CHECK] Function "tutor_utils" exists? YES
[14-Jul-2025 14:50:29 UTC] [CHECK] Function "tutor" exists? YES
[14-Jul-2025 14:50:29 UTC] [CHECK] Function "tutor_get_course_by_enrollment" exists? NO
[14-Jul-2025 14:51:28 UTC] PHP Notice:  Function _load_textdomain_just_in_time was called <strong>incorrectly</strong>. Translation loading for the <code>happyforms</code> domain was triggered too early. This is usually an indicator for some code in the plugin or theme running too early. Translations should be loaded at the <code>init</code> action or later. Please see <a href="https://developer.wordpress.org/advanced-administration/debug/debug-wordpress/">Debugging in WordPress</a> for more information. (This message was added in version 6.7.0.) in /var/www/html/wp-includes/functions.php on line 6121
[14-Jul-2025 14:51:28 UTC] PHP Notice:  Function _load_textdomain_just_in_time was called <strong>incorrectly</strong>. Translation loading for the <code>happyforms</code> domain was triggered too early. This is usually an indicator for some code in the plugin or theme running too early. Translations should be loaded at the <code>init</code> action or later. Please see <a href="https://developer.wordpress.org/advanced-administration/debug/debug-wordpress/">Debugging in WordPress</a> for more information. (This message was added in version 6.7.0.) in /var/www/html/wp-includes/functions.php on line 6121
[14-Jul-2025 14:51:29 UTC] [CHECK] Function "tutor_enroll_a_student" exists? NO
[14-Jul-2025 14:51:29 UTC] [CHECK] Function "tutor_utils" exists? YES
[14-Jul-2025 14:51:29 UTC] [CHECK] Function "tutor" exists? YES
[14-Jul-2025 14:51:29 UTC] [CHECK] Function "tutor_get_course_by_enrollment" exists? NO
[14-Jul-2025 14:51:30 UTC] [CHECK] Function "tutor_enroll_a_student" exists? NO
[14-Jul-2025 14:51:30 UTC] [CHECK] Function "tutor_utils" exists? YES
[14-Jul-2025 14:51:31 UTC] [CHECK] Function "tutor" exists? YES
[14-Jul-2025 14:51:31 UTC] [CHECK] Function "tutor_get_course_by_enrollment" exists? NO
[14-Jul-2025 14:53:32 UTC] PHP Notice:  Function _load_textdomain_just_in_time was called <strong>incorrectly</strong>. Translation loading for the <code>happyforms</code> domain was triggered too early. This is usually an indicator for some code in the plugin or theme running too early. Translations should be loaded at the <code>init</code> action or later. Please see <a href="https://developer.wordpress.org/advanced-administration/debug/debug-wordpress/">Debugging in WordPress</a> for more information. (This message was added in version 6.7.0.) in /var/www/html/wp-includes/functions.php on line 6121
[14-Jul-2025 14:53:36 UTC] [CHECK] Function "tutor_enroll_a_student" exists? NO
[14-Jul-2025 14:53:36 UTC] [CHECK] Function "tutor_utils" exists? YES
[14-Jul-2025 14:53:36 UTC] [CHECK] Function "tutor" exists? YES
[14-Jul-2025 14:53:36 UTC] [CHECK] Function "tutor_get_course_by_enrollment" exists? NO
[14-Jul-2025 14:55:14 UTC] PHP Notice:  Function _load_textdomain_just_in_time was called <strong>incorrectly</strong>. Translation loading for the <code>happyforms</code> domain was triggered too early. This is usually an indicator for some code in the plugin or theme running too early. Translations should be loaded at the <code>init</code> action or later. Please see <a href="https://developer.wordpress.org/advanced-administration/debug/debug-wordpress/">Debugging in WordPress</a> for more information. (This message was added in version 6.7.0.) in /var/www/html/wp-includes/functions.php on line 6121
[14-Jul-2025 14:55:21 UTC] [CHECK] Function "tutor_enroll_a_student" exists? NO
[14-Jul-2025 14:55:21 UTC] [CHECK] Function "tutor_utils" exists? YES
[14-Jul-2025 14:55:21 UTC] [CHECK] Function "tutor" exists? YES
[14-Jul-2025 14:55:21 UTC] [CHECK] Function "tutor_get_course_by_enrollment" exists? NO
[17-Jul-2025 03:48:23 UTC] PHP Notice:  Function _load_textdomain_just_in_time was called <strong>incorrectly</strong>. Translation loading for the <code>happyforms</code> domain was triggered too early. This is usually an indicator for some code in the plugin or theme running too early. Translations should be loaded at the <code>init</code> action or later. Please see <a href="https://developer.wordpress.org/advanced-administration/debug/debug-wordpress/">Debugging in WordPress</a> for more information. (This message was added in version 6.7.0.) in /var/www/html/wp-includes/functions.php on line 6121
[17-Jul-2025 03:49:31 UTC] [CHECK] Function "tutor_enroll_a_student" exists? NO
[17-Jul-2025 03:49:31 UTC] [CHECK] Function "tutor_utils" exists? YES
[17-Jul-2025 03:49:31 UTC] [CHECK] Function "tutor" exists? YES
[17-Jul-2025 03:49:31 UTC] [CHECK] Function "tutor_get_course_by_enrollment" exists? NO
[17-Jul-2025 03:49:42 UTC] PHP Warning:  wp_update_plugins(): An unexpected error occurred. Something may be wrong with WordPress.org or this server&#8217;s configuration. If you continue to have problems, please try the <a href="https://wordpress.org/support/forums/">support forums</a>. (WordPress could not establish a secure connection to WordPress.org. Please contact your server administrator.) in /var/www/html/wp-includes/functions.php on line 6121
[17-Jul-2025 03:49:48 UTC] PHP Warning:  wp_update_themes(): An unexpected error occurred. Something may be wrong with WordPress.org or this server&#8217;s configuration. If you continue to have problems, please try the <a href="https://wordpress.org/support/forums/">support forums</a>. (WordPress could not establish a secure connection to WordPress.org. Please contact your server administrator.) in /var/www/html/wp-includes/functions.php on line 6121
[17-Jul-2025 03:50:12 UTC] PHP Notice:  Function _load_textdomain_just_in_time was called <strong>incorrectly</strong>. Translation loading for the <code>happyforms</code> domain was triggered too early. This is usually an indicator for some code in the plugin or theme running too early. Translations should be loaded at the <code>init</code> action or later. Please see <a href="https://developer.wordpress.org/advanced-administration/debug/debug-wordpress/">Debugging in WordPress</a> for more information. (This message was added in version 6.7.0.) in /var/www/html/wp-includes/functions.php on line 6121
[17-Jul-2025 03:50:26 UTC] [CHECK] Function "tutor_enroll_a_student" exists? NO
[17-Jul-2025 03:50:26 UTC] [CHECK] Function "tutor_utils" exists? YES
[17-Jul-2025 03:50:26 UTC] [CHECK] Function "tutor" exists? YES
[17-Jul-2025 03:50:26 UTC] [CHECK] Function "tutor_get_course_by_enrollment" exists? NO
[17-Jul-2025 03:50:26 UTC] [DEBUG] Function tutor_enroll_a_student: NOT FOUND
[17-Jul-2025 03:50:26 UTC] [DEBUG] Function tutor_utils: EXISTS
[17-Jul-2025 03:50:26 UTC] [DEBUG] Function tutor_get_course_id_by_lesson: NOT FOUND
[17-Jul-2025 03:50:26 UTC] [DEBUG] Function tutor_is_enrolled: NOT FOUND
[17-Jul-2025 03:50:26 UTC] [DEBUG] Tutor LMS plugin active: YES
[17-Jul-2025 03:50:26 UTC] [DEBUG] Tutor enrollments table exists: NO
[17-Jul-2025 03:52:12 UTC] PHP Notice:  Function _load_textdomain_just_in_time was called <strong>incorrectly</strong>. Translation loading for the <code>happyforms</code> domain was triggered too early. This is usually an indicator for some code in the plugin or theme running too early. Translations should be loaded at the <code>init</code> action or later. Please see <a href="https://developer.wordpress.org/advanced-administration/debug/debug-wordpress/">Debugging in WordPress</a> for more information. (This message was added in version 6.7.0.) in /var/www/html/wp-includes/functions.php on line 6121
[17-Jul-2025 03:52:17 UTC] [CHECK] Function "tutor_enroll_a_student" exists? NO
[17-Jul-2025 03:52:17 UTC] [CHECK] Function "tutor_utils" exists? YES
[17-Jul-2025 03:52:17 UTC] [CHECK] Function "tutor" exists? YES
[17-Jul-2025 03:52:17 UTC] [CHECK] Function "tutor_get_course_by_enrollment" exists? NO
[17-Jul-2025 03:54:14 UTC] PHP Notice:  Function _load_textdomain_just_in_time was called <strong>incorrectly</strong>. Translation loading for the <code>happyforms</code> domain was triggered too early. This is usually an indicator for some code in the plugin or theme running too early. Translations should be loaded at the <code>init</code> action or later. Please see <a href="https://developer.wordpress.org/advanced-administration/debug/debug-wordpress/">Debugging in WordPress</a> for more information. (This message was added in version 6.7.0.) in /var/www/html/wp-includes/functions.php on line 6121
[17-Jul-2025 03:54:27 UTC] [CHECK] Function "tutor_enroll_a_student" exists? NO
[17-Jul-2025 03:54:27 UTC] [CHECK] Function "tutor_utils" exists? YES
[17-Jul-2025 03:54:27 UTC] [CHECK] Function "tutor" exists? YES
[17-Jul-2025 03:54:27 UTC] [CHECK] Function "tutor_get_course_by_enrollment" exists? NO
[17-Jul-2025 03:55:39 UTC] PHP Notice:  Function _load_textdomain_just_in_time was called <strong>incorrectly</strong>. Translation loading for the <code>happyforms</code> domain was triggered too early. This is usually an indicator for some code in the plugin or theme running too early. Translations should be loaded at the <code>init</code> action or later. Please see <a href="https://developer.wordpress.org/advanced-administration/debug/debug-wordpress/">Debugging in WordPress</a> for more information. (This message was added in version 6.7.0.) in /var/www/html/wp-includes/functions.php on line 6121
[17-Jul-2025 03:55:39 UTC] PHP Notice:  Function _load_textdomain_just_in_time was called <strong>incorrectly</strong>. Translation loading for the <code>happyforms</code> domain was triggered too early. This is usually an indicator for some code in the plugin or theme running too early. Translations should be loaded at the <code>init</code> action or later. Please see <a href="https://developer.wordpress.org/advanced-administration/debug/debug-wordpress/">Debugging in WordPress</a> for more information. (This message was added in version 6.7.0.) in /var/www/html/wp-includes/functions.php on line 6121
[17-Jul-2025 03:55:44 UTC] [CHECK] Function "tutor_enroll_a_student" exists? NO
[17-Jul-2025 03:55:44 UTC] [CHECK] Function "tutor_utils" exists? YES
[17-Jul-2025 03:55:44 UTC] [CHECK] Function "tutor" exists? YES
[17-Jul-2025 03:55:44 UTC] [CHECK] Function "tutor_get_course_by_enrollment" exists? NO
[17-Jul-2025 03:55:45 UTC] [CHECK] Function "tutor_enroll_a_student" exists? NO
[17-Jul-2025 03:55:45 UTC] [CHECK] Function "tutor_utils" exists? YES
[17-Jul-2025 03:55:45 UTC] [CHECK] Function "tutor" exists? YES
[17-Jul-2025 03:55:45 UTC] [CHECK] Function "tutor_get_course_by_enrollment" exists? NO
[17-Jul-2025 03:57:29 UTC] PHP Notice:  Function _load_textdomain_just_in_time was called <strong>incorrectly</strong>. Translation loading for the <code>happyforms</code> domain was triggered too early. This is usually an indicator for some code in the plugin or theme running too early. Translations should be loaded at the <code>init</code> action or later. Please see <a href="https://developer.wordpress.org/advanced-administration/debug/debug-wordpress/">Debugging in WordPress</a> for more information. (This message was added in version 6.7.0.) in /var/www/html/wp-includes/functions.php on line 6121
[17-Jul-2025 03:57:32 UTC] PHP Notice:  Function _load_textdomain_just_in_time was called <strong>incorrectly</strong>. Translation loading for the <code>happyforms</code> domain was triggered too early. This is usually an indicator for some code in the plugin or theme running too early. Translations should be loaded at the <code>init</code> action or later. Please see <a href="https://developer.wordpress.org/advanced-administration/debug/debug-wordpress/">Debugging in WordPress</a> for more information. (This message was added in version 6.7.0.) in /var/www/html/wp-includes/functions.php on line 6121
[17-Jul-2025 03:57:34 UTC] [CHECK] Function "tutor_enroll_a_student" exists? NO
[17-Jul-2025 03:57:34 UTC] [CHECK] Function "tutor_utils" exists? YES
[17-Jul-2025 03:57:34 UTC] [CHECK] Function "tutor" exists? YES
[17-Jul-2025 03:57:34 UTC] [CHECK] Function "tutor_get_course_by_enrollment" exists? NO
[17-Jul-2025 03:57:40 UTC] [CHECK] Function "tutor_enroll_a_student" exists? NO
[17-Jul-2025 03:57:40 UTC] [CHECK] Function "tutor_utils" exists? YES
[17-Jul-2025 03:57:40 UTC] [CHECK] Function "tutor" exists? YES
[17-Jul-2025 03:57:40 UTC] [CHECK] Function "tutor_get_course_by_enrollment" exists? NO
[17-Jul-2025 03:59:33 UTC] PHP Notice:  Function _load_textdomain_just_in_time was called <strong>incorrectly</strong>. Translation loading for the <code>happyforms</code> domain was triggered too early. This is usually an indicator for some code in the plugin or theme running too early. Translations should be loaded at the <code>init</code> action or later. Please see <a href="https://developer.wordpress.org/advanced-administration/debug/debug-wordpress/">Debugging in WordPress</a> for more information. (This message was added in version 6.7.0.) in /var/www/html/wp-includes/functions.php on line 6121
[17-Jul-2025 03:59:44 UTC] [CHECK] Function "tutor_enroll_a_student" exists? NO
[17-Jul-2025 03:59:44 UTC] [CHECK] Function "tutor_utils" exists? YES
[17-Jul-2025 03:59:44 UTC] [CHECK] Function "tutor" exists? YES
[17-Jul-2025 03:59:44 UTC] [CHECK] Function "tutor_get_course_by_enrollment" exists? NO
[17-Jul-2025 04:00:26 UTC] PHP Notice:  Function _load_textdomain_just_in_time was called <strong>incorrectly</strong>. Translation loading for the <code>happyforms</code> domain was triggered too early. This is usually an indicator for some code in the plugin or theme running too early. Translations should be loaded at the <code>init</code> action or later. Please see <a href="https://developer.wordpress.org/advanced-administration/debug/debug-wordpress/">Debugging in WordPress</a> for more information. (This message was added in version 6.7.0.) in /var/www/html/wp-includes/functions.php on line 6121
[17-Jul-2025 04:00:41 UTC] [CHECK] Function "tutor_enroll_a_student" exists? NO
[17-Jul-2025 04:00:41 UTC] [CHECK] Function "tutor_utils" exists? YES
[17-Jul-2025 04:00:41 UTC] [CHECK] Function "tutor" exists? YES
[17-Jul-2025 04:00:41 UTC] [CHECK] Function "tutor_get_course_by_enrollment" exists? NO
[17-Jul-2025 04:00:55 UTC] PHP Notice:  Function _load_textdomain_just_in_time was called <strong>incorrectly</strong>. Translation loading for the <code>happyforms</code> domain was triggered too early. This is usually an indicator for some code in the plugin or theme running too early. Translations should be loaded at the <code>init</code> action or later. Please see <a href="https://developer.wordpress.org/advanced-administration/debug/debug-wordpress/">Debugging in WordPress</a> for more information. (This message was added in version 6.7.0.) in /var/www/html/wp-includes/functions.php on line 6121
[17-Jul-2025 04:00:58 UTC] PHP Notice:  Function _load_textdomain_just_in_time was called <strong>incorrectly</strong>. Translation loading for the <code>happyforms</code> domain was triggered too early. This is usually an indicator for some code in the plugin or theme running too early. Translations should be loaded at the <code>init</code> action or later. Please see <a href="https://developer.wordpress.org/advanced-administration/debug/debug-wordpress/">Debugging in WordPress</a> for more information. (This message was added in version 6.7.0.) in /var/www/html/wp-includes/functions.php on line 6121
[17-Jul-2025 04:00:59 UTC] [CHECK] Function "tutor_enroll_a_student" exists? NO
[17-Jul-2025 04:01:00 UTC] [CHECK] Function "tutor_utils" exists? YES
[17-Jul-2025 04:01:00 UTC] [CHECK] Function "tutor" exists? YES
[17-Jul-2025 04:01:00 UTC] [CHECK] Function "tutor_get_course_by_enrollment" exists? NO
[17-Jul-2025 04:01:02 UTC] [CHECK] Function "tutor_enroll_a_student" exists? NO
[17-Jul-2025 04:01:02 UTC] [CHECK] Function "tutor_utils" exists? YES
[17-Jul-2025 04:01:02 UTC] [CHECK] Function "tutor" exists? YES
[17-Jul-2025 04:01:02 UTC] [CHECK] Function "tutor_get_course_by_enrollment" exists? NO
[17-Jul-2025 04:01:03 UTC] PHP Notice:  Function _load_textdomain_just_in_time was called <strong>incorrectly</strong>. Translation loading for the <code>happyforms</code> domain was triggered too early. This is usually an indicator for some code in the plugin or theme running too early. Translations should be loaded at the <code>init</code> action or later. Please see <a href="https://developer.wordpress.org/advanced-administration/debug/debug-wordpress/">Debugging in WordPress</a> for more information. (This message was added in version 6.7.0.) in /var/www/html/wp-includes/functions.php on line 6121
[17-Jul-2025 04:01:08 UTC] PHP Notice:  Function _load_textdomain_just_in_time was called <strong>incorrectly</strong>. Translation loading for the <code>happyforms</code> domain was triggered too early. This is usually an indicator for some code in the plugin or theme running too early. Translations should be loaded at the <code>init</code> action or later. Please see <a href="https://developer.wordpress.org/advanced-administration/debug/debug-wordpress/">Debugging in WordPress</a> for more information. (This message was added in version 6.7.0.) in /var/www/html/wp-includes/functions.php on line 6121
[17-Jul-2025 04:01:08 UTC] PHP Notice:  Function _load_textdomain_just_in_time was called <strong>incorrectly</strong>. Translation loading for the <code>happyforms</code> domain was triggered too early. This is usually an indicator for some code in the plugin or theme running too early. Translations should be loaded at the <code>init</code> action or later. Please see <a href="https://developer.wordpress.org/advanced-administration/debug/debug-wordpress/">Debugging in WordPress</a> for more information. (This message was added in version 6.7.0.) in /var/www/html/wp-includes/functions.php on line 6121
[17-Jul-2025 04:01:09 UTC] [CHECK] Function "tutor_enroll_a_student" exists? NO
[17-Jul-2025 04:01:09 UTC] [CHECK] Function "tutor_utils" exists? YES
[17-Jul-2025 04:01:09 UTC] [CHECK] Function "tutor" exists? YES
[17-Jul-2025 04:01:09 UTC] [CHECK] Function "tutor_get_course_by_enrollment" exists? NO
[17-Jul-2025 04:01:10 UTC] [CHECK] Function "tutor_enroll_a_student" exists? NO
[17-Jul-2025 04:01:10 UTC] [CHECK] Function "tutor_utils" exists? YES
[17-Jul-2025 04:01:10 UTC] [CHECK] Function "tutor" exists? YES
[17-Jul-2025 04:01:10 UTC] [CHECK] Function "tutor_get_course_by_enrollment" exists? NO
[17-Jul-2025 04:01:11 UTC] [CHECK] Function "tutor_enroll_a_student" exists? NO
[17-Jul-2025 04:01:11 UTC] [CHECK] Function "tutor_utils" exists? YES
[17-Jul-2025 04:01:11 UTC] [CHECK] Function "tutor" exists? YES
[17-Jul-2025 04:01:11 UTC] [CHECK] Function "tutor_get_course_by_enrollment" exists? NO
[17-Jul-2025 04:01:12 UTC] PHP Notice:  Function _load_textdomain_just_in_time was called <strong>incorrectly</strong>. Translation loading for the <code>happyforms</code> domain was triggered too early. This is usually an indicator for some code in the plugin or theme running too early. Translations should be loaded at the <code>init</code> action or later. Please see <a href="https://developer.wordpress.org/advanced-administration/debug/debug-wordpress/">Debugging in WordPress</a> for more information. (This message was added in version 6.7.0.) in /var/www/html/wp-includes/functions.php on line 6121
[17-Jul-2025 04:01:12 UTC] PHP Notice:  Function _load_textdomain_just_in_time was called <strong>incorrectly</strong>. Translation loading for the <code>happyforms</code> domain was triggered too early. This is usually an indicator for some code in the plugin or theme running too early. Translations should be loaded at the <code>init</code> action or later. Please see <a href="https://developer.wordpress.org/advanced-administration/debug/debug-wordpress/">Debugging in WordPress</a> for more information. (This message was added in version 6.7.0.) in /var/www/html/wp-includes/functions.php on line 6121
[17-Jul-2025 04:01:13 UTC] [CHECK] Function "tutor_enroll_a_student" exists? NO
[17-Jul-2025 04:01:14 UTC] [CHECK] Function "tutor_utils" exists? YES
[17-Jul-2025 04:01:14 UTC] [CHECK] Function "tutor" exists? YES
[17-Jul-2025 04:01:14 UTC] [CHECK] Function "tutor_get_course_by_enrollment" exists? NO
[17-Jul-2025 04:01:19 UTC] [CHECK] Function "tutor_enroll_a_student" exists? NO
[17-Jul-2025 04:01:19 UTC] [CHECK] Function "tutor_utils" exists? YES
[17-Jul-2025 04:01:19 UTC] [CHECK] Function "tutor" exists? YES
[17-Jul-2025 04:01:19 UTC] [CHECK] Function "tutor_get_course_by_enrollment" exists? NO
[17-Jul-2025 04:01:47 UTC] PHP Notice:  Function _load_textdomain_just_in_time was called <strong>incorrectly</strong>. Translation loading for the <code>happyforms</code> domain was triggered too early. This is usually an indicator for some code in the plugin or theme running too early. Translations should be loaded at the <code>init</code> action or later. Please see <a href="https://developer.wordpress.org/advanced-administration/debug/debug-wordpress/">Debugging in WordPress</a> for more information. (This message was added in version 6.7.0.) in /var/www/html/wp-includes/functions.php on line 6121
[17-Jul-2025 04:01:54 UTC] [CHECK] Function "tutor_enroll_a_student" exists? NO
[17-Jul-2025 04:01:54 UTC] [CHECK] Function "tutor_utils" exists? YES
[17-Jul-2025 04:01:54 UTC] [CHECK] Function "tutor" exists? YES
[17-Jul-2025 04:01:54 UTC] [CHECK] Function "tutor_get_course_by_enrollment" exists? NO
[17-Jul-2025 04:02:09 UTC] PHP Notice:  Function _load_textdomain_just_in_time was called <strong>incorrectly</strong>. Translation loading for the <code>happyforms</code> domain was triggered too early. This is usually an indicator for some code in the plugin or theme running too early. Translations should be loaded at the <code>init</code> action or later. Please see <a href="https://developer.wordpress.org/advanced-administration/debug/debug-wordpress/">Debugging in WordPress</a> for more information. (This message was added in version 6.7.0.) in /var/www/html/wp-includes/functions.php on line 6121
[17-Jul-2025 04:02:15 UTC] PHP Notice:  Function _load_textdomain_just_in_time was called <strong>incorrectly</strong>. Translation loading for the <code>happyforms</code> domain was triggered too early. This is usually an indicator for some code in the plugin or theme running too early. Translations should be loaded at the <code>init</code> action or later. Please see <a href="https://developer.wordpress.org/advanced-administration/debug/debug-wordpress/">Debugging in WordPress</a> for more information. (This message was added in version 6.7.0.) in /var/www/html/wp-includes/functions.php on line 6121
[17-Jul-2025 04:02:15 UTC] [CHECK] Function "tutor_enroll_a_student" exists? NO
[17-Jul-2025 04:02:15 UTC] [CHECK] Function "tutor_utils" exists? YES
[17-Jul-2025 04:02:15 UTC] [CHECK] Function "tutor" exists? YES
[17-Jul-2025 04:02:15 UTC] [CHECK] Function "tutor_get_course_by_enrollment" exists? NO
[17-Jul-2025 04:02:21 UTC] [CHECK] Function "tutor_enroll_a_student" exists? NO
[17-Jul-2025 04:02:21 UTC] [CHECK] Function "tutor_utils" exists? YES
[17-Jul-2025 04:02:21 UTC] [CHECK] Function "tutor" exists? YES
[17-Jul-2025 04:02:21 UTC] [CHECK] Function "tutor_get_course_by_enrollment" exists? NO
[17-Jul-2025 04:02:57 UTC] PHP Notice:  Function _load_textdomain_just_in_time was called <strong>incorrectly</strong>. Translation loading for the <code>happyforms</code> domain was triggered too early. This is usually an indicator for some code in the plugin or theme running too early. Translations should be loaded at the <code>init</code> action or later. Please see <a href="https://developer.wordpress.org/advanced-administration/debug/debug-wordpress/">Debugging in WordPress</a> for more information. (This message was added in version 6.7.0.) in /var/www/html/wp-includes/functions.php on line 6121
[17-Jul-2025 04:03:09 UTC] [CHECK] Function "tutor_enroll_a_student" exists? NO
[17-Jul-2025 04:03:09 UTC] [CHECK] Function "tutor_utils" exists? YES
[17-Jul-2025 04:03:09 UTC] [CHECK] Function "tutor" exists? YES
[17-Jul-2025 04:03:09 UTC] [CHECK] Function "tutor_get_course_by_enrollment" exists? NO
[17-Jul-2025 04:03:11 UTC] PHP Notice:  Function _load_textdomain_just_in_time was called <strong>incorrectly</strong>. Translation loading for the <code>happyforms</code> domain was triggered too early. This is usually an indicator for some code in the plugin or theme running too early. Translations should be loaded at the <code>init</code> action or later. Please see <a href="https://developer.wordpress.org/advanced-administration/debug/debug-wordpress/">Debugging in WordPress</a> for more information. (This message was added in version 6.7.0.) in /var/www/html/wp-includes/functions.php on line 6121
[17-Jul-2025 04:04:14 UTC] PHP Notice:  Function _load_textdomain_just_in_time was called <strong>incorrectly</strong>. Translation loading for the <code>happyforms</code> domain was triggered too early. This is usually an indicator for some code in the plugin or theme running too early. Translations should be loaded at the <code>init</code> action or later. Please see <a href="https://developer.wordpress.org/advanced-administration/debug/debug-wordpress/">Debugging in WordPress</a> for more information. (This message was added in version 6.7.0.) in /var/www/html/wp-includes/functions.php on line 6121
[17-Jul-2025 04:04:24 UTC] [CHECK] Function "tutor_enroll_a_student" exists? NO
[17-Jul-2025 04:04:24 UTC] [CHECK] Function "tutor_utils" exists? YES
[17-Jul-2025 04:04:24 UTC] [CHECK] Function "tutor" exists? YES
[17-Jul-2025 04:04:24 UTC] [CHECK] Function "tutor_get_course_by_enrollment" exists? NO
[17-Jul-2025 04:04:25 UTC] [CHECK] Function "tutor_enroll_a_student" exists? NO
[17-Jul-2025 04:04:25 UTC] [CHECK] Function "tutor_utils" exists? YES
[17-Jul-2025 04:04:25 UTC] [CHECK] Function "tutor" exists? YES
[17-Jul-2025 04:04:25 UTC] [CHECK] Function "tutor_get_course_by_enrollment" exists? NO
[17-Jul-2025 04:04:27 UTC] PHP Notice:  Function _load_textdomain_just_in_time was called <strong>incorrectly</strong>. Translation loading for the <code>happyforms</code> domain was triggered too early. This is usually an indicator for some code in the plugin or theme running too early. Translations should be loaded at the <code>init</code> action or later. Please see <a href="https://developer.wordpress.org/advanced-administration/debug/debug-wordpress/">Debugging in WordPress</a> for more information. (This message was added in version 6.7.0.) in /var/www/html/wp-includes/functions.php on line 6121
[17-Jul-2025 04:04:34 UTC] [CHECK] Function "tutor_enroll_a_student" exists? NO
[17-Jul-2025 04:04:34 UTC] [CHECK] Function "tutor_utils" exists? YES
[17-Jul-2025 04:04:34 UTC] [CHECK] Function "tutor" exists? YES
[17-Jul-2025 04:04:34 UTC] [CHECK] Function "tutor_get_course_by_enrollment" exists? NO
[17-Jul-2025 04:05:12 UTC] PHP Notice:  Function _load_textdomain_just_in_time was called <strong>incorrectly</strong>. Translation loading for the <code>happyforms</code> domain was triggered too early. This is usually an indicator for some code in the plugin or theme running too early. Translations should be loaded at the <code>init</code> action or later. Please see <a href="https://developer.wordpress.org/advanced-administration/debug/debug-wordpress/">Debugging in WordPress</a> for more information. (This message was added in version 6.7.0.) in /var/www/html/wp-includes/functions.php on line 6121
[17-Jul-2025 04:05:19 UTC] [CHECK] Function "tutor_enroll_a_student" exists? NO
[17-Jul-2025 04:05:19 UTC] [CHECK] Function "tutor_utils" exists? YES
[17-Jul-2025 04:05:19 UTC] [CHECK] Function "tutor" exists? YES
[17-Jul-2025 04:05:19 UTC] [CHECK] Function "tutor_get_course_by_enrollment" exists? NO
[17-Jul-2025 04:05:24 UTC] PHP Notice:  Function _load_textdomain_just_in_time was called <strong>incorrectly</strong>. Translation loading for the <code>happyforms</code> domain was triggered too early. This is usually an indicator for some code in the plugin or theme running too early. Translations should be loaded at the <code>init</code> action or later. Please see <a href="https://developer.wordpress.org/advanced-administration/debug/debug-wordpress/">Debugging in WordPress</a> for more information. (This message was added in version 6.7.0.) in /var/www/html/wp-includes/functions.php on line 6121
[17-Jul-2025 04:05:32 UTC] [CHECK] Function "tutor_enroll_a_student" exists? NO
[17-Jul-2025 04:05:32 UTC] [CHECK] Function "tutor_utils" exists? YES
[17-Jul-2025 04:05:32 UTC] [CHECK] Function "tutor" exists? YES
[17-Jul-2025 04:05:32 UTC] [CHECK] Function "tutor_get_course_by_enrollment" exists? NO
[17-Jul-2025 04:05:37 UTC] PHP Notice:  Function _load_textdomain_just_in_time was called <strong>incorrectly</strong>. Translation loading for the <code>fv-player</code> domain was triggered too early. This is usually an indicator for some code in the plugin or theme running too early. Translations should be loaded at the <code>init</code> action or later. Please see <a href="https://developer.wordpress.org/advanced-administration/debug/debug-wordpress/">Debugging in WordPress</a> for more information. (This message was added in version 6.7.0.) in /var/www/html/wp-includes/functions.php on line 6121
[17-Jul-2025 04:05:44 UTC] PHP Notice:  Function _load_textdomain_just_in_time was called <strong>incorrectly</strong>. Translation loading for the <code>happyforms</code> domain was triggered too early. This is usually an indicator for some code in the plugin or theme running too early. Translations should be loaded at the <code>init</code> action or later. Please see <a href="https://developer.wordpress.org/advanced-administration/debug/debug-wordpress/">Debugging in WordPress</a> for more information. (This message was added in version 6.7.0.) in /var/www/html/wp-includes/functions.php on line 6121
[17-Jul-2025 04:05:52 UTC] PHP Warning:  session_start(): Session cannot be started after headers have already been sent in /var/www/html/wp-content/themes/astra/functions.php on line 311
[17-Jul-2025 04:05:53 UTC] [CHECK] Function "tutor_enroll_a_student" exists? NO
[17-Jul-2025 04:05:53 UTC] [CHECK] Function "tutor_utils" exists? YES
[17-Jul-2025 04:05:53 UTC] [CHECK] Function "tutor" exists? YES
[17-Jul-2025 04:05:53 UTC] [CHECK] Function "tutor_get_course_by_enrollment" exists? NO
[17-Jul-2025 04:05:56 UTC] PHP Warning:  Cannot modify header information - headers already sent by (output started at /var/www/html/wp-includes/functions.php:6121) in /var/www/html/wp-includes/functions.php on line 7168
[17-Jul-2025 04:05:56 UTC] PHP Warning:  Cannot modify header information - headers already sent by (output started at /var/www/html/wp-includes/functions.php:6121) in /var/www/html/wp-includes/functions.php on line 7144
[17-Jul-2025 04:05:57 UTC] PHP Warning:  Cannot modify header information - headers already sent by (output started at /var/www/html/wp-includes/functions.php:6121) in /var/www/html/wp-admin/admin-header.php on line 14
[17-Jul-2025 09:25:45 UTC] PHP Notice:  Function _load_textdomain_just_in_time was called <strong>incorrectly</strong>. Translation loading for the <code>fv-player</code> domain was triggered too early. This is usually an indicator for some code in the plugin or theme running too early. Translations should be loaded at the <code>init</code> action or later. Please see <a href="https://developer.wordpress.org/advanced-administration/debug/debug-wordpress/">Debugging in WordPress</a> for more information. (This message was added in version 6.7.0.) in /var/www/html/wp-includes/functions.php on line 6121
[17-Jul-2025 09:25:48 UTC] PHP Notice:  Function _load_textdomain_just_in_time was called <strong>incorrectly</strong>. Translation loading for the <code>fv-player</code> domain was triggered too early. This is usually an indicator for some code in the plugin or theme running too early. Translations should be loaded at the <code>init</code> action or later. Please see <a href="https://developer.wordpress.org/advanced-administration/debug/debug-wordpress/">Debugging in WordPress</a> for more information. (This message was added in version 6.7.0.) in /var/www/html/wp-includes/functions.php on line 6121
[17-Jul-2025 09:26:17 UTC] PHP Notice:  Function _load_textdomain_just_in_time was called <strong>incorrectly</strong>. Translation loading for the <code>happyforms</code> domain was triggered too early. This is usually an indicator for some code in the plugin or theme running too early. Translations should be loaded at the <code>init</code> action or later. Please see <a href="https://developer.wordpress.org/advanced-administration/debug/debug-wordpress/">Debugging in WordPress</a> for more information. (This message was added in version 6.7.0.) in /var/www/html/wp-includes/functions.php on line 6121
[17-Jul-2025 09:26:17 UTC] PHP Notice:  Function _load_textdomain_just_in_time was called <strong>incorrectly</strong>. Translation loading for the <code>happyforms</code> domain was triggered too early. This is usually an indicator for some code in the plugin or theme running too early. Translations should be loaded at the <code>init</code> action or later. Please see <a href="https://developer.wordpress.org/advanced-administration/debug/debug-wordpress/">Debugging in WordPress</a> for more information. (This message was added in version 6.7.0.) in /var/www/html/wp-includes/functions.php on line 6121
[17-Jul-2025 09:26:59 UTC] PHP Warning:  session_start(): Session cannot be started after headers have already been sent in /var/www/html/wp-content/themes/astra/functions.php on line 311
[17-Jul-2025 09:26:59 UTC] PHP Warning:  session_start(): Session cannot be started after headers have already been sent in /var/www/html/wp-content/themes/astra/functions.php on line 311
[17-Jul-2025 09:27:00 UTC] [CHECK] Function "tutor_enroll_a_student" exists? NO
[17-Jul-2025 09:27:00 UTC] [CHECK] Function "tutor_enroll_a_student" exists? NO
[17-Jul-2025 09:27:00 UTC] [CHECK] Function "tutor_utils" exists? YES
[17-Jul-2025 09:27:00 UTC] [CHECK] Function "tutor_utils" exists? YES
[17-Jul-2025 09:27:00 UTC] [CHECK] Function "tutor" exists? YES
[17-Jul-2025 09:27:00 UTC] [CHECK] Function "tutor" exists? YES
[17-Jul-2025 09:27:00 UTC] [CHECK] Function "tutor_get_course_by_enrollment" exists? NO
[17-Jul-2025 09:27:00 UTC] [CHECK] Function "tutor_get_course_by_enrollment" exists? NO
[17-Jul-2025 09:27:00 UTC] PHP Warning:  Cannot modify header information - headers already sent by (output started at /var/www/html/wp-includes/functions.php:6121) in /var/www/html/wp-includes/pluggable.php on line 1450
[17-Jul-2025 09:27:00 UTC] PHP Warning:  Cannot modify header information - headers already sent by (output started at /var/www/html/wp-includes/functions.php:6121) in /var/www/html/wp-includes/pluggable.php on line 1450
[17-Jul-2025 09:27:00 UTC] PHP Warning:  Cannot modify header information - headers already sent by (output started at /var/www/html/wp-includes/functions.php:6121) in /var/www/html/wp-includes/pluggable.php on line 1453
[17-Jul-2025 09:27:00 UTC] PHP Warning:  Cannot modify header information - headers already sent by (output started at /var/www/html/wp-includes/functions.php:6121) in /var/www/html/wp-includes/pluggable.php on line 1453
[17-Jul-2025 09:27:05 UTC] PHP Notice:  Function _load_textdomain_just_in_time was called <strong>incorrectly</strong>. Translation loading for the <code>fv-player</code> domain was triggered too early. This is usually an indicator for some code in the plugin or theme running too early. Translations should be loaded at the <code>init</code> action or later. Please see <a href="https://developer.wordpress.org/advanced-administration/debug/debug-wordpress/">Debugging in WordPress</a> for more information. (This message was added in version 6.7.0.) in /var/www/html/wp-includes/functions.php on line 6121
[17-Jul-2025 09:27:14 UTC] PHP Notice:  Function _load_textdomain_just_in_time was called <strong>incorrectly</strong>. Translation loading for the <code>happyforms</code> domain was triggered too early. This is usually an indicator for some code in the plugin or theme running too early. Translations should be loaded at the <code>init</code> action or later. Please see <a href="https://developer.wordpress.org/advanced-administration/debug/debug-wordpress/">Debugging in WordPress</a> for more information. (This message was added in version 6.7.0.) in /var/www/html/wp-includes/functions.php on line 6121
[17-Jul-2025 09:27:34 UTC] PHP Warning:  session_start(): Session cannot be started after headers have already been sent in /var/www/html/wp-content/themes/astra/functions.php on line 311
[17-Jul-2025 09:27:35 UTC] [CHECK] Function "tutor_enroll_a_student" exists? NO
[17-Jul-2025 09:27:35 UTC] [CHECK] Function "tutor_utils" exists? YES
[17-Jul-2025 09:27:35 UTC] [CHECK] Function "tutor" exists? YES
[17-Jul-2025 09:27:35 UTC] [CHECK] Function "tutor_get_course_by_enrollment" exists? NO
[17-Jul-2025 09:27:35 UTC] PHP Warning:  Cannot modify header information - headers already sent by (output started at /var/www/html/wp-includes/functions.php:6121) in /var/www/html/wp-includes/pluggable.php on line 1450
[17-Jul-2025 09:27:35 UTC] PHP Warning:  Cannot modify header information - headers already sent by (output started at /var/www/html/wp-includes/functions.php:6121) in /var/www/html/wp-includes/pluggable.php on line 1453
[17-Jul-2025 09:27:37 UTC] PHP Notice:  Function _load_textdomain_just_in_time was called <strong>incorrectly</strong>. Translation loading for the <code>fv-player</code> domain was triggered too early. This is usually an indicator for some code in the plugin or theme running too early. Translations should be loaded at the <code>init</code> action or later. Please see <a href="https://developer.wordpress.org/advanced-administration/debug/debug-wordpress/">Debugging in WordPress</a> for more information. (This message was added in version 6.7.0.) in /var/www/html/wp-includes/functions.php on line 6121
[17-Jul-2025 09:27:45 UTC] PHP Notice:  Function _load_textdomain_just_in_time was called <strong>incorrectly</strong>. Translation loading for the <code>happyforms</code> domain was triggered too early. This is usually an indicator for some code in the plugin or theme running too early. Translations should be loaded at the <code>init</code> action or later. Please see <a href="https://developer.wordpress.org/advanced-administration/debug/debug-wordpress/">Debugging in WordPress</a> for more information. (This message was added in version 6.7.0.) in /var/www/html/wp-includes/functions.php on line 6121
[17-Jul-2025 09:28:01 UTC] PHP Warning:  session_start(): Session cannot be started after headers have already been sent in /var/www/html/wp-content/themes/astra/functions.php on line 311
[17-Jul-2025 09:28:01 UTC] [CHECK] Function "tutor_enroll_a_student" exists? NO
[17-Jul-2025 09:28:01 UTC] [CHECK] Function "tutor_utils" exists? YES
[17-Jul-2025 09:28:01 UTC] [CHECK] Function "tutor" exists? YES
[17-Jul-2025 09:28:01 UTC] [CHECK] Function "tutor_get_course_by_enrollment" exists? NO
[17-Jul-2025 09:28:04 UTC] PHP Warning:  Cannot modify header information - headers already sent by (output started at /var/www/html/wp-includes/functions.php:6121) in /var/www/html/wp-includes/functions.php on line 7168
[17-Jul-2025 09:28:04 UTC] PHP Warning:  Cannot modify header information - headers already sent by (output started at /var/www/html/wp-includes/functions.php:6121) in /var/www/html/wp-includes/functions.php on line 7144
[17-Jul-2025 09:28:04 UTC] PHP Warning:  Cannot modify header information - headers already sent by (output started at /var/www/html/wp-includes/functions.php:6121) in /var/www/html/wp-admin/admin-header.php on line 14
[17-Jul-2025 10:06:13 UTC] PHP Notice:  Function _load_textdomain_just_in_time was called <strong>incorrectly</strong>. Translation loading for the <code>fv-player</code> domain was triggered too early. This is usually an indicator for some code in the plugin or theme running too early. Translations should be loaded at the <code>init</code> action or later. Please see <a href="https://developer.wordpress.org/advanced-administration/debug/debug-wordpress/">Debugging in WordPress</a> for more information. (This message was added in version 6.7.0.) in /var/www/html/wp-includes/functions.php on line 6121
[17-Jul-2025 10:06:16 UTC] PHP Notice:  Function _load_textdomain_just_in_time was called <strong>incorrectly</strong>. Translation loading for the <code>happyforms</code> domain was triggered too early. This is usually an indicator for some code in the plugin or theme running too early. Translations should be loaded at the <code>init</code> action or later. Please see <a href="https://developer.wordpress.org/advanced-administration/debug/debug-wordpress/">Debugging in WordPress</a> for more information. (This message was added in version 6.7.0.) in /var/www/html/wp-includes/functions.php on line 6121
[17-Jul-2025 10:06:20 UTC] PHP Warning:  session_start(): Session cannot be started after headers have already been sent in /var/www/html/wp-content/themes/astra/functions.php on line 311
[17-Jul-2025 10:06:20 UTC] [CHECK] Function "tutor_enroll_a_student" exists? NO
[17-Jul-2025 10:06:20 UTC] [CHECK] Function "tutor_utils" exists? YES
[17-Jul-2025 10:06:20 UTC] [CHECK] Function "tutor" exists? YES
[17-Jul-2025 10:06:20 UTC] [CHECK] Function "tutor_get_course_by_enrollment" exists? NO
[17-Jul-2025 10:06:20 UTC] PHP Warning:  Cannot modify header information - headers already sent by (output started at /var/www/html/wp-includes/functions.php:6121) in /var/www/html/wp-includes/pluggable.php on line 1450
[17-Jul-2025 10:06:20 UTC] PHP Warning:  Cannot modify header information - headers already sent by (output started at /var/www/html/wp-includes/functions.php:6121) in /var/www/html/wp-includes/pluggable.php on line 1453
[17-Jul-2025 10:06:21 UTC] PHP Notice:  Function _load_textdomain_just_in_time was called <strong>incorrectly</strong>. Translation loading for the <code>fv-player</code> domain was triggered too early. This is usually an indicator for some code in the plugin or theme running too early. Translations should be loaded at the <code>init</code> action or later. Please see <a href="https://developer.wordpress.org/advanced-administration/debug/debug-wordpress/">Debugging in WordPress</a> for more information. (This message was added in version 6.7.0.) in /var/www/html/wp-includes/functions.php on line 6121
[17-Jul-2025 10:06:23 UTC] PHP Notice:  Function _load_textdomain_just_in_time was called <strong>incorrectly</strong>. Translation loading for the <code>happyforms</code> domain was triggered too early. This is usually an indicator for some code in the plugin or theme running too early. Translations should be loaded at the <code>init</code> action or later. Please see <a href="https://developer.wordpress.org/advanced-administration/debug/debug-wordpress/">Debugging in WordPress</a> for more information. (This message was added in version 6.7.0.) in /var/www/html/wp-includes/functions.php on line 6121
[17-Jul-2025 10:06:28 UTC] PHP Warning:  session_start(): Session cannot be started after headers have already been sent in /var/www/html/wp-content/themes/astra/functions.php on line 311
[17-Jul-2025 10:06:28 UTC] [CHECK] Function "tutor_enroll_a_student" exists? NO
[17-Jul-2025 10:06:28 UTC] [CHECK] Function "tutor_utils" exists? YES
[17-Jul-2025 10:06:28 UTC] [CHECK] Function "tutor" exists? YES
[17-Jul-2025 10:06:28 UTC] [CHECK] Function "tutor_get_course_by_enrollment" exists? NO
[17-Jul-2025 10:06:28 UTC] PHP Warning:  Cannot modify header information - headers already sent by (output started at /var/www/html/wp-includes/functions.php:6121) in /var/www/html/wp-includes/pluggable.php on line 1450
[17-Jul-2025 10:06:28 UTC] PHP Warning:  Cannot modify header information - headers already sent by (output started at /var/www/html/wp-includes/functions.php:6121) in /var/www/html/wp-includes/pluggable.php on line 1453
[17-Jul-2025 10:06:31 UTC] PHP Notice:  Function _load_textdomain_just_in_time was called <strong>incorrectly</strong>. Translation loading for the <code>happyforms</code> domain was triggered too early. This is usually an indicator for some code in the plugin or theme running too early. Translations should be loaded at the <code>init</code> action or later. Please see <a href="https://developer.wordpress.org/advanced-administration/debug/debug-wordpress/">Debugging in WordPress</a> for more information. (This message was added in version 6.7.0.) in /var/www/html/wp-includes/functions.php on line 6121
[17-Jul-2025 10:06:36 UTC] [CHECK] Function "tutor_enroll_a_student" exists? NO
[17-Jul-2025 10:06:36 UTC] [CHECK] Function "tutor_utils" exists? YES
[17-Jul-2025 10:06:36 UTC] [CHECK] Function "tutor" exists? YES
[17-Jul-2025 10:06:36 UTC] [CHECK] Function "tutor_get_course_by_enrollment" exists? NO
[17-Jul-2025 10:07:13 UTC] PHP Notice:  Function _load_textdomain_just_in_time was called <strong>incorrectly</strong>. Translation loading for the <code>fv-player</code> domain was triggered too early. This is usually an indicator for some code in the plugin or theme running too early. Translations should be loaded at the <code>init</code> action or later. Please see <a href="https://developer.wordpress.org/advanced-administration/debug/debug-wordpress/">Debugging in WordPress</a> for more information. (This message was added in version 6.7.0.) in /var/www/html/wp-includes/functions.php on line 6121
[17-Jul-2025 10:07:15 UTC] PHP Notice:  Function _load_textdomain_just_in_time was called <strong>incorrectly</strong>. Translation loading for the <code>happyforms</code> domain was triggered too early. This is usually an indicator for some code in the plugin or theme running too early. Translations should be loaded at the <code>init</code> action or later. Please see <a href="https://developer.wordpress.org/advanced-administration/debug/debug-wordpress/">Debugging in WordPress</a> for more information. (This message was added in version 6.7.0.) in /var/www/html/wp-includes/functions.php on line 6121
[17-Jul-2025 10:07:21 UTC] PHP Warning:  session_start(): Session cannot be started after headers have already been sent in /var/www/html/wp-content/themes/astra/functions.php on line 311
[17-Jul-2025 10:07:21 UTC] [CHECK] Function "tutor_enroll_a_student" exists? NO
[17-Jul-2025 10:07:21 UTC] [CHECK] Function "tutor_utils" exists? YES
[17-Jul-2025 10:07:21 UTC] [CHECK] Function "tutor" exists? YES
[17-Jul-2025 10:07:21 UTC] [CHECK] Function "tutor_get_course_by_enrollment" exists? NO
[17-Jul-2025 10:07:21 UTC] PHP Warning:  Cannot modify header information - headers already sent by (output started at /var/www/html/wp-includes/functions.php:6121) in /var/www/html/wp-includes/pluggable.php on line 1450
[17-Jul-2025 10:07:21 UTC] PHP Warning:  Cannot modify header information - headers already sent by (output started at /var/www/html/wp-includes/functions.php:6121) in /var/www/html/wp-includes/pluggable.php on line 1453
